consumer_id,01/01/2014,02/01/2014,03/01/2014,04/01/2014,05/01/2014,06/01/2014,07/01/2014,08/01/2014,09/01/2014,10/01/2014,11/01/2014,12/01/2014,13/01/2014,14/01/2014,15/01/2014,16/01/2014,17/01/2014,18/01/2014,19/01/2014,20/01/2014,21/01/2014,22/01/2014,23/01/2014,24/01/2014,25/01/2014,26/01/2014,27/01/2014,28/01/2014,29/01/2014,30/01/2014,31/01/2014,01/02/2014,02/02/2014,03/02/2014,04/02/2014,05/02/2014,06/02/2014,07/02/2014,08/02/2014,09/02/2014,10/02/2014,11/02/2014,12/02/2014,13/02/2014,14/02/2014,15/02/2014,16/02/2014,17/02/2014,18/02/2014,19/02/2014,20/02/2014,21/02/2014,22/02/2014,23/02/2014,24/02/2014,25/02/2014,26/02/2014,27/02/2014,28/02/2014,01/03/2014,02/03/2014,03/03/2014,04/03/2014,05/03/2014,06/03/2014,07/03/2014,08/03/2014,09/03/2014,10/03/2014,11/03/2014,12/03/2014,13/03/2014,14/03/2014,15/03/2014,16/03/2014,17/03/2014,18/03/2014,19/03/2014,20/03/2014,21/03/2014,22/03/2014,23/03/2014,24/03/2014,25/03/2014,26/03/2014,27/03/2014,28/03/2014,29/03/2014,30/03/2014,31/03/2014,01/04/2014,02/04/2014,03/04/2014,04/04/2014,05/04/2014,06/04/2014,07/04/2014,08/04/2014,09/04/2014,10/04/2014,11/04/2014,12/04/2014,13/04/2014,14/04/2014,15/04/2014,16/04/2014,17/04/2014,18/04/2014,19/04/2014,20/04/2014,21/04/2014,22/04/2014,23/04/2014,24/04/2014,25/04/2014,26/04/2014,27/04/2014,28/04/2014,29/04/2014,30/04/2014,FLAG
C-00004,4.3438,4.6414,3.1661,6.8493,6.2863,1.8258,4.5394,4.9949,4.8881,5.5535,4.0645,3.8369,1.6369,6.0726,6.0307,6.7471,6.9544,5.5675,6.2311,5.8406,4.1489,5.8532,3.2191,6.7276,7.046,7.1258,4.2964,6.8383,6.5028,8.1732,5.0067,8.751,5.2905,3.4184,4.2982,4.9246,5.4753,6.9234,6.046,8.3559,3.3224,3.9941,4.0267,7.4629,7.2911,8.3477,5.2919,3.6713,6.454,7.4597,6.7105,7.8442,6.044,5.034,5.1439,5.0569,6.071,7.71,9.0086,8.9181,9.1913,1.9794,6.1988,9.001,4.8177,9.3417,8.7485,5.7513,4.6397,5.9247,7.6226,6.7154,7.3241,8.5747,5.2809,8.5223,5.8761,5.0032,5.961,8.6474,9.3143,4.8138,7.6729,7.3745,8.2407,8.1374,5.3281,8.9825,5.6932,5.1977,4.8692,6.4302,7.1129,8.4504,6.9564,6.5511,6.3899,7.4571,6.7893,5.9262,8.8664,6.4244,9.5881,4.8148,5.6423,5.9947,5.3102,5.0819,8.2914,8.9475,7.7085,6.8266,7.9943,7.199,6.3948,7.526,8.4651,6.8957,3.7855,7.8097,1
C-00007,5.1237,4.7022,5.0018,5.074,5.1485,5.0334,5.0517,4.5227,4.6022,4.8218,4.6767,5.0019,4.8329,5.1638,4.8565,4.7751,4.4706,5.1619,5.0229,4.8937,4.8147,5.1031,4.1474,4.3741,4.9764,4.8608,4.6209,4.6843,4.3335,4.086,4.2734,4.7271,5.0395,4.7176,4.5404,4.7932,4.22,4.1882,4.5424,4.3496,4.4381,4.43,4.3049,4.7474,4.2194,4.4704,4.3431,4.2976,4.1342,4.6746,3.7931,3.8255,4.4756,4.3818,4.7672,3.9003,4.3325,4.1402,3.9664,4.4442,4.0363,4.1452,4.4323,4.6213,3.5833,3.8123,4.3625,4.5111,4.4991,4.021,4.3269,3.9809,3.8966,4.3355,4.4219,4.3595,3.8898,4.0991,3.7663,3.8185,4.1311,4.2086,4.1095,4.0333,4.72,3.5699,3.9677,4.1306,4.3211,4.1761,4.1344,4.09,3.7422,3.8602,4.2737,4.1264,4.1001,4.0243,4.1974,3.7707,3.4532,4.2913,4.3029,4.2635,4.0122,4.5189,4.247,3.6895,4.292,4.2457,4.1382,4.2428,4.5971,3.7829,4.0932,4.3767,4.7354,4.1361,4.3568,4.3666,1
C-00008,8.2701,7.6863,7.7059,6.9681,6.5671,10.4308,8.2195,9.9643,6.5785,8.1584,5.5241,9.6987,4.2128,9.8761,13.4698,12.4715,12.7009,8.9694,8.0645,7.465,11.7211,9.0189,11.0861,9.9784,8.1531,6.5897,8.4043,7.7757,12.6149,12.1379,10.9612,9.6465,10.2503,10.5812,5.7204,12.8973,13.2575,9.8382,12.3616,6.5824,10.3649,9.7942,12.7539,13.0039,8.528,10.1406,10.4567,8.3684,6.5087,9.0394,12.2119,8.0796,9.9164,13.0621,11.9552,8.0507,11.1227,7.7443,9.8424,10.7324,10.9562,12.2439,11.3135,14.8064,12.0334,12.2129,12.296,11.997,7.2827,9.2895,13.9525,7.982,7.3939,8.1862,9.6278,11.0586,12.3446,9.5618,7.909,10.18,8.4985,10.5914,12.1879,8.9555,11.7934,13.5807,15.1418,11.42,12.8868,12.2944,6.8566,12.8513,14.2205,8.609,10.5017,12.2195,6.7942,7.4985,8.6424,12.0211,7.8962,11.1935,10.2368,12.0986,10.0777,12.096,10.2704,13.4506,13.4934,8.9223,8.1422,9.128,12.4713,13.7928,11.4597,8.6319,9.1462,7.2719,13.1015,12.6255,1
C-00010,4.9513,4.7259,4.3078,5.0505,4.9694,4.8858,4.5094,4.8613,4.2711,4.5702,4.674,4.9007,4.8438,4.9727,4.4049,4.5117,4.2974,4.7741,4.1028,5.0447,4.5312,4.6269,4.1479,4.0458,4.7313,4.3696,4.608,4.2825,4.9063,4.4452,3.8361,4.7332,4.5746,4.525,4.2041,5.0769,3.2966,3.5334,4.8313,4.622,4.3724,4.367,4.6514,3.5121,4.1194,4.4559,4.6165,4.6963,4.4994,4.4288,3.9282,3.2765,4.763,4.3024,4.5617,4.4945,4.6077,3.8542,3.9929,4.5742,4.0753,4.2828,4.3029,4.0207,3.9649,3.8341,4.3604,4.597,3.9969,4.5815,4.4083,3.7479,3.9109,4.2973,4.2417,4.3574,4.3046,4.3009,3.9495,3.9894,4.2581,4.0566,4.4765,4.6444,4.3927,3.7564,4.3108,4.3456,4.4475,4.2761,4.3375,4.253,4.0805,4.2658,4.3242,4.2271,4.4523,4.2182,4.1744,3.7368,4.0724,4.3019,4.2756,4.2302,4.5269,4.3452,3.7207,3.6224,4.5862,4.3629,4.5935,4.6797,4.576,4.2114,3.6782,3.8222,4.5631,4.4907,4.7171,4.6529,1
C-00011,2.0219,1.8866,2.0231,1.9439,2.0082,1.9093,1.9587,1.8727,1.7628,2.0559,1.8311,1.9397,1.9348,2.0087,2.1405,1.8773,1.7868,1.9106,1.7807,1.9073,1.8953,1.9391,1.7566,1.8939,2.0032,1.8059,1.8186,1.9266,1.8623,1.967,2.0294,1.7941,1.9893,1.8615,1.9151,1.835,1.8402,1.9202,1.9602,1.9362,1.8704,2.0413,1.8391,1.8219,1.8904,2.076,1.873,2.0671,2.1162,1.9792,1.6829,1.9403,1.9251,2.0315,2.059,1.7185,1.7561,1.9669,1.9165,1.888,2.1153,1.7319,2.0115,1.8623,1.7709,1.9444,1.8268,2.1193,1.8741,2.0208,1.9141,1.9892,1.9858,2.0377,1.8579,1.8829,2.0965,1.8712,1.9783,2.0027,1.965,1.8355,1.7995,1.9102,1.822,1.9934,2.1644,1.9575,2.0896,2.1276,1.952,1.8642,1.7454,1.9613,1.9977,1.8066,2.0712,2.0508,1.8323,1.8872,1.9577,2.1055,1.8724,1.944,1.7707,2.0553,1.9096,2.0112,2.0668,2.0323,1.9479,1.925,1.8322,1.8646,1.9624,1.9209,1.7827,1.9482,2.014,1.8044,1
C-00012,8.8887,9.0769,9.7525,8.4265,9.11,0.0,8.3889,0.0,0.0,9.4958,9.1573,9.642,8.5758,0.0,9.5796,8.8926,0.0,8.7192,9.3313,0.0,8.2387,0.0,0.0,9.5913,9.4826,9.8944,8.3218,0.0,0.0,8.5981,0.0,0.0,10.0504,0.0,8.166,9.2339,0.0,9.8029,0.0,0.0,8.4482,0.0,8.9634,9.8014,0.0,9.9439,0.0,8.9194,0.0,0.0,9.1962,9.0051,10.543,0.0,8.3492,0.0,0.0,10.4198,10.6532,0.0,0.0,8.2003,0.0,10.3701,0.0,10.7135,0.0,0.0,10.7838,0.0,0.0,0.0,0.0,0.0,10.5949,0.0,0.0,9.4147,0.0,9.8155,10.4738,9.7662,0.0,0.0,0.0,10.8165,11.4545,11.2184,10.0331,9.2191,9.1438,10.6006,0.0,11.1968,0.0,10.1711,0.0,0.0,0.0,0.0,10.6574,0.0,0.0,7.9232,0.0,0.0,9.4776,0.0,0.0,10.5239,0.0,8.2003,10.7247,9.6988,0.0,10.7544,9.613,0.0,0.0,0.0,1
C-00013,11.6077,12.5858,9.8171,8.9009,9.106,7.2202,6.5426,7.0324,7.4978,10.3294,9.3554,8.2244,5.7607,10.4039,13.2028,7.4521,5.8182,14.0068,7.725,7.8097,5.9149,7.6864,12.4714,14.4457,7.5256,13.2826,6.6786,4.8555,12.9549,11.2101,10.9121,10.5706,11.1284,8.2498,7.5158,8.6237,7.7086,9.0019,12.3077,12.8324,5.9778,7.2512,11.2222,14.705,13.7946,10.3926,13.1094,11.1985,6.9905,14.0236,13.5358,12.0476,9.6527,13.0447,12.6133,13.4073,14.6915,12.9245,11.6964,13.5006,11.6064,12.641,11.6574,11.2874,11.2258,6.6679,13.2631,11.3213,7.2603,8.9966,12.3394,8.3201,13.4931,8.1962,7.2307,10.1735,10.8831,11.1001,11.9764,11.3188,7.986,6.9749,5.5302,8.3301,14.6751,10.813,10.023,11.6611,7.2485,12.7502,6.9702,6.7501,6.8626,14.0764,8.1726,7.1981,8.6492,7.2256,11.5484,7.2715,13.5804,10.9084,11.5328,11.7521,11.8578,11.2889,12.5774,13.4638,11.7648,12.2807,11.319,9.0585,6.1341,11.1308,6.9067,8.2786,13.4668,9.507,7.2635,6.3028,1
C-00014,7.5852,7.19,7.6011,7.8138,6.4896,0.0,0.0,0.0,7.6822,8.5562,0.0,8.3799,0.0,0.0,8.0242,0.0,0.0,8.7,8.512,6.816,7.3748,7.9499,0.0,9.1515,0.0,0.0,6.5863,7.4022,0.0,0.0,0.0,0.0,8.8985,6.7567,7.1443,8.4405,8.6617,9.8046,0.0,9.0211,7.3279,7.9009,8.2766,9.6993,0.0,8.5651,0.0,0.0,7.044,9.4292,0.0,0.0,0.0,8.9695,7.2937,0.0,0.0,0.0,9.0368,8.1142,8.7273,0.0,0.0,8.3079,8.9634,0.0,0.0,0.0,0.0,7.5567,9.1473,9.6719,0.0,9.0741,0.0,9.0175,7.9583,0.0,10.0058,9.0743,0.0,8.2993,6.6942,8.7658,9.0598,8.8265,10.2387,0.0,0.0,9.3235,0.0,9.6044,9.8987,0.0,0.0,0.0,0.0,8.4193,9.1212,8.8475,0.0,0.0,9.1295,8.1125,6.9569,8.7547,9.7606,9.0871,9.2884,0.0,8.3467,0.0,9.7599,0.0,9.6806,9.096,0.0,0.0,0.0,9.2492,1
C-00015,11.5857,12.5356,10.8572,10.5559,11.1317,10.5925,10.789,10.1606,11.5608,11.8741,11.715,11.4815,10.7283,11.8144,11.3401,12.4972,11.2453,12.1502,12.2957,9.1994,11.0333,11.2714,12.2858,13.2185,11.9332,12.1406,11.8786,11.0023,12.794,13.5082,12.629,13.1478,12.0245,11.7477,11.1579,12.1299,12.2205,13.9053,12.5712,13.1697,12.4271,12.1436,14.0421,13.6496,12.6887,13.9848,12.1623,12.505,11.3707,13.8613,13.467,12.7938,14.1395,13.932,12.3714,12.059,13.5086,14.3134,13.4395,14.1228,14.3318,12.6428,12.7726,13.0827,12.8306,13.7368,1.9119,1.8108,1.6912,1.65,1.8554,1.8008,1.7051,1.866,1.8474,1.7075,1.5424,1.8643,1.9052,1.8549,1.8811,1.788,1.7232,1.7607,1.9921,1.8912,1.9252,1.7815,1.918,1.8042,1.625,1.8113,1.8776,1.8501,1.8778,1.8781,1.5512,1.8154,1.7587,1.7795,1.9131,1.9381,1.8168,1.6915,1.7583,1.8319,2.0361,1.9062,1.9362,1.9587,1.779,1.6824,1.8779,1.7782,1.7395,1.9389,1.7389,1.664,1.5059,1.7201,1
C-00017,8.4405,6.4164,12.9421,8.5763,10.2969,5.705,6.8388,12.5444,9.0145,12.3837,11.0522,10.9116,5.3861,7.3169,7.723,7.8287,5.5613,6.7625,8.4201,12.15,6.5506,8.0845,14.1857,11.8225,7.573,9.5494,6.7015,5.0379,8.9719,12.3011,10.5154,11.141,7.3937,7.1877,7.6562,8.9857,11.2673,11.6687,12.0619,13.4408,9.9939,8.2526,9.9361,12.6237,9.0942,9.9701,11.4067,11.8896,11.978,10.7703,9.2611,8.1503,7.6603,8.535,7.808,6.8973,12.7488,8.4546,12.1035,10.6572,11.5713,11.826,6.6716,7.8644,7.5405,9.5267,10.5769,14.7866,9.9431,7.7619,10.77,11.8383,10.0052,8.4409,13.4788,7.9375,11.3224,12.0876,8.7479,10.2464,13.1173,9.8423,9.1504,8.5292,12.267,8.6104,14.904,15.2058,11.8393,8.053,12.4083,10.0875,10.834,14.4203,8.2416,9.9164,12.075,9.8318,9.1553,13.0055,14.8926,10.3092,12.587,12.9013,11.7037,11.9389,12.2132,12.3699,9.2019,14.4084,9.1966,6.83,15.369,12.631,13.244,8.6727,14.0836,11.5992,10.189,13.936,1
C-00021,7.2974,6.4818,6.0285,7.174,6.9501,7.1656,6.2804,6.5197,6.7974,6.2241,6.3498,6.6501,6.8661,6.5785,6.2457,6.3449,6.0046,6.5236,6.5401,6.3176,6.4756,6.3324,6.1518,6.3253,6.4215,6.4027,6.0736,6.3798,5.9873,5.299,5.8983,6.1767,6.0516,5.9335,6.076,6.2622,5.4537,6.0468,6.1189,5.9114,6.2675,5.7805,5.9817,5.413,4.561,6.2799,5.9249,5.9338,5.8869,5.3642,4.6069,5.4347,5.3903,5.3588,5.0213,4.8369,5.3689,5.018,5.2451,5.6095,5.3316,5.3756,5.6268,5.2721,4.6621,4.5673,5.0672,5.6585,5.0089,5.415,5.6765,4.9873,4.7418,5.4306,5.3092,5.6008,5.1421,5.1031,4.8064,4.1416,5.2174,5.3203,4.944,5.2081,5.6011,4.5235,4.4409,5.3744,5.5077,5.3162,5.2896,5.1815,4.5054,4.9305,5.3982,5.3606,5.0854,4.9925,5.1353,4.3112,4.5712,5.6587,5.0231,5.1928,5.2408,5.5671,4.6445,4.9344,5.557,4.8648,4.8916,5.1545,5.0758,4.5834,4.2608,5.2676,5.9453,5.2124,5.7461,5.3998,1
C-00023,4.5697,4.1819,4.1206,4.3409,5.1441,4.4582,5.1574,5.1565,3.8633,4.0083,5.1908,5.0206,4.4996,4.3022,4.2467,3.9141,4.5148,4.9039,4.679,4.4777,5.0681,4.6399,4.0178,3.8055,4.7254,4.4923,4.5981,4.7129,5.0095,3.9471,3.2746,4.5115,4.3574,4.4509,4.3442,4.8274,3.5547,4.0539,4.2995,3.8881,4.1609,4.8709,4.9138,3.8453,4.0083,4.2039,4.3972,4.4109,4.5143,4.6406,4.0373,3.3601,4.4098,4.3214,4.0065,4.4927,4.3046,3.7108,3.4554,4.2291,4.1117,4.5314,4.2075,3.9581,3.0761,2.8208,3.8393,4.3006,3.9858,3.8462,4.0173,3.7725,4.0075,4.3119,3.7789,4.055,4.4014,4.6039,3.2347,2.8357,3.966,4.4037,4.6805,4.6611,3.8877,3.7145,3.6313,3.3025,4.6425,4.6164,3.8922,4.3694,3.8679,3.2403,4.3913,4.1319,3.8946,4.9256,4.345,3.8435,3.0383,4.1893,4.7529,4.0323,4.208,3.6822,3.6872,3.3419,3.8078,3.9702,4.0229,4.2215,3.9845,3.6978,3.6566,4.1825,3.8668,4.8498,4.3043,3.9428,1
C-00024,1.7486,1.4915,1.4484,1.6586,1.8369,1.377,1.5955,1.738,0.7047,1.2972,1.4001,1.4024,1.5459,1.416,1.6175,0.9821,1.0539,1.2701,1.3495,1.6385,1.4226,1.3672,1.3634,0.9167,1.305,1.5291,1.4197,1.5345,1.5922,0.9553,1.0532,1.3397,1.4217,1.4332,1.4902,1.0298,1.0827,1.0596,1.3989,1.2189,1.2123,1.4077,1.4512,0.8601,1.0186,1.1579,1.1828,1.339,1.4234,1.2908,1.1097,0.8122,1.3458,1.2291,0.8874,0.8372,1.0784,0.9854,0.7669,1.2455,1.2819,1.0505,1.3063,1.1717,0.3315,0.7417,1.0693,1.0662,1.2972,1.0517,1.0414,0.4927,0.76,1.1473,1.0951,1.3533,1.1804,1.283,0.7641,0.8317,0.9094,1.0131,1.2472,1.2105,1.1928,0.6407,1.0561,1.1712,0.9485,0.9386,0.8934,1.0007,0.5607,0.7909,1.1679,1.1844,1.0779,1.0722,0.8932,0.6291,0.7854,1.2605,1.0771,1.1435,1.1166,1.1121,0.7625,1.095,0.9713,1.2413,1.2906,1.2188,1.2191,0.7006,0.5844,1.2748,1.031,0.9296,1.3166,1.2028,1
C-00026,8.0144,7.6721,7.4306,7.7475,6.7949,0.0,6.5046,7.346,7.3116,7.3195,7.8119,0.0,0.0,0.0,0.0,0.0,7.4008,0.0,7.4161,0.0,6.8207,7.6606,0.0,0.0,7.6858,7.4002,0.0,6.0411,9.3285,8.3848,0.0,0.0,8.6209,0.0,7.6667,8.9523,8.1566,0.0,8.2405,0.0,6.7081,7.7425,0.0,9.3217,7.828,0.0,0.0,8.6175,0.0,10.4243,9.994,8.7115,8.6815,0.0,7.8567,0.0,9.2549,0.0,9.5187,0.0,0.0,0.0,8.6651,8.6074,0.0,0.0,0.0,0.0,7.9269,8.1491,9.3286,8.5114,8.8415,9.0437,0.0,8.1112,8.3623,0.0,9.8177,9.0268,9.154,9.2273,8.163,0.0,9.4035,0.0,8.7294,0.0,0.0,0.0,7.6144,9.7231,10.03,9.4438,0.0,0.0,0.0,0.0,9.3878,9.5079,9.8513,0.0,9.5202,7.9549,6.8684,9.321,8.242,9.4736,7.8327,0.0,0.0,7.5334,0.0,0.0,0.0,0.0,0.0,6.916,8.2183,8.6877,1
C-00027,1.9205,2.131,2.1975,2.3239,2.0698,1.7045,1.2007,2.0126,2.1265,1.9025,2.0111,1.5748,1.6613,1.7329,2.6131,2.0197,2.056,2.2517,1.8375,2.005,1.8194,1.9796,2.1885,2.225,2.2687,1.94,2.0399,1.8786,2.4884,1.8641,2.2508,2.3173,2.106,1.9403,1.6305,2.5658,2.7203,2.1569,2.5748,2.6314,2.0018,1.8435,2.0307,2.5604,2.3867,2.2657,2.3606,2.5197,1.9779,2.5795,2.1202,2.7359,2.5325,2.2589,2.1478,2.2999,2.3874,2.4962,2.5472,2.5861,2.5256,1.9967,1.8137,2.45,2.9179,2.5128,2.2356,2.3892,1.6236,2.1453,2.4956,2.5049,2.4716,2.8081,2.8269,2.074,1.8113,2.7794,2.7024,2.3018,2.7845,3.0589,2.5137,2.3826,2.5713,2.7263,2.7461,2.4305,2.678,2.1843,2.3281,2.3548,2.8567,2.6285,2.7303,2.5839,1.9334,2.1282,2.2921,2.1566,2.9329,2.1696,2.6768,1.6507,1.6667,2.45,2.3306,2.5758,2.7649,2.7032,2.3091,2.2272,2.3402,2.5815,2.2427,2.1103,2.0322,2.414,2.3874,2.4351,1
C-00029,1.344,1.1454,1.0556,1.1626,1.159,1.0126,0.695,1.4666,1.6614,0.811,1.1257,1.331,0.9074,0.7107,1.1385,1.6373,1.6617,1.2379,1.253,1.3864,1.3194,1.2788,1.6415,1.6781,1.7311,1.6081,1.0004,1.3871,1.5739,1.3765,1.4128,1.7554,1.865,1.2521,1.4407,1.6456,1.3109,1.2416,1.1438,1.7013,0.9678,1.5515,1.5808,1.9927,1.425,1.5701,1.3241,1.355,1.2888,1.6855,1.5534,1.5993,1.6421,1.5984,1.4416,1.3603,1.5793,1.7927,1.7228,1.8665,1.6152,1.5466,1.6059,1.8464,1.8213,1.7241,1.5024,1.7409,1.2762,1.2786,1.7085,1.4387,2.0348,1.8096,1.7414,1.1986,1.5208,1.4323,1.8044,1.9843,1.8814,1.4291,1.5893,1.1625,1.452,1.782,1.7182,1.7157,1.8451,1.2662,1.3874,1.6545,1.8609,1.4349,1.8191,2.0745,1.3682,1.195,1.8058,1.9016,1.6036,1.8755,1.5519,1.1582,1.3462,2.111,1.7915,1.6842,1.6821,1.8298,1.5215,1.1523,1.9427,1.6159,1.7352,2.2056,1.5052,0.8998,1.4018,1.7744,1
C-00032,3.7036,3.0418,3.5439,3.6081,4.0137,3.686,3.645,3.9177,3.3756,3.5163,3.8709,3.7198,3.6267,3.8435,3.427,3.1456,3.331,3.6043,3.3556,3.3238,3.1152,3.3244,2.6601,2.4832,3.1362,3.3903,3.4995,3.2505,3.0259,2.8379,2.8459,3.0862,3.0201,3.3353,3.6084,3.0724,2.9788,2.5903,3.339,3.0779,3.3956,3.1258,2.6061,2.708,1.8789,2.979,2.9411,2.9043,3.078,2.6035,2.1905,2.6487,3.2942,2.8667,2.5032,2.781,2.7894,2.4292,2.214,2.6591,2.673,2.7254,2.9955,2.6239,2.2867,2.5274,2.6494,2.5076,2.9367,2.7763,3.2156,1.8602,1.9133,2.4858,2.4018,2.2678,2.4522,2.8843,2.0705,2.6262,2.5699,2.6105,2.8651,2.391,2.634,2.1159,2.2112,2.8212,2.7267,2.5081,2.6319,2.6112,1.7497,2.1962,2.2041,2.3652,2.8849,2.0712,2.666,1.7665,1.9643,2.3981,2.1901,2.6906,2.9883,2.4105,2.5086,2.2489,2.7149,2.6915,2.3311,2.9747,2.6296,2.5938,1.9245,2.6671,2.4198,2.784,2.5538,2.5611,1
C-00033,2.1827,2.1268,2.2906,2.388,2.3427,2.2731,2.1065,2.5657,2.5471,2.5004,2.3463,2.4491,2.1498,1.9455,2.6476,2.4798,2.4286,2.5177,2.4549,2.1227,2.2802,2.4723,2.5685,2.5932,2.5634,2.6449,2.4573,2.2829,2.4779,2.4227,2.3936,2.5115,2.4178,2.2065,2.3402,2.301,2.7503,2.3491,2.4171,2.5276,2.3904,2.183,2.635,2.6873,2.526,2.3881,2.6564,2.3968,2.1745,2.3562,2.4129,2.6153,2.5811,2.5462,2.4242,2.3025,2.5402,2.6088,2.3914,2.4453,2.728,2.1388,2.4031,2.594,2.3961,2.4795,2.7226,2.5876,2.4965,2.2724,2.2592,2.7276,2.681,2.6479,2.7148,2.4087,2.0571,2.8471,2.6472,2.6065,2.4738,2.848,2.433,2.2884,2.2655,2.7529,2.422,2.5305,2.6482,2.5022,2.3085,2.7118,2.808,2.5465,2.7775,2.3599,2.4348,2.5162,2.8123,2.5061,2.69,2.6925,2.5195,2.2033,2.3409,2.6397,2.4844,2.3077,2.7263,2.4615,2.3707,2.3754,2.412,2.4664,2.713,2.6245,2.6326,2.46,2.2042,2.6356,1
C-00038,2.4481,2.5629,2.5244,2.5322,2.5631,2.6947,2.7109,2.4307,2.6394,2.4857,2.5677,2.5668,2.5027,2.4789,2.6349,2.6376,2.4431,2.5403,2.4974,2.5133,2.433,2.462,2.4304,2.5815,2.4058,2.3966,2.7095,2.6691,2.5261,2.577,2.5983,2.4711,2.5991,2.4515,2.627,2.5529,2.5423,2.5234,2.5842,2.4541,2.6086,2.651,2.5745,2.4627,2.651,2.5542,2.555,2.6778,2.5373,2.7177,2.5829,2.5457,2.6727,2.5259,2.8511,2.7064,2.5777,2.6071,2.6606,2.7073,2.4773,2.5085,2.5636,2.6003,2.7782,2.6476,2.5924,2.6584,2.596,2.5434,2.6029,2.5396,2.5898,2.5332,2.5281,2.5125,2.5239,2.5918,2.571,2.4296,2.6151,2.3623,2.6564,2.7636,2.6614,2.5805,2.5687,2.4065,2.4707,2.6908,2.655,2.5014,2.5013,2.5581,2.5679,2.5143,2.6113,2.6087,2.6253,2.8062,2.5851,2.6735,2.5075,2.4726,2.5295,2.578,2.648,2.8669,2.5159,2.5243,2.6423,2.4956,2.5156,2.5709,2.6184,2.5504,2.7113,2.6309,2.6342,2.4182,1
C-00041,0.0,6.3025,6.91,7.3757,0.0,5.3439,0.0,0.0,7.6524,0.0,7.1741,6.8384,0.0,0.0,6.6564,6.8244,0.0,0.0,6.8724,6.2974,5.6867,0.0,8.2658,0.0,7.7707,7.6769,7.2238,0.0,0.0,0.0,0.0,8.3659,0.0,0.0,0.0,8.4649,0.0,0.0,0.0,7.8296,6.6281,0.0,7.8937,8.4805,0.0,7.8189,0.0,6.1728,0.0,8.1177,8.4448,0.0,0.0,8.7732,7.3357,0.0,0.0,9.4226,0.0,0.0,0.0,7.677,0.0,8.3388,8.9986,8.5336,0.0,8.0867,0.0,6.8633,8.3494,9.6585,7.9696,8.8615,8.7238,0.0,6.6093,0.0,8.5318,0.0,8.8471,10.0478,8.1463,8.3263,8.7448,7.8966,0.0,0.0,9.4088,8.4343,0.0,0.0,7.955,8.8124,8.5043,9.6238,0.0,0.0,8.7569,7.8612,8.447,0.0,9.1138,0.0,0.0,0.0,0.0,0.0,0.0,7.6983,0.0,0.0,8.3554,0.0,8.2371,7.6693,0.0,5.2656,7.3198,0.0,1
C-00042,14.3616,0.0,14.6244,14.8203,14.7742,13.2046,13.1179,13.9289,14.6469,14.9076,14.8897,13.1707,0.0,0.0,14.6304,0.0,0.0,15.2383,14.7165,13.0923,13.5843,0.0,0.0,14.6063,0.0,14.3602,0.0,13.086,14.898,15.31,14.9922,14.812,14.3686,0.0,0.0,14.5094,0.0,15.2815,15.4786,0.0,14.3509,13.4216,13.9453,15.1961,0.0,0.0,0.0,14.4796,13.5266,14.8825,0.0,0.0,0.0,0.0,0.0,0.0,0.0,16.4596,14.1463,15.3967,0.0,14.7276,0.0,15.7436,15.6928,0.0,15.7385,0.0,12.6483,14.0681,16.1487,16.4855,16.0269,15.2841,0.0,14.5914,14.367,0.0,16.4316,0.0,0.0,16.636,0.0,0.0,0.0,16.2998,15.4834,15.8303,15.5048,0.0,13.618,0.0,15.4178,16.0843,15.3535,0.0,14.558,14.4949,0.0,0.0,0.0,15.5899,0.0,13.5269,0.0,15.8119,14.0372,15.47,0.0,0.0,14.0803,13.454,0.0,0.0,0.0,16.3769,15.863,13.7062,0.0,0.0,1
C-00043,11.7704,0.0,13.2669,0.0,12.4424,0.0,11.6764,12.6155,13.3329,13.2966,12.2168,0.0,0.0,11.2722,0.0,13.7746,0.0,0.0,13.5852,0.0,0.0,0.0,0.0,13.6116,0.0,0.0,12.7002,13.1431,0.0,0.0,13.9837,0.0,14.2449,0.0,0.0,14.6868,14.2815,0.0,0.0,0.0,13.4006,0.0,0.0,15.726,15.5532,0.0,0.0,0.0,12.9633,0.0,0.0,15.4886,15.7711,14.5442,0.0,14.4231,0.0,14.6053,16.666,15.44,0.0,0.0,14.5848,0.0,0.0,15.1448,0.0,0.0,14.9642,13.1365,16.1961,0.0,15.3668,15.7858,16.0364,15.0553,13.0572,14.7542,15.5101,16.9081,15.8376,16.5103,0.0,14.3954,0.0,15.3646,0.0,15.9682,16.103,13.5856,13.7736,16.4582,16.2286,0.0,0.0,15.3177,14.3835,14.1514,0.0,16.0098,16.082,0.0,0.0,0.0,13.2879,14.7861,0.0,0.0,0.0,0.0,14.9632,15.0271,16.5051,16.374,0.0,15.6626,15.3624,13.8615,0.0,15.7458,1
C-00044,2.1301,1.8269,1.9686,1.8848,1.9904,1.7301,1.6438,2.1678,1.8126,1.8538,1.7471,2.0959,1.6644,1.6309,1.8865,2.0992,1.9039,1.9497,2.222,1.599,1.9048,1.8729,1.9246,2.1191,2.1591,2.1887,1.8602,2.2167,2.2672,1.9362,2.0938,2.1731,1.9457,1.9874,1.7282,2.0112,2.1817,1.9836,1.9929,2.1426,1.9782,1.8773,2.1554,2.0569,2.3609,2.2787,2.334,2.0948,2.235,2.5346,2.4431,2.1787,2.37,2.2225,1.9524,1.9508,2.4752,2.3913,2.3399,2.1728,2.3295,2.2658,2.1436,2.6102,2.3633,2.4106,2.3446,2.2807,2.1374,2.1644,2.5715,2.1818,2.4002,2.542,2.4591,1.9291,2.0258,2.4192,2.2564,2.3782,2.6289,2.456,2.2634,2.1199,2.2353,2.5155,2.2093,2.4325,2.3883,1.814,1.9224,2.6404,2.4485,2.2592,2.0375,2.4415,1.9995,1.9736,2.48,2.3955,2.498,2.3253,2.5542,1.8546,2.1136,2.3708,2.3432,2.4015,2.4779,2.7449,2.1624,1.9951,2.3446,2.4697,2.1779,2.4557,2.544,2.1489,1.9017,2.2002,1
C-00048,6.3598,3.7894,4.5809,4.3522,3.6799,6.542,5.5508,5.3603,4.6292,4.3564,5.2835,4.0941,4.1161,6.1388,4.6623,5.5786,7.2445,5.4345,3.3673,3.6737,4.025,5.9859,6.3592,6.5718,6.0104,4.7024,4.73,5.1148,6.628,6.0329,6.604,4.0887,4.915,2.9302,3.6044,4.5515,4.9237,3.666,4.0436,4.0583,3.4037,3.1224,6.0487,5.0291,6.1049,7.7673,7.0762,5.0996,4.8437,6.5121,8.0868,4.2722,6.3533,7.2004,2.5155,3.334,6.3293,7.0511,6.4109,8.2904,5.1883,5.2808,5.8281,5.5389,7.6775,6.1913,8.03,4.9026,3.5912,2.5941,5.4006,7.2272,7.558,7.4683,4.9726,7.1758,5.7485,5.0145,8.1737,5.1313,4.9409,7.8002,6.1446,3.4581,7.1178,6.1838,6.6548,4.3443,5.3514,5.3861,4.08,6.0131,7.6825,5.8891,6.4325,6.0723,6.8464,4.7021,6.6546,6.139,7.1312,7.47,4.0274,3.9125,4.7089,6.3568,4.4175,5.2422,8.1654,5.6491,4.6758,5.9676,5.9868,4.8861,7.4259,5.3236,5.8187,5.8545,5.3774,6.8448,1
C-00049,1.9675,1.7387,1.891,1.7225,1.7752,1.7935,1.856,1.8059,1.7073,1.825,1.7549,1.8145,1.9798,1.8105,1.7829,1.7037,1.5871,1.8232,1.8332,1.8676,1.9165,1.6686,1.5927,1.9177,1.5719,1.8359,1.735,1.8658,1.6926,1.8326,1.7144,1.798,1.8083,1.8924,1.7913,1.7373,1.8682,1.9603,1.6672,1.7057,1.8461,1.9116,1.8405,1.8512,1.9078,1.9456,1.7971,2.0693,1.7549,1.7648,1.9715,1.8399,1.906,1.8044,1.7711,1.8972,1.8384,1.6148,1.7298,1.6741,1.857,1.8509,1.7157,1.5977,1.904,1.6918,1.8052,1.7471,1.8492,1.9478,1.8168,1.7535,1.8252,1.5289,1.7396,1.9736,1.5506,1.7661,1.8893,1.7234,1.8641,1.8033,1.7202,1.6968,2.0422,1.9582,1.6707,1.6371,1.7649,1.7411,1.7596,1.9258,1.9523,1.9936,1.8603,1.8398,1.9723,1.7978,1.7563,1.7478,1.7674,1.8107,1.6351,1.7488,1.7104,1.9028,1.7719,1.5796,1.8098,1.8087,1.7793,1.8354,1.7041,1.6727,1.8213,1.8305,1.8515,1.6034,1.8968,1.8829,1
C-00050,7.434,6.9105,4.8747,8.6811,8.9862,8.076,4.401,6.2415,6.3368,9.4685,6.2308,4.8514,7.3966,5.95,5.7647,4.8531,10.5845,5.013,8.1668,8.3736,6.4834,8.7523,9.8061,7.3682,9.2884,10.077,3.8124,8.1673,8.0383,5.9319,6.6434,9.3283,8.9366,8.8724,8.5738,8.3999,10.7911,8.708,8.6671,9.7799,8.2053,9.3118,10.0381,8.4385,10.477,10.81,7.0116,7.319,5.3709,7.7619,11.8773,8.8051,11.9689,7.7641,10.3653,8.4981,7.8483,11.4089,8.1129,11.745,8.8616,8.8302,8.6834,6.3313,9.4025,9.2893,7.6191,6.9992,5.5699,8.5755,10.078,11.0458,11.0705,7.3387,12.0539,8.9222,6.3516,7.6478,6.8433,9.4203,9.1974,7.855,9.8556,6.5357,8.7386,9.8638,10.6867,10.1299,11.2869,10.5022,7.2122,8.3227,9.0036,8.993,7.8741,11.8792,8.0274,6.2416,9.0126,10.0453,12.7855,8.1657,8.6303,10.6604,5.8289,7.162,11.7566,8.4401,8.1292,10.3529,7.9593,8.1651,7.507,7.4089,7.1968,9.0995,9.1275,8.6905,8.9235,8.691,1
C-00054,13.9341,14.4454,15.0197,13.6028,14.6261,13.4237,13.0217,15.2835,14.5577,14.8038,14.1474,14.659,13.7219,13.8071,14.6272,14.8029,15.4045,13.4644,15.4693,14.5171,14.6192,15.2567,14.7376,15.4334,14.9506,14.7648,15.2385,14.0314,14.6651,15.2486,15.4175,15.8716,15.8296,13.9967,14.8453,15.801,15.8019,16.6481,15.1477,15.7506,14.5268,15.0399,16.199,16.5535,17.1015,15.7669,15.1844,14.8985,14.3131,15.8155,16.6585,16.7694,16.5706,16.5751,15.5425,15.3518,15.4086,16.8638,14.5112,16.254,17.0251,14.286,14.5112,15.7801,16.9059,17.3254,16.6086,15.7323,14.9762,14.6169,16.7502,16.6368,16.5593,17.7154,15.7906,14.534,15.1703,16.9968,18.1747,16.26,16.4278,17.1761,16.078,15.2156,16.7748,16.345,16.6608,15.7164,15.8565,15.7758,15.4373,16.4953,15.516,17.064,16.8115,15.9538,15.5533,15.8225,16.9728,16.6204,16.2325,16.9874,16.8399,15.4597,16.5948,16.6328,16.2525,16.0698,15.6956,16.1097,15.2601,16.6932,15.3757,16.2153,16.6555,16.5997,16.7059,14.7913,15.0249,16.5934,1
C-00055,13.7286,13.4425,13.953,13.1789,13.5952,13.8742,11.1755,13.6736,13.9043,14.6379,14.3063,13.9368,12.3946,12.2384,13.6074,14.8965,13.5386,14.9553,14.2654,12.6004,11.7673,14.8931,13.1758,14.6293,13.6503,14.9911,12.8265,13.5213,14.6547,15.1242,15.3431,14.9926,15.0097,14.3008,1.8143,1.9591,1.8573,1.7606,1.7855,1.9623,1.7146,1.6515,1.8599,1.9739,1.8771,1.9138,1.8036,1.8153,1.7467,1.7944,1.9067,2.0095,1.9328,1.9779,1.8208,1.7868,1.9271,1.9082,2.0317,2.0809,2.1168,1.7551,1.7865,1.8808,1.9937,1.9432,2.037,1.9239,1.8961,1.9053,2.0811,2.0181,2.0301,1.9859,2.0508,1.8336,2.0086,1.9601,1.9097,2.069,2.1732,2.0013,1.7774,1.9721,2.0702,2.0525,1.99,2.041,1.9541,2.0565,1.9057,2.0936,2.0226,2.0127,2.0382,1.9224,1.9591,1.9961,2.0678,1.9588,2.1201,2.0337,1.9925,1.9478,1.9095,1.9306,2.0585,2.0517,1.9069,2.0473,1.9432,1.8688,2.0075,2.0148,2.0286,1.9289,1.9688,1.7909,1.7877,1.8696,1
C-00059,7.2579,7.4541,6.7859,6.6876,7.1419,6.7419,6.1882,6.7561,7.4836,7.1762,7.4622,7.522,6.8821,5.9927,6.9375,7.0748,7.8478,7.4921,7.5156,6.7043,6.3918,7.549,7.3099,7.4438,7.743,7.5363,7.486,7.2191,7.876,7.607,7.2236,7.491,7.1703,7.2177,7.1031,7.701,7.6305,8.0388,8.0216,7.3513,7.4697,7.7521,7.3066,7.9817,8.2729,7.8939,7.8855,7.3362,7.173,7.1955,7.1325,7.888,7.75,7.691,7.0799,7.3227,7.4994,7.7099,8.1324,7.9201,7.54,7.2338,7.328,8.2139,8.4864,8.0182,7.6884,7.6303,7.289,7.2725,8.1759,7.6219,7.7658,8.4428,7.9437,7.4097,7.3872,8.5208,8.1252,7.4766,7.5184,8.0173,6.9867,7.1174,7.9147,8.2101,7.9865,8.0826,8.2494,7.4737,7.1716,7.7382,7.7218,7.606,7.7919,7.9257,7.049,8.0862,8.3621,7.8498,7.9574,8.0129,8.3263,7.913,7.7523,7.7023,7.9971,8.1301,7.8902,8.6579,7.5577,7.3448,7.7226,7.5305,7.8198,7.8378,8.181,7.3443,7.6363,7.9874,1
C-00063,5.7569,5.6309,5.6595,5.644,5.7497,5.4088,5.0688,5.6813,5.5724,5.7462,5.9967,5.8762,5.6235,5.0882,6.365,6.1239,5.7541,5.8769,6.0307,5.403,5.5843,6.2638,5.9237,5.9109,6.2977,6.0889,5.5399,6.1754,6.0605,6.0397,5.69,6.3785,5.9364,5.5153,5.7646,6.2189,6.4754,5.7767,6.419,6.2686,5.6428,5.2501,6.172,6.0754,5.8922,6.1073,6.3781,5.6321,6.0285,5.8286,5.9852,6.3148,6.4147,6.8756,5.9534,5.7117,6.3709,6.2599,6.354,6.44,6.4498,5.4516,5.591,6.138,6.2974,6.4193,6.4085,6.6777,5.3227,5.1928,6.7245,7.0009,6.1926,6.4866,6.7457,5.5332,6.4251,5.9561,6.4651,6.3726,6.3909,6.1,5.8362,6.036,5.8919,6.5662,5.8343,6.3914,6.5213,5.4756,5.6425,6.2903,6.1881,6.067,6.4537,6.226,5.8453,6.0254,6.6723,6.4415,6.3987,6.3483,6.2782,5.6288,5.7192,6.079,6.6944,6.2822,6.4241,6.1837,5.5215,6.4911,5.8669,6.5638,6.6235,6.0512,6.185,5.2138,5.6633,6.0992,1
C-00065,0.0,0.0,14.232,14.2913,0.0,0.0,12.1608,14.7968,0.0,13.6991,14.0073,12.4405,0.0,12.4279,0.0,13.3907,14.597,14.2987,0.0,12.7215,0.0,13.1546,14.253,15.1791,0.0,0.0,12.4052,12.7673,0.0,13.3575,14.0663,0.0,0.0,0.0,12.3407,14.5885,14.4679,14.3937,15.0321,0.0,13.7743,0.0,0.0,0.0,13.6226,14.7595,0.0,13.5115,12.7547,0.0,13.6238,0.0,14.131,0.0,13.6032,14.4612,14.12,14.2764,14.9179,0.0,14.8164,13.6945,0.0,15.6517,14.4958,14.3703,14.1909,14.6357,13.864,12.99,0.0,0.0,0.0,14.5453,14.7992,0.0,0.0,0.0,15.11,14.3948,14.1155,0.0,13.6279,14.5608,14.2659,15.0491,0.0,15.3554,0.0,0.0,14.6299,0.0,15.3435,0.0,14.9617,14.7675,12.9678,14.0912,15.2683,0.0,15.9017,14.7296,13.7948,14.3677,13.9218,14.9677,14.4306,16.1383,0.0,0.0,12.5754,13.2223,15.6765,15.7007,0.0,15.6972,0.0,0.0,0.0,14.6389,1
C-00067,12.0051,11.977,12.4513,10.9607,11.2885,10.6064,10.8661,12.0246,11.8677,12.1993,11.4456,11.8332,9.8844,11.1256,11.5974,11.877,12.0929,12.6903,12.0351,11.9469,11.594,12.3075,11.7466,11.8368,11.8781,13.1299,11.5359,11.5654,11.382,12.599,12.4554,12.6465,12.248,11.2148,11.2465,12.4705,12.2452,12.6667,12.5529,13.1217,10.8542,10.0765,12.771,13.1543,12.8534,12.6872,10.9206,11.6695,12.6874,12.6938,12.4003,13.3918,13.233,12.1912,12.3655,11.5988,12.5382,13.0334,12.9188,13.0146,13.3563,11.7258,13.2885,13.1983,13.3051,13.5943,12.8446,12.9669,12.3674,12.0497,13.1166,13.459,13.1279,12.4694,13.5518,11.892,11.8287,13.6898,12.6891,14.525,12.8394,13.721,11.4085,12.5691,14.1294,13.6896,12.7131,13.3165,12.5591,12.5124,3.6541,3.9953,3.7373,3.8069,3.9023,3.6832,3.0704,3.2205,3.3858,3.6033,3.6689,3.6589,3.7971,3.2409,3.1862,3.8098,3.3558,3.5497,3.6497,3.8891,3.1067,3.7423,3.6136,3.9185,3.7495,3.6517,3.5273,3.0718,2.9433,3.3025,1
C-00068,7.3922,8.7325,8.6318,7.5972,9.349,7.5295,7.5943,7.8621,8.643,9.4258,9.0108,9.0558,8.2075,8.9808,8.6623,8.5966,9.0466,8.5957,9.2468,8.3983,6.7059,8.7549,8.7639,8.6596,8.6435,8.6776,7.2416,8.3444,10.0585,9.4731,10.0408,9.5538,9.6079,7.5578,7.9378,9.519,9.1204,10.3131,11.2404,9.7274,8.2537,8.0354,1.6606,1.7785,1.8187,1.7476,1.6516,1.5082,1.5306,1.7926,1.8072,1.9178,1.8257,1.7668,1.5218,1.5156,1.9086,1.8853,1.8264,1.818,1.8601,1.5182,1.8254,1.7791,1.8302,1.7151,1.9108,1.7489,1.5679,1.763,1.8837,1.6906,1.7314,1.5323,1.9156,1.739,1.7514,1.8297,1.811,1.8231,1.9616,1.773,1.7523,1.6378,1.9423,1.863,1.9772,1.9293,1.8624,1.5951,1.5498,1.7509,1.8594,1.8796,2.1789,1.7044,1.4702,1.5897,1.8905,1.9839,1.8612,1.8268,1.8145,1.3803,1.5894,1.7794,1.7352,1.7538,1.8697,1.6531,1.4928,1.6728,1.8655,1.7808,1.9099,1.9124,1.9889,1.4614,1.4669,1.7616,1
C-00069,0.0,5.7411,0.0,7.3368,0.0,4.5233,0.0,6.9003,0.0,0.0,6.0368,6.7218,6.102,0.0,0.0,7.5383,5.259,0.0,6.6092,0.0,0.0,6.5217,0.0,7.1507,6.4461,6.7629,0.0,5.7096,6.589,6.4677,0.0,6.9251,0.0,4.6295,0.0,6.9938,8.0738,0.0,0.0,6.0535,0.0,6.5974,5.8832,0.0,0.0,6.4263,7.3631,0.0,6.2038,0.0,0.0,6.2854,7.1658,0.0,0.0,5.6462,0.0,7.68,0.0,7.7051,0.0,6.4087,6.2746,7.4387,7.5739,0.0,6.9663,0.0,6.905,0.0,0.0,7.178,7.4725,7.634,6.9574,0.0,0.0,0.0,0.0,8.5175,0.0,0.0,0.0,6.1508,7.605,6.0301,6.7724,0.0,0.0,0.0,0.0,7.4821,6.4426,6.6669,7.6415,5.9134,0.0,0.0,6.7937,0.0,0.0,6.6588,0.0,6.288,5.022,0.0,0.0,7.3502,8.2522,0.0,4.2128,5.2005,8.1325,0.0,7.2487,0.0,6.2189,6.133,0.0,6.6894,1
C-00071,6.8607,7.4224,6.4399,6.8729,6.3581,6.1786,4.9498,7.6857,7.1594,7.5886,7.2341,7.4332,6.3823,6.77,7.3328,7.8551,8.2546,7.8554,8.9035,7.0868,5.893,7.9936,7.7171,8.099,9.0202,7.821,5.4488,6.5757,7.7838,0.4465,0.4724,0.4926,0.4157,0.4167,0.4805,0.5503,0.5513,0.4515,0.5222,0.5253,0.3747,0.4958,0.5322,0.5055,0.5508,0.5328,0.5173,0.4492,0.53,0.5414,0.5442,0.5656,0.5408,0.583,0.4901,0.4861,0.5308,0.564,0.5311,0.5657,0.5521,0.5493,0.5594,0.5974,0.5303,0.6118,0.5768,0.6345,0.4924,0.5321,0.5857,0.5315,0.5874,0.578,0.577,0.5004,0.4218,0.6252,0.5755,0.5809,0.5777,0.5519,0.5646,0.5348,0.5319,0.5525,0.5866,0.6195,0.5634,0.5594,0.4576,0.5728,0.576,0.5879,0.6143,0.5414,0.532,0.5082,0.5748,0.5616,0.5804,0.5915,0.618,0.5323,0.4808,0.5491,0.6121,0.5269,0.5884,0.653,0.4863,0.5088,0.5551,0.5927,0.5701,0.5967,0.507,0.5034,0.5132,0.5507,1
C-00072,14.5138,13.4606,14.7056,13.9771,14.6661,13.3816,12.8645,13.3539,14.1656,13.1906,13.9313,13.9279,12.4657,12.5043,13.8187,14.9273,14.7867,15.2424,14.9386,13.7751,13.6737,14.4561,14.5829,15.1612,14.086,15.1849,13.2193,12.8091,14.8492,14.5811,14.2729,14.0187,13.7523,13.4139,13.9514,14.8223,14.5509,14.9168,13.9035,14.3719,14.2916,12.3514,15.3515,14.9568,14.1702,15.2187,15.0275,13.6595,13.7273,15.7025,15.9345,15.3558,14.3434,14.8433,14.1242,13.6132,15.2202,14.4627,14.7278,14.8679,15.6746,13.4561,14.9023,16.1698,15.6824,14.8543,15.8043,15.1816,14.3113,13.8705,14.9762,14.8767,15.0609,15.5115,15.2523,13.3399,12.8823,15.0817,14.8084,15.0592,14.5215,14.586,15.5371,14.6288,15.3268,15.3344,14.5388,15.5898,4.172,3.9964,4.0156,4.5827,4.4459,4.4102,4.3303,4.5159,3.8805,4.1592,4.2644,4.1794,4.6946,4.5828,4.2257,3.8665,3.8571,4.3038,4.383,4.8339,4.3234,4.3309,3.7224,4.3558,4.4213,4.4801,4.5342,4.189,4.1398,4.0159,4.0538,4.4847,1
C-00074,7.1873,5.4457,5.4594,5.6817,5.8491,4.7354,5.9378,5.8478,6.4329,6.3964,6.4899,6.6437,6.0212,0.7161,0.7541,0.9255,0.8477,1.0162,0.944,0.7007,0.7299,0.7836,0.9457,0.9073,0.9826,1.0417,0.6865,0.7086,0.9308,0.8638,0.9726,0.9792,0.9326,0.6777,0.6919,0.9799,1.0701,1.0314,0.971,0.9687,0.847,0.7678,1.0921,0.9773,0.963,0.999,1.0341,0.8491,0.8717,1.0153,1.15,1.1141,0.9861,1.1203,0.8911,0.8285,1.0537,1.0105,0.9454,1.1381,0.994,0.9668,1.0366,1.1712,1.1742,1.1726,1.0974,1.1706,0.9485,0.8964,1.2406,1.1147,1.0496,1.1774,1.1398,0.9751,0.9515,1.1891,1.2163,1.1079,1.192,1.1009,0.9842,0.9475,1.1958,1.1144,1.1087,1.1482,1.0925,0.9884,1.1259,1.2375,1.0389,1.1761,1.1867,1.1406,0.9525,0.8796,1.2099,1.1092,1.2444,1.1764,1.2267,0.9719,1.1144,1.1479,1.1817,1.0083,1.2421,1.1155,1.0545,1.0016,0.9843,1.1656,1.1055,1.1727,1.0409,1.0637,0.8974,1.089,1
C-00075,1.7334,2.317,3.4731,4.7078,1.4067,1.6607,1.9932,2.8814,4.1277,4.482,3.9795,4.3258,2.8835,4.5132,3.0996,2.6111,3.7451,4.9862,3.8726,1.5327,2.4386,4.3507,4.345,5.1867,4.7784,5.4968,2.0295,2.9422,3.7459,4.2789,3.2966,3.1014,4.8151,3.8521,2.476,5.795,4.1824,3.8912,6.3192,4.1073,2.7943,3.748,6.1741,4.9835,4.0956,4.8246,6.1588,3.4,5.2311,4.6905,3.5583,3.3908,4.5532,5.104,3.8061,5.775,6.5125,4.6397,5.9155,4.1319,4.28,3.6559,3.8385,5.4052,4.2982,3.9817,3.015,5.0767,4.3959,3.4988,4.8221,6.3674,5.7934,4.3696,4.265,4.1879,4.9103,5.1658,3.3195,5.6259,4.3787,5.1913,4.0884,3.6717,5.9708,5.8728,5.9538,5.8821,5.616,3.6109,2.4355,4.1495,6.7799,6.3668,4.7297,7.0585,5.2564,4.9622,4.4961,6.017,5.7387,5.2612,4.4955,2.588,2.4552,3.6198,5.9651,6.7495,5.1026,4.9834,4.6276,3.6374,6.1501,4.2101,5.4,5.5818,6.1529,3.0655,3.5585,5.2629,1
C-00077,6.8778,5.9812,5.867,6.3468,6.787,6.6121,6.6802,5.9691,5.6894,5.5804,6.3667,6.7957,5.9306,6.6319,6.8359,5.6904,5.4737,6.2018,6.6916,6.5847,6.9266,5.6919,5.4975,5.6259,6.4542,5.7692,5.8742,6.2495,5.2887,5.2231,5.2935,6.2845,6.2771,6.0253,5.8933,6.0442,5.316,5.2306,6.1111,5.6976,6.3672,6.0746,6.2632,5.3049,5.2048,5.4282,5.5978,6.04,5.6735,6.1165,5.05,5.1046,5.4823,5.8352,5.61,6.0704,5.8933,4.9498,5.4005,5.6319,5.3784,5.1715,5.6256,5.4178,5.4539,5.2801,5.4505,5.672,5.3888,6.0711,5.7348,4.7293,5.4655,6.0204,5.5815,6.0318,5.9103,5.5355,4.9905,4.6515,5.3184,5.2836,5.5266,5.6334,5.302,4.7159,5.0049,5.2108,5.4828,5.934,5.3332,5.4292,4.7559,4.7496,5.1705,6.105,4.8907,5.6373,6.1306,4.433,4.594,5.6618,5.8945,5.6316,5.4379,5.8177,4.6831,5.1407,5.7328,5.443,5.6397,5.9613,5.875,4.8921,5.2168,6.0108,5.4,5.7578,5.463,5.687,1
C-00078,1.167,1.2066,1.0885,1.1073,1.2365,1.1846,1.0705,1.1425,1.2138,1.2092,1.1282,1.2473,1.164,1.0651,1.2116,1.0538,1.2782,1.2602,1.0282,1.0024,1.1158,1.1255,1.1779,1.2028,1.0457,1.1005,1.2238,1.1396,0.9728,1.1302,1.1024,1.2811,1.3122,1.2131,1.0791,0.9887,1.226,0.9282,1.1623,1.2631,1.0245,1.1235,1.1896,1.3138,1.1529,1.1543,1.0404,1.2461,1.0385,1.2184,1.2021,1.2254,1.077,1.1443,1.0279,1.2001,1.2456,1.1971,1.205,1.2418,1.2244,1.2368,1.2306,1.0773,0.9593,1.1559,1.2017,1.1748,1.1664,1.2063,1.2574,1.1148,1.0356,1.1589,1.2914,1.1681,1.2538,1.1494,1.1225,1.1247,1.2868,1.1537,1.2672,1.2058,1.1045,1.0716,1.2146,1.2408,1.0982,1.2586,1.1308,1.2265,1.0917,1.1071,1.2659,1.0628,1.0897,0.9867,1.1906,1.1494,1.1006,1.1414,1.1149,1.084,1.1425,1.0804,1.2487,1.2033,1.1415,1.1225,1.0902,1.0933,1.1226,1.1163,1.0173,1.027,1.2032,1.1006,1.1209,1.1675,1
C-00079,4.275,3.7298,3.7053,4.0022,4.6422,4.085,4.1456,4.1676,3.4002,3.2435,4.1534,3.8561,4.1323,4.5335,3.7759,3.7966,3.8043,3.9255,4.0269,4.0589,4.0854,3.5412,2.9341,3.7601,3.9433,4.1681,3.7075,4.3838,4.2776,3.1039,3.2255,3.8927,3.8956,3.4786,4.023,4.0435,3.1373,2.8569,3.8992,3.598,3.7018,3.9789,3.9972,3.0897,3.0247,3.3766,3.6328,3.9275,3.6207,3.514,2.5935,3.2304,3.702,3.7022,3.6781,3.7188,3.1642,3.3285,2.5915,3.4543,3.8014,3.5912,3.7244,3.6199,3.3703,2.8324,3.2177,4.0868,3.297,3.2333,3.4003,2.7614,3.0561,3.2927,3.4342,3.1431,3.513,3.7866,3.2065,2.6339,3.2615,3.2404,3.4748,3.5,3.9876,2.2456,2.5353,3.5311,3.3832,3.4033,3.0957,3.6449,2.4508,2.2354,3.0235,3.3914,3.1987,3.2753,3.4644,3.141,3.2532,3.3014,3.5311,2.6496,3.6526,3.5459,2.7978,3.1939,3.4006,3.0715,3.1265,3.5908,3.4192,2.8393,3.5222,3.8589,3.7302,3.1375,3.7296,3.5312,1
C-00081,4.4331,3.8613,3.807,4.3317,4.3855,4.4144,4.8875,4.2228,3.4678,3.1889,4.2369,3.9777,4.2537,3.7315,4.1248,3.5919,3.4238,3.8704,4.0739,4.1098,3.9918,4.1229,3.6326,3.5493,3.38,3.5188,3.9933,3.9557,3.8993,3.162,3.0744,3.5709,3.769,3.6867,4.3495,3.8959,2.9897,3.0346,3.8489,3.9978,3.2302,3.4997,4.0414,3.6977,3.0094,3.6336,3.6095,3.386,3.6052,3.5769,3.6048,3.023,3.3447,3.788,3.6501,3.1056,3.5524,2.6365,3.0145,3.5368,3.363,2.9784,3.5623,3.3504,3.3695,2.8474,3.3423,3.5831,3.2565,3.584,3.0139,2.8224,3.0965,3.2342,3.3161,3.4155,3.6337,3.0616,2.9811,2.0456,3.0784,3.4515,3.5888,3.4483,3.2458,2.4854,2.9215,3.2731,3.5598,3.1984,3.3087,2.7328,2.6149,2.5306,3.6717,3.3193,3.0994,3.1141,3.1327,2.6873,3.1537,3.2601,3.328,3.5717,3.3268,3.1716,2.9406,2.3733,2.9254,3.5075,3.0935,3.4271,3.6386,3.2509,3.011,3.0307,3.2729,3.5372,3.4356,3.5904,1
C-00086,8.6999,7.8891,7.3429,8.4842,8.6126,8.5489,7.969,8.4095,7.4568,7.5257,7.9634,7.8633,7.6783,8.2,7.7374,7.3616,6.9126,7.2389,7.4162,7.8552,7.6761,7.4627,7.5038,6.775,7.9208,7.3071,6.9454,7.9021,7.776,7.1782,6.4514,6.7134,7.4324,7.2887,7.8315,6.9651,7.2767,7.1932,7.198,7.7811,6.9539,7.3992,6.9533,6.4303,6.187,6.9412,7.3107,7.2226,6.8791,6.871,6.2088,5.6745,6.8041,6.4453,7.5011,7.3026,6.7758,6.5947,6.0152,7.4581,6.8923,7.3205,7.1532,7.4449,5.9878,6.2079,7.2326,6.911,6.0549,6.9966,6.0453,5.9132,6.1625,6.6789,5.841,6.5709,6.4109,6.2946,5.9985,5.5264,6.7611,6.8821,6.4759,6.646,6.6574,4.8485,5.7273,6.8148,6.4951,6.2655,7.081,6.7255,5.8,5.8146,6.657,6.7069,6.6843,6.0933,6.5553,5.9418,5.6527,6.548,7.1381,6.4006,6.4391,6.575,5.3176,6.3962,6.6856,6.2253,6.2396,6.6589,7.1584,6.1844,5.567,6.6452,7.3497,6.2858,7.145,6.3826,1
C-00089,0.0,12.0319,11.7643,12.0944,11.5885,11.6607,0.0,0.0,12.5981,11.9283,11.575,0.0,9.7454,9.4704,12.4319,11.8396,11.33,11.88,0.0,0.0,0.0,12.5409,0.0,0.0,12.6137,0.0,10.9892,11.0064,0.0,0.0,13.285,13.3801,13.2478,12.8461,11.933,12.9912,0.0,0.0,0.0,0.0,11.6607,0.0,0.0,0.0,13.5973,0.0,0.0,13.6876,0.0,0.0,12.237,12.5634,14.2052,14.824,0.0,0.0,13.3402,14.2155,14.0893,0.0,13.6615,12.446,12.3333,13.3148,14.2961,0.0,0.0,14.2872,12.4731,13.0934,0.0,13.4741,13.386,14.3183,0.0,0.0,0.0,0.0,0.0,0.0,14.0581,12.879,11.6382,11.6553,14.393,0.0,0.0,14.552,0.0,0.0,12.0636,0.0,13.1683,14.8571,13.8056,13.6022,0.0,0.0,13.6069,13.6646,14.955,14.3797,0.0,12.8704,12.8297,14.4891,13.7773,0.0,13.7633,14.2789,0.0,12.7084,0.0,14.7178,15.3456,0.0,12.9936,13.4202,13.1649,14.824,1
C-00091,4.1156,4.3492,4.2321,4.1416,4.2116,4.3049,4.3823,4.1773,4.244,4.3031,4.3211,4.3851,4.097,4.1668,4.1822,4.0536,4.1795,4.3813,4.2745,4.1625,4.2106,4.098,4.1258,4.1,4.1878,4.4482,4.2148,4.3032,4.2321,4.0942,4.1391,4.3285,4.2937,4.2686,4.1767,4.2787,4.1059,4.304,4.1976,4.0447,4.1283,4.1403,4.0199,4.3903,4.3794,4.1498,4.1497,4.2796,4.2043,4.2522,4.1427,4.2765,4.2318,4.1501,4.2804,4.3305,4.2401,4.2699,3.9956,4.1128,4.3282,4.2617,4.3233,4.3117,4.1029,4.3026,4.1936,4.3434,4.2944,4.2492,4.2611,4.1546,4.3535,4.3084,4.3874,4.2437,4.3226,4.1751,4.4337,4.1597,4.2274,4.248,4.235,4.1229,4.1053,4.1927,4.3429,4.14,4.2965,4.2693,4.1913,3.9914,4.1762,4.0627,4.3428,4.2322,4.1973,4.4043,4.2421,4.4014,4.4032,4.3055,4.0634,4.1517,4.3113,4.4704,4.1563,3.9581,4.2389,4.3712,4.3813,4.3263,4.2415,4.2944,4.2739,4.1569,4.1029,4.2311,4.2707,4.2936,1
C-00092,0.0,13.5779,14.6541,0.0,14.4717,12.2469,0.0,0.0,13.6242,0.0,14.5167,13.6557,12.839,0.0,14.7407,0.0,13.4265,14.8335,0.0,12.3147,12.6415,0.0,14.5812,0.0,0.0,0.0,0.0,0.0,14.3741,0.0,14.7123,0.0,0.0,0.0,12.5037,13.8748,14.7743,13.9458,14.5698,0.0,0.0,13.2735,14.9879,13.9036,0.0,0.0,0.0,0.0,13.3724,15.0639,15.4833,15.0986,0.0,0.0,0.0,0.0,0.0,0.0,0.0,13.9098,15.2236,0.0,12.7691,15.0785,0.0,0.0,0.0,14.9261,0.0,13.4225,0.0,14.6883,14.6175,0.0,15.6524,0.0,0.0,14.6321,0.0,14.3399,0.0,15.3302,13.4631,0.0,0.0,0.0,14.6475,15.7174,13.4423,0.0,0.0,15.8008,15.3529,14.2055,14.4394,0.0,14.1974,14.1135,15.2181,0.0,0.0,0.0,14.9653,0.0,13.4235,0.0,15.035,0.0,15.7373,13.8741,13.2628,0.0,0.0,0.0,15.8024,14.8651,0.0,14.2546,13.2056,0.0,1
C-00095,2.7348,2.7555,2.854,2.7917,2.8519,2.8209,2.7423,2.7123,2.9161,2.8844,2.9207,2.9135,2.9131,2.776,2.6929,2.8577,2.7069,2.6425,2.9331,2.8341,2.9138,2.7508,2.7108,2.7432,2.8247,2.7108,2.9224,2.9204,2.7013,2.9588,2.9143,2.8234,2.644,2.8089,2.7773,2.8041,2.982,2.5883,2.7362,2.6641,2.7703,2.7134,2.7058,2.8128,2.7793,2.9491,3.0105,2.9738,2.7397,2.8396,2.6901,2.9456,2.6683,2.9844,2.8694,3.0762,2.7589,2.9255,2.75,2.6045,2.7435,2.7282,2.845,2.7665,2.6392,2.565,2.8231,2.8355,2.6709,2.7298,2.8637,2.971,2.6787,2.5235,2.8296,2.6287,2.7244,2.9328,2.7252,2.7112,2.6205,2.7188,2.8384,2.8927,2.9437,2.7358,2.8542,2.6333,2.8565,2.8519,2.7343,2.6498,2.9402,2.8911,2.5795,2.9322,2.8297,2.7464,2.7594,2.9424,2.7521,2.6977,2.8699,2.7905,2.8644,2.8001,2.6655,2.8655,2.6573,2.8223,2.6044,2.5318,2.6605,2.5493,2.6939,2.8579,2.7641,2.6727,2.8285,2.7838,1
C-00098,0.0,0.0,10.819,0.0,0.0,0.0,0.0,12.2564,10.1383,11.0215,11.0795,0.0,11.0343,10.0964,0.0,11.3803,0.0,0.0,12.1762,10.935,10.3695,0.0,0.0,11.4115,0.0,12.013,0.0,10.2978,0.0,0.0,0.0,0.0,12.7136,0.0,0.0,12.6609,13.477,12.6393,0.0,0.0,0.0,0.0,0.0,13.4185,13.3537,12.8463,12.5538,0.0,0.0,13.3064,0.0,13.4303,13.9795,13.2414,0.0,12.5961,14.198,0.0,0.0,13.865,0.0,0.0,12.3147,12.6511,14.2277,14.1227,14.1614,14.217,13.0942,0.0,14.0945,14.719,0.0,13.3764,14.7092,13.2047,13.1513,13.8354,13.4899,15.2336,0.0,14.7156,11.8925,13.8172,0.0,0.0,14.9217,13.8172,13.7786,0.0,14.9467,14.9952,0.0,0.0,0.0,14.689,0.0,0.0,13.4574,14.1423,0.0,14.1351,14.9767,12.2797,0.0,0.0,13.9046,14.0305,15.0105,15.1351,0.0,0.0,13.9921,0.0,14.9921,0.0,0.0,13.9005,0.0,14.561,1
C-00099,3.6192,3.6638,3.5715,3.6473,3.6528,3.6373,3.7722,3.6,3.5563,3.6231,3.5895,3.568,3.7026,3.5489,3.664,3.7577,3.418,3.5573,3.718,3.4841,3.4686,3.533,3.5865,3.839,3.4989,3.6532,3.4937,3.4128,3.5451,3.4955,3.6832,3.6486,3.5008,3.3201,3.6036,3.551,3.5581,3.3295,3.6224,3.6286,3.3487,3.6988,3.7933,3.7476,3.5993,3.7763,3.5569,3.5604,3.6554,3.5093,3.5894,3.5888,3.8173,3.6646,3.6192,3.7083,3.6923,3.6471,3.6581,3.588,3.7391,3.7538,3.5606,3.3994,3.5414,3.5466,3.6406,3.5275,3.4832,3.6001,3.553,3.6688,3.7103,3.5566,3.5365,3.3809,3.5348,3.632,3.6198,3.825,3.7499,3.7547,3.4549,3.5436,3.6607,3.6916,3.6116,3.5825,3.7593,3.6427,3.436,3.4687,3.6801,3.5437,3.5435,3.5589,3.5088,3.6786,3.4218,3.4936,3.7881,3.7631,3.6609,3.4654,3.6003,3.6066,3.7323,3.7126,3.5809,3.5121,3.6433,3.6591,3.5688,3.6806,3.6828,3.5114,3.5448,3.7026,3.7839,3.7514,1
C-00100,10.1057,0.0,9.7813,0.0,0.0,8.5711,10.3172,0.0,0.0,0.0,0.0,0.0,8.2555,0.0,9.7953,0.0,9.8179,0.0,0.0,0.0,9.6148,10.9127,10.3999,0.0,0.0,11.5431,0.0,9.6861,11.6559,11.6943,12.1157,12.3098,11.7669,10.2102,10.7999,0.0,0.0,0.0,10.5493,11.1637,0.0,0.0,0.0,0.0,0.0,0.0,11.6658,12.1712,10.0885,11.4303,0.0,13.2598,0.0,0.0,0.0,10.9188,0.0,12.07,0.0,12.0472,0.0,0.0,10.8664,0.0,0.0,12.9007,0.0,0.0,11.0188,10.7596,13.4381,12.5057,0.0,12.4749,12.9809,11.7064,11.0546,13.4088,12.8963,0.0,13.5845,0.0,10.7479,11.5608,0.0,0.0,12.4218,0.0,13.5727,0.0,12.213,0.0,0.0,0.0,12.3693,0.0,0.0,11.9214,0.0,13.375,0.0,12.7452,13.1032,10.9096,12.8786,12.3908,0.0,0.0,13.2484,12.3014,10.413,11.8869,13.5176,0.0,12.7818,13.408,12.8085,11.1002,11.1869,11.569,1
C-00101,4.723,4.7245,5.2946,4.8689,5.1275,4.5972,4.3133,4.9056,5.1729,5.1158,5.2516,4.9477,5.0951,4.4645,5.1818,5.2872,5.1723,4.9831,5.178,4.7724,4.302,5.2899,5.4804,4.9706,5.5659,5.6654,5.0987,5.0548,5.5845,5.6966,5.4913,5.788,5.8751,5.2791,4.8994,5.8146,5.4247,5.9845,5.785,5.9743,5.7304,5.216,5.8139,5.5774,5.6911,5.9476,5.6426,5.7867,5.5479,6.0561,6.3128,6.1478,6.5122,5.8596,5.4959,5.5992,6.1974,6.3965,6.0116,5.9202,5.8755,5.898,5.8987,6.5662,6.1056,6.2839,6.4157,6.179,5.7567,5.8366,5.8819,6.1449,6.3466,6.1162,6.3037,6.1615,5.7248,6.5731,6.0513,6.1294,6.1799,6.2462,5.9612,6.3203,6.3781,6.5974,6.4728,6.2158,6.3487,6.1222,5.9,6.2949,6.3811,6.2179,6.4818,6.399,6.2401,6.2898,6.0498,6.3963,6.649,6.3131,6.4512,6.0625,6.2422,6.5577,6.6021,6.1648,6.4964,6.7434,5.7368,5.4946,6.5898,6.6922,6.4222,6.4476,6.0022,6.1928,5.5985,6.2323,1
C-00102,0.0,0.0,0.0,9.0037,9.0678,7.4679,8.728,8.9123,8.4304,10.1267,0.0,9.8087,8.1044,7.7728,0.0,9.8909,8.4278,9.0911,0.0,0.0,8.9537,0.0,8.6736,10.1939,0.0,9.3028,8.411,9.3959,10.5427,9.3786,10.1758,9.7417,0.0,8.5123,8.6137,9.9827,9.8941,0.0,9.2388,10.2784,8.8474,0.0,9.2898,10.5693,9.7856,10.796,0.0,8.7004,0.0,10.9975,10.3303,9.5267,0.0,0.0,8.2879,0.0,11.059,0.0,0.0,10.6533,9.2586,8.7592,0.0,10.5295,10.5154,10.2383,0.0,9.6157,10.0406,0.0,10.2925,0.0,10.161,11.2969,10.8125,0.0,10.1106,0.0,9.3761,11.4963,10.9748,0.0,9.1147,9.5723,11.1336,0.0,10.5283,0.0,0.0,0.0,9.3969,0.0,0.0,0.0,10.8499,10.5985,8.2305,0.0,0.0,9.1378,9.4307,0.0,0.0,10.0482,9.1951,10.1122,0.0,9.4925,0.0,9.955,9.4382,9.5079,9.6708,10.7777,0.0,0.0,0.0,9.6715,9.0754,9.8578,1
C-00103,10.6931,0.0,10.3909,0.0,0.0,9.5723,0.0,10.2034,10.8085,0.0,0.0,0.0,8.8993,9.1472,0.0,0.0,0.0,12.357,11.0494,0.0,10.2252,10.6179,12.7475,0.0,11.7784,0.0,9.7672,10.1958,0.0,13.2088,0.0,11.5821,0.0,10.4884,11.0061,12.4167,12.3621,12.7704,0.0,11.8316,0.0,0.0,12.2284,12.0787,12.3796,12.6794,12.5648,11.068,0.0,0.0,12.2084,0.0,12.9008,0.0,0.0,10.8167,12.4438,12.5908,14.4093,13.3546,0.0,0.0,11.5355,0.0,13.0103,12.4804,13.3368,13.7834,12.6162,13.4917,0.0,13.4147,12.9031,13.2156,0.0,0.0,0.0,0.0,13.2357,14.6546,14.0237,13.6419,12.5622,0.0,0.0,0.0,0.0,0.0,13.5628,11.9024,13.0924,14.6671,13.2965,0.0,0.0,13.7107,11.4161,0.0,0.0,0.0,0.0,13.9967,12.6261,0.0,12.1267,0.0,0.0,13.5211,13.7556,13.4822,11.9042,11.972,13.2281,0.0,13.1157,12.987,12.8893,11.1638,11.8153,0.0,1
C-00105,10.4926,10.7485,10.8282,11.9545,11.3421,9.698,10.2194,11.769,11.2284,11.2703,11.2092,3.2408,2.6516,2.8757,3.0899,3.0177,3.0553,3.064,3.0608,2.7736,2.669,3.1492,3.2412,3.183,3.3354,3.484,3.0506,2.959,3.5615,3.274,3.1961,3.6188,3.3766,2.7092,2.9108,3.3707,3.4139,3.2541,3.704,3.6189,3.3127,2.8223,3.5086,3.5306,3.4883,3.352,3.2095,3.1345,2.6708,3.3124,3.6165,3.4729,3.6085,3.5393,3.4643,2.9453,3.6574,3.6686,3.7067,3.5662,3.6703,2.897,3.337,3.5408,3.5132,3.4388,3.7979,3.3976,3.173,2.907,3.5574,3.6099,3.5562,3.5126,3.5719,3.3944,3.1599,3.7029,3.5318,3.5923,3.3902,3.8241,3.5656,3.2274,3.8987,3.7797,3.8258,3.5254,3.7368,2.9843,3.5919,3.6132,3.3685,3.2507,3.776,3.4278,3.5676,3.4713,3.4778,3.666,3.4308,3.6663,3.3329,3.1559,3.2877,3.5807,3.3725,3.4958,3.6601,3.5001,3.5474,2.9801,3.4618,3.6582,3.5676,3.2461,3.508,3.2178,2.8884,3.3815,1
C-00107,2.5002,2.491,2.3318,2.2288,2.6752,2.2716,2.3444,2.6047,2.0358,1.9547,2.6441,2.3136,2.3486,2.4397,2.4952,2.1901,2.0872,2.5604,2.5104,2.5841,2.2503,2.2032,2.1203,1.8463,2.4462,2.3327,2.3048,2.4792,2.1832,2.1585,1.8228,2.446,2.4125,2.4398,2.3614,2.1864,2.0587,2.2472,2.4585,2.1205,2.1769,1.9907,2.2688,2.1022,2.1171,2.1284,2.1798,2.2638,2.2547,1.9476,1.5857,1.9981,2.4439,2.1877,2.138,2.1229,2.0997,2.0589,1.8885,2.0502,2.1508,2.3634,2.0628,2.0782,1.9292,1.8335,2.0821,1.9969,2.3349,2.0181,2.0976,1.7981,1.6923,2.3472,2.1303,2.0561,2.1395,2.2226,1.8318,1.8497,2.2503,1.9154,1.9121,2.1028,2.2507,1.8216,1.7559,2.0162,1.9174,1.9908,2.0721,2.0575,1.7092,1.6475,1.9929,1.994,1.9371,2.1474,2.2393,1.8013,1.9194,1.8467,1.9318,2.0762,2.078,2.0134,1.7499,1.6635,2.0325,2.3983,2.1245,1.7585,2.1221,1.5888,1.947,2.2198,2.1599,2.2323,2.1474,1.9292,1
C-00108,3.8412,3.7487,3.6583,3.9361,3.8652,3.5618,3.4507,4.2972,4.1521,4.5218,4.2847,4.2925,3.7819,3.7508,4.1901,4.6253,4.6038,4.5275,4.3293,3.74,3.7559,3.8575,4.0464,4.5385,4.7795,4.2288,4.0412,4.2088,4.1943,4.6352,4.6717,4.5126,4.457,4.0931,4.0101,3.9317,4.2564,4.2138,4.2887,4.2205,4.2204,4.242,4.4158,4.499,4.5262,4.6092,4.9511,3.9655,4.1962,4.3951,5.1457,4.7007,4.5638,4.713,4.208,3.8375,4.9751,4.4103,4.8097,4.9073,4.7466,4.3999,4.4387,4.659,4.6438,4.8677,4.6079,5.0185,3.939,3.9257,5.116,4.9484,4.6585,5.1785,4.7596,4.4279,4.1106,4.6224,5.0166,4.8879,4.5722,4.7114,4.4026,4.6291,4.886,4.7137,4.8528,4.8191,4.881,3.8648,4.1996,4.6061,4.8236,4.5748,4.9744,4.796,3.9326,4.4102,4.6516,4.8483,4.7105,4.7865,4.9395,4.3055,4.6511,4.5438,4.7918,5.0276,4.8141,4.4406,4.2429,4.1498,4.4666,4.5316,4.9342,4.5925,4.7329,4.1174,4.4126,4.8821,1
C-00110,9.8719,8.6172,9.1093,8.356,9.0051,8.2802,4.7105,6.7841,9.1326,9.9704,11.7303,12.4994,5.8994,5.2945,5.5329,8.1397,12.9423,13.0683,10.5947,4.5319,4.8408,8.3053,9.9395,7.1873,10.4442,9.9091,5.0829,9.9116,11.2286,12.545,12.1258,8.3368,7.6793,7.5594,5.9404,13.6382,6.6301,13.1874,11.0455,10.5369,9.1886,5.2688,8.4943,8.3508,12.7219,10.1216,8.3442,6.4835,5.1007,11.7931,13.8756,8.7911,13.5361,8.4513,11.3246,9.041,12.1681,10.4219,10.6359,8.4943,13.2558,10.4603,6.7467,9.1935,11.8451,7.7125,13.0348,13.2881,6.8851,12.0657,7.6924,12.8868,7.9548,10.4068,13.5802,5.9393,7.407,12.8102,8.2161,7.2279,14.2129,12.9452,8.0775,12.4071,13.3472,9.652,10.5497,7.8248,10.5872,7.7375,11.6666,13.1426,8.2622,13.5317,8.3709,11.9565,9.8878,7.4474,13.1198,10.4814,10.565,8.7257,9.2174,4.8175,9.5538,14.3641,10.0874,7.65,8.5635,14.0915,8.5388,11.3547,12.9108,9.1943,13.0536,10.0608,7.8402,7.9225,9.9526,12.043,1
C-00111,0.0,0.0,4.7889,0.0,4.7238,4.5281,0.0,4.5067,4.1164,4.6845,0.0,5.4101,3.9604,4.2128,4.5785,4.9189,5.9408,6.1191,5.8804,0.0,4.5619,5.3246,0.0,0.0,0.0,6.8526,5.2291,4.7852,5.4245,0.0,0.0,5.7799,0.0,5.6584,0.0,7.2795,0.0,0.0,0.0,0.0,4.8872,5.5429,6.5001,7.0602,6.8727,6.3321,6.6775,5.2202,5.3165,6.0141,0.0,0.0,0.0,0.0,5.8828,6.3203,7.2615,6.4916,7.3693,6.7819,6.687,6.2072,0.0,0.0,0.0,7.4201,0.0,8.2493,0.0,5.587,6.7003,7.6564,7.7357,6.6657,0.0,0.0,7.1781,6.623,7.5715,7.2894,7.9849,0.0,5.2321,0.0,8.2454,8.2793,0.0,0.0,7.5107,6.0029,6.0118,7.7138,7.9269,6.9014,0.0,7.876,0.0,5.0653,0.0,7.3685,7.7246,8.0957,0.0,6.9228,6.6435,0.0,7.7864,5.8427,0.0,0.0,0.0,6.5958,0.0,0.0,7.5867,0.0,0.0,0.0,0.0,7.9217,1
C-00114,9.3832,8.8351,7.6046,7.8411,8.8494,4.3947,7.155,8.5215,10.3705,9.9192,5.0593,6.7425,3.8617,6.2623,7.3135,6.3738,8.9913,6.7034,7.8689,6.3075,8.2871,9.3937,8.6719,10.7158,6.8473,9.2617,8.3096,4.2193,7.4415,10.6144,10.5058,6.3265,7.9244,8.4575,10.5863,8.6792,9.9494,5.7562,6.9636,7.9433,7.7958,6.4322,8.156,9.9023,9.9842,6.3121,10.4658,9.8412,8.9158,10.9497,10.8001,10.0317,12.4434,8.5287,6.3418,8.9932,7.5322,12.6256,12.3337,7.0138,7.4386,5.5991,10.6471,8.694,7.836,11.8682,9.794,10.3222,5.4596,8.2615,10.083,6.7891,11.7793,12.9725,7.1275,12.0405,9.8457,8.2173,13.006,9.264,10.8327,8.3379,7.122,6.4968,9.4081,7.9963,12.8696,6.9807,8.7583,8.9288,5.4355,7.8044,9.121,6.3322,12.1286,12.5392,6.1767,8.9924,12.0422,7.0285,8.0695,8.1435,8.7918,9.2412,8.1569,7.3266,8.4189,12.4378,8.7753,8.1104,11.9555,6.6012,9.2841,8.7712,12.246,12.2325,8.0127,9.7957,6.5959,8.3389,1
C-00115,1.96,1.8567,1.7287,1.951,2.096,2.1347,2.089,2.2302,1.7654,1.9967,2.2049,1.7129,2.2076,2.0371,1.7657,1.7924,1.6356,2.1778,2.0164,1.7576,1.9129,1.8232,1.6304,1.6484,2.1901,1.9528,1.821,2.0045,1.7675,1.4349,1.696,1.794,2.0143,2.0209,1.8284,1.6927,1.4283,1.5891,1.9328,1.5975,1.8383,2.1037,1.774,1.1198,2.0117,1.9523,1.81,1.7302,1.678,1.6646,1.5158,1.5069,1.7986,1.8336,1.901,1.9657,1.8738,1.5309,1.4226,2.0948,1.8832,2.0578,2.1178,1.6272,1.5193,1.3163,1.8415,1.7713,1.8968,1.6417,1.6915,1.3114,1.5898,1.8135,1.8493,1.6869,1.9873,1.8029,1.435,1.335,1.998,1.915,1.7964,1.7453,1.7434,1.3514,1.5069,1.8594,1.6526,1.7031,1.8096,1.8871,1.4994,1.414,1.6616,1.5609,1.8923,1.8275,1.821,1.5026,1.3535,1.9199,1.7522,1.826,1.7847,1.8386,1.4391,1.3344,1.8357,1.7585,1.8103,1.7162,1.546,1.3078,1.3412,1.7115,1.7899,1.5088,1.6261,2.0098,1
C-00116,7.4805,5.4582,6.7195,4.624,7.0519,2.6771,5.1528,8.2829,5.4816,4.7947,7.1817,4.6962,8.6551,5.7194,5.2777,5.2212,8.8702,6.327,8.5871,7.63,6.3785,6.9025,7.8238,6.9979,8.4913,8.5213,6.1144,5.8424,5.717,7.0909,8.6762,6.2018,10.4772,8.5938,6.9105,10.5714,9.792,9.2038,9.6786,7.0626,6.3602,6.7683,10.0324,6.8037,9.7514,7.5289,6.6452,5.9909,4.301,9.1232,7.2107,6.2368,6.2726,6.7598,8.0662,8.7239,9.7073,8.4053,5.3146,7.6413,8.9367,8.5829,6.5976,9.2844,7.1816,9.5802,10.2492,9.7542,7.4602,8.9484,7.8099,10.0029,7.922,6.6842,11.2804,7.8304,8.0097,7.4886,6.925,8.2397,10.8716,9.1929,4.9084,6.3583,6.8079,9.0445,10.4075,8.1438,10.5803,6.2902,8.3813,8.3732,10.9463,11.7038,8.7918,8.5791,5.384,8.9081,9.8789,10.8762,9.3633,9.3838,8.7301,10.1575,5.0441,7.3551,9.5274,9.0991,8.9101,8.5965,6.9754,8.1522,9.9802,8.3123,7.1276,10.9245,8.5326,6.4672,8.6348,6.6257,1
C-00117,14.7168,13.3035,14.4403,12.9733,13.3598,12.2087,12.6674,14.0779,13.1742,14.5455,13.4712,14.5505,13.5517,13.7053,14.2938,14.8075,13.5658,15.1557,15.0497,13.5216,13.0006,15.3295,15.6204,14.7075,15.1095,15.6929,12.594,13.8181,14.148,14.3243,15.7426,16.6282,15.2439,14.1127,14.2868,16.1376,15.053,15.9798,16.5433,14.9902,13.214,14.4373,14.6509,15.6417,16.2256,16.1288,16.3148,14.1638,14.5492,15.0994,16.5937,15.4454,16.1253,16.0626,15.0531,13.7652,15.3853,17.806,16.6274,15.4647,16.8596,14.9752,15.6049,17.638,15.9039,16.0312,16.4442,16.5633,15.1985,15.5211,15.7204,16.7432,17.187,16.8017,16.3252,14.769,15.4281,15.3256,16.6383,17.9378,15.9098,16.6794,15.2863,15.4352,16.7113,16.9401,17.5069,16.6766,17.5978,15.3956,15.699,17.1695,17.6405,16.1057,16.6285,17.5824,14.7114,14.56,16.7473,16.8128,17.1946,16.4104,15.7828,15.1006,15.151,16.7078,18.5364,16.4881,18.1023,16.3318,15.2717,16.0995,16.3868,17.6087,16.6768,16.2753,16.0024,16.3512,14.2959,15.8442,1
C-00120,2.8252,4.5398,3.5871,4.3623,4.2231,1.4081,2.4746,4.3453,5.0195,3.4293,3.8986,3.2188,2.9971,1.9304,4.9818,5.6273,5.1149,4.4794,4.4452,3.2776,2.1616,3.7614,4.7437,5.0041,6.3104,5.6076,3.4635,3.3981,4.3718,4.3626,4.6612,4.4701,5.3869,3.3891,5.0374,6.4139,5.5211,4.0521,5.5327,5.3482,3.3938,5.152,5.6681,5.5326,5.3389,4.428,5.3533,5.0981,3.8494,5.9777,6.367,6.7104,5.4667,5.3751,4.4175,5.9832,5.5093,6.5691,6.0472,5.7316,6.8295,5.0619,4.8283,5.8786,4.7587,7.045,6.1917,6.1136,4.098,3.4284,5.8147,6.6078,6.0561,5.986,6.1955,4.4072,4.0144,6.7606,6.5465,6.1447,6.4151,6.4642,5.1739,5.3654,5.6956,5.3349,6.6167,6.1284,5.7098,5.0528,4.2731,6.5931,6.1309,6.3547,6.9563,6.9549,4.3341,4.626,5.6874,5.4908,7.2984,6.3302,6.7513,5.301,5.155,5.5514,5.4542,6.1814,5.637,7.0646,4.1981,5.6603,5.332,6.443,5.4676,5.6398,5.5269,4.7825,4.5208,5.3157,1
C-00121,2.0376,1.9641,2.0242,2.0673,1.9375,1.9653,1.8868,1.9296,2.0367,1.8499,1.7722,2.0657,2.0318,2.1531,1.858,1.9773,1.9619,1.9117,1.9585,1.9965,1.9191,2.0684,1.9969,1.9502,1.962,1.9698,1.8892,1.9864,1.9433,1.9789,2.0746,2.0471,2.0023,1.9042,1.8817,1.8065,1.9541,1.8151,1.9814,1.9576,1.9768,1.8908,2.0358,1.8483,1.9499,1.7174,1.9636,1.915,1.8668,1.9546,2.073,2.0083,1.9484,1.9788,2.1342,1.9075,1.9558,1.9723,2.0227,1.8894,2.1113,2.097,1.9709,2.0812,1.8067,1.8208,2.0781,1.9287,2.0,1.9869,1.944,1.9137,1.9373,1.976,2.0499,1.9317,1.9708,1.9923,1.9177,1.8785,1.7019,1.9822,2.0242,1.8599,2.0589,2.0138,2.0119,2.0191,1.8641,2.011,2.0464,1.8064,1.9351,1.863,1.8407,1.9298,1.9468,2.0723,2.005,1.8805,2.1174,1.9554,2.0322,2.0777,1.8245,1.7042,1.9364,1.8074,1.9591,1.8665,1.9324,1.9438,1.8003,1.9213,1.9358,2.0289,1.9005,1.9928,1.9062,1.8593,1
C-00122,3.038,2.3082,2.448,2.6164,2.9127,2.7315,2.6228,2.7007,2.3748,2.3682,2.7894,3.2261,2.8163,2.9134,2.6892,2.4719,2.0062,2.7126,2.598,2.7246,2.8135,2.5763,2.3735,1.9042,2.5882,2.3269,2.8533,2.3089,2.4212,2.1988,2.1552,2.3364,2.4641,2.3825,2.4577,2.4212,2.123,2.2135,2.1806,2.2679,2.2848,2.406,2.2253,1.9247,1.7863,2.0573,2.1642,2.3335,2.128,2.3107,1.8091,1.8685,2.0746,2.29,2.104,2.1716,1.9777,1.7328,1.6139,2.1049,1.819,1.7245,2.2134,2.0911,1.4736,1.7843,2.0493,2.1328,2.0479,2.2401,1.9262,1.7443,1.63,1.8333,1.8304,1.9429,1.9029,1.82,1.4146,1.8461,1.8308,1.9355,1.7637,1.6851,2.2112,1.3651,1.6915,2.0457,1.7536,2.0907,1.8769,1.9939,1.5171,1.6088,1.6091,1.7346,2.0408,1.7846,1.9327,1.8881,1.5309,2.1348,1.9831,2.0093,1.8672,1.6824,1.6398,1.6545,1.6862,2.0857,1.7779,1.9302,1.6046,1.9123,1.8233,2.0529,1.7117,1.975,1.9718,2.154,1
C-00123,1.0342,1.095,1.1921,1.1276,1.0877,0.9269,1.0362,1.0382,1.0069,1.1308,1.0331,0.9647,1.1567,0.9633,1.148,1.0763,0.8861,1.0933,1.1524,1.2019,1.2278,1.0455,1.111,0.9546,1.0091,1.0177,1.068,1.0782,1.0426,1.0426,0.9657,1.0162,0.8725,1.035,1.0646,1.0787,0.9919,0.9987,0.9737,1.0304,0.9848,0.8564,1.0114,0.9282,1.04,1.0562,0.9848,0.9208,0.9297,1.1152,1.0067,0.9878,1.044,1.2461,1.1385,1.0952,0.9745,1.1533,1.1552,0.9583,0.9346,0.9691,1.1251,0.987,0.9315,1.0504,1.0297,1.0031,1.0294,1.0715,1.0053,0.8115,0.9529,0.9744,1.1881,1.1736,1.0433,1.0013,1.1071,0.8766,1.0398,0.9955,1.0131,1.0308,1.1286,0.9801,0.9473,1.1316,0.9647,1.0934,1.1553,1.1463,1.0476,0.8851,1.0754,1.0825,1.2078,1.127,1.1028,0.9857,1.1362,1.0166,0.9713,0.9764,0.9794,0.9822,1.0213,0.9881,0.9997,1.0652,1.0205,1.1394,1.0471,1.0081,1.0294,1.0135,1.0677,1.0761,1.083,0.9502,1
C-00124,1.5725,1.5412,1.4505,1.5811,1.5729,1.5733,1.6095,1.4132,1.8348,1.603,1.5699,1.5934,1.6464,1.5776,1.6627,1.5912,1.662,1.6526,1.6959,1.6394,1.6146,1.506,1.6771,1.6887,1.8102,1.5884,1.5698,1.8685,1.4792,1.669,1.4918,1.6863,1.7725,1.7906,1.6102,1.6778,1.6878,1.838,1.5442,1.6771,1.6947,1.7137,1.6149,1.5121,1.761,1.55,1.6648,1.45,1.5523,1.6667,1.5584,1.7701,1.6515,1.6267,1.5245,1.5053,1.6768,1.6769,1.6308,1.5911,1.6075,1.7448,1.5385,1.6668,1.7438,1.4691,1.5282,1.6276,1.5181,1.6478,1.7428,1.4572,1.6143,1.5028,1.6399,1.6379,1.6648,1.6875,1.7796,1.539,1.5466,1.4421,1.6371,1.8619,1.7001,1.7061,1.7813,1.5254,1.5101,1.6184,1.6239,1.4916,1.8147,1.6574,1.658,1.5424,1.7283,1.6155,1.5526,1.6149,1.5769,1.8941,1.6714,1.4737,1.6825,1.5923,1.4875,1.4705,1.6869,1.7408,1.5824,1.4837,1.7224,1.6041,1.7256,1.7228,1.5546,1.7349,1.7384,1.7092,1
C-00126,9.059,10.7313,10.4253,9.4385,9.2414,7.1817,8.625,5.2667,6.5023,4.7548,10.7747,10.7832,9.3748,8.1257,9.2603,6.5179,10.7868,10.2178,10.3944,4.2159,6.5184,7.7201,6.7023,10.1089,8.6446,8.041,5.6403,7.2276,7.8129,10.683,8.5741,9.5326,12.4368,5.2949,6.8182,8.1777,11.1444,7.7351,13.0456,10.9703,6.6896,5.7635,10.0654,10.445,10.1135,7.4737,9.46,7.7361,10.6478,12.5966,10.7228,10.8435,14.4752,10.4518,11.9754,9.5781,11.1374,11.2422,11.4449,8.1724,13.5694,10.1271,9.0351,11.3634,13.7032,10.4095,12.9499,13.266,10.0757,12.1912,13.3882,10.8502,13.583,13.549,13.0047,10.7233,12.1898,8.53,10.7679,11.7386,12.089,12.6912,9.1664,9.4768,9.532,13.3633,10.5892,12.3624,13.8301,10.1734,9.0986,10.7145,10.287,14.4776,15.4506,10.1751,12.5292,9.6693,8.9506,12.95,7.5829,9.1655,8.8514,5.9817,9.1724,10.4948,10.6891,13.7244,11.9487,14.3325,9.3404,6.7782,12.6028,13.2457,8.7965,12.0028,14.0956,7.3722,8.1073,10.1888,1
C-00129,0.0,0.0,10.1828,10.4182,0.0,0.0,8.6448,0.0,0.0,11.3688,10.313,12.9507,9.9138,0.0,0.0,10.5381,12.0135,12.7701,0.0,10.2419,11.1998,0.0,11.128,12.2398,0.0,11.4011,10.4349,0.0,0.0,0.0,0.0,10.7111,0.0,11.0958,0.0,0.0,11.8329,0.0,0.0,0.0,10.8421,0.0,0.0,12.3579,0.0,12.434,12.9913,0.0,0.0,11.8891,13.338,11.8881,13.2199,0.0,11.9512,11.1997,13.0429,0.0,0.0,0.0,0.0,0.0,11.8326,0.0,13.1695,0.0,13.497,12.3971,11.2919,0.0,12.7332,12.3031,0.0,12.1976,0.0,10.8874,12.5832,0.0,12.8773,13.8139,12.6674,0.0,0.0,11.5827,13.2764,0.0,13.087,0.0,0.0,0.0,0.0,13.7644,13.106,12.0409,13.0127,13.6031,12.3468,12.0343,12.0779,13.3894,12.7911,13.6937,0.0,10.9966,10.6815,0.0,12.7187,13.0833,0.0,0.0,0.0,0.0,13.0056,12.714,0.0,13.2012,0.0,0.0,0.0,12.6478,1
C-00131,0.0,7.168,7.8706,0.0,0.0,5.5144,7.4256,0.0,8.5506,7.9932,8.1103,0.0,8.4711,5.8641,0.0,9.0447,8.2626,9.9492,9.748,8.0073,0.0,8.6741,8.8686,0.0,0.0,9.3571,8.0,0.0,0.0,9.17,8.6053,7.9964,0.0,7.425,8.3559,9.5701,0.0,9.6449,9.1087,0.0,0.0,9.6815,0.0,0.0,0.0,10.9334,0.0,0.0,0.0,0.0,9.6196,9.5168,10.011,0.0,0.0,0.0,0.0,11.3115,0.0,10.6865,10.766,10.3359,0.0,11.7626,10.4328,0.0,12.0388,0.0,0.0,8.2264,11.5007,0.0,0.0,0.0,0.0,9.1538,0.0,0.0,11.4004,11.3859,10.8656,10.7572,10.8183,10.4008,0.0,0.0,0.0,11.0314,11.0277,0.0,10.6461,0.0,0.0,10.9619,10.3885,0.0,9.3639,0.0,0.0,10.9906,0.0,11.1833,10.9823,10.7763,0.0,11.0735,12.0426,0.0,0.0,0.0,10.4023,10.4103,11.2125,11.6836,11.8043,0.0,10.765,0.0,10.0575,0.0,1
C-00133,10.1556,6.8552,8.3638,6.762,6.9446,4.0083,8.2713,10.0931,10.0571,8.9527,9.0497,7.2449,10.04,6.164,7.9438,8.3453,5.9985,8.8127,9.215,5.1692,4.9021,11.0964,11.0304,11.1502,8.958,7.8156,5.2598,7.7462,9.2751,6.9804,11.9352,8.8533,6.2271,7.6755,5.6025,9.1415,9.1704,9.0972,4.8513,11.1495,10.1101,6.3854,11.3924,12.5726,6.979,7.5397,11.3812,9.0797,9.6709,8.6214,11.3364,9.8546,11.9299,11.5102,6.1523,7.8144,11.55,8.9503,10.6032,13.2085,7.0626,5.2983,11.2666,8.472,9.5611,9.3038,6.5929,11.3314,5.1227,6.2272,12.5307,11.5333,7.9235,10.9937,11.8635,10.0483,11.3295,8.1387,6.2157,11.0824,12.7627,13.2929,7.0574,12.1053,13.3732,7.6685,7.6276,10.2704,11.6494,8.1684,9.087,12.1066,6.5115,10.9635,7.456,11.8527,7.8933,8.3092,8.4051,8.9148,12.3025,10.451,9.8375,9.4386,10.6223,10.5021,12.6175,12.6341,11.3523,11.9612,9.9172,10.9101,13.1068,11.201,10.9013,6.2011,10.1491,5.8828,11.0176,8.3748,1
C-00134,2.1611,1.7041,1.684,2.0191,1.623,1.8397,1.8253,1.9521,1.7083,1.4625,1.8375,1.7698,1.8654,2.018,1.8756,1.2762,1.4201,1.6254,1.873,1.7059,1.6165,1.7481,1.4097,1.471,1.6915,1.6678,1.4038,1.7415,1.4378,1.0991,1.0862,1.7208,1.6197,1.5222,1.8723,1.5071,1.3638,1.1664,1.1883,1.5052,1.7066,1.5156,1.449,1.0751,1.0636,1.3982,1.5841,1.3705,1.5001,1.5025,1.2229,0.9175,1.0267,1.3934,1.2645,1.1732,1.3679,1.0121,0.7815,1.2593,1.5753,1.636,1.0572,1.1934,0.9716,0.7759,1.4855,1.1824,1.2523,1.2178,0.9567,0.8365,0.7695,1.1124,1.258,1.0371,1.2586,1.144,1.0591,0.9674,1.3876,0.9377,0.9051,1.2421,1.1941,0.8269,0.7296,1.0343,1.1004,1.1358,1.2029,1.0744,0.7011,1.1167,1.0205,1.1157,1.0665,1.1444,0.8853,1.1384,0.5578,1.0085,1.0081,1.3383,0.964,1.2305,1.0445,0.9321,1.0998,1.0339,1.2894,1.0093,1.1743,0.6838,0.6697,1.2753,1.4697,1.1258,1.0761,1.2285,1
C-00137,9.2441,9.4594,7.4144,6.1911,6.033,7.7232,4.0167,5.2589,7.0764,8.4803,5.7794,7.9517,4.7546,7.405,8.3537,8.6636,6.2854,9.1699,8.2569,6.1512,5.2333,11.4554,9.8447,9.9687,8.4531,7.1965,4.2776,6.4162,11.1573,7.5593,9.585,6.4296,7.2812,8.9924,9.0378,8.1354,10.4655,6.1747,6.282,5.4792,9.6143,9.6931,7.5354,10.8512,8.4329,6.5239,10.4999,11.1048,11.1964,9.0039,7.2685,9.0821,10.7913,11.7685,7.116,8.6888,6.3199,11.9325,8.9041,7.1689,11.3552,7.7887,10.667,8.6722,7.9658,11.0504,8.7892,9.7491,10.1235,8.5159,10.5465,10.6412,11.2934,9.5809,8.1604,8.5749,10.3877,6.6068,8.9408,9.794,8.9794,8.8819,7.7389,10.0722,9.3688,9.4659,9.5005,8.13,10.5721,10.064,9.5966,8.5652,11.6108,10.4403,8.9174,10.8673,11.6337,9.7574,9.4349,8.4476,9.6759,10.2711,11.7334,9.7127,9.9906,9.5329,10.4406,10.9752,12.0487,9.5294,7.0106,10.9421,7.8576,11.4578,10.6255,11.5903,11.9387,11.2907,9.8007,11.7343,1
C-00138,3.44,2.9793,2.4741,3.2868,3.1322,3.368,2.7944,2.8094,2.6872,2.4215,2.8532,2.7097,2.9047,2.6837,2.6489,2.6524,2.5624,2.5072,2.4528,2.9121,2.8994,2.6424,2.4616,2.1118,2.6671,2.5927,2.8943,2.5493,2.3307,2.075,1.8779,2.5576,2.4607,2.3978,2.4619,2.3943,2.0198,2.0083,2.35,2.2194,2.4362,2.672,2.1481,2.3281,1.9865,2.5555,2.4556,2.4756,2.4492,2.4759,1.9292,1.9503,2.2652,2.2831,2.1397,2.2546,2.4967,1.6257,1.7894,2.3673,2.2314,1.9131,2.2474,2.2145,1.9426,1.888,2.5322,2.1681,2.1585,1.7237,1.8917,1.737,1.9415,2.007,2.2047,2.1718,2.2101,1.7031,1.4299,1.8787,1.9318,1.9771,2.2121,2.2279,2.0688,1.7756,1.528,2.0835,2.163,1.8832,2.1649,2.3264,1.5218,1.8463,2.02,1.8478,1.7405,1.9097,2.1584,1.5058,1.3619,2.3432,1.9081,1.6822,2.0919,1.8648,1.8035,1.833,1.6193,2.1686,1.9326,2.091,2.0727,1.6394,1.9277,2.2322,1.8053,1.9507,2.1705,1.9458,1
C-00140,2.3639,2.4517,4.1147,3.3918,2.8597,0.4855,2.6998,3.4691,2.619,3.2906,4.7936,3.1305,1.9611,2.944,2.3942,4.0873,4.3657,3.4237,3.8147,2.6181,4.3063,4.3609,2.9307,3.5869,4.1036,4.2331,2.0197,3.2117,3.1049,4.7602,5.151,4.1877,3.7574,2.9764,3.1943,2.9028,3.4787,4.1346,5.9901,5.929,2.3752,3.5605,4.2358,4.8526,4.2536,5.2883,4.335,3.6448,2.9892,6.3315,3.572,4.0427,5.0333,5.2141,3.8492,4.3052,4.3644,6.8876,4.888,4.504,5.8347,5.0133,5.3058,4.9989,4.9034,4.3642,5.1143,4.0881,3.8719,3.942,4.9405,3.7193,5.8043,5.7542,5.3676,4.0387,4.3847,6.5017,5.624,3.3049,5.8929,4.9959,3.2697,5.1529,5.9324,6.5187,4.8112,4.1531,5.7666,4.2677,3.2713,5.8158,6.1648,4.0956,5.4788,4.7622,3.5967,4.2311,5.8395,5.3035,5.1581,5.6673,4.5559,2.7686,3.9401,4.1924,5.2209,6.3327,6.1326,5.4338,4.2533,3.9107,5.8073,4.396,5.2424,5.2475,6.157,3.3853,4.3686,4.7627,1
C-00144,3.2643,3.1728,3.4262,3.394,3.0978,3.2643,3.1982,3.3086,3.1528,3.2053,3.2023,3.1808,3.3305,3.3047,3.3185,3.2723,3.2816,3.1808,3.2652,3.2747,3.095,3.4722,3.2926,3.129,3.2398,3.0984,3.147,3.2155,3.3166,3.2797,3.2409,2.9821,3.1225,3.1208,3.1687,3.1249,3.2339,3.3816,3.1526,3.1862,3.2887,3.2815,3.1846,3.3125,3.4704,3.1056,3.1239,3.1335,3.0935,3.1466,3.1039,3.169,3.2227,3.1599,3.0517,3.0718,3.4195,3.1173,3.2531,2.9178,3.2603,3.2602,3.1901,3.185,3.2359,3.2277,3.2134,3.0533,3.2758,3.1818,3.262,3.3856,3.1644,3.3365,3.199,3.4438,3.1951,3.3382,3.1574,3.224,3.252,3.3855,3.2781,3.1393,3.2679,3.2669,3.2396,3.2961,3.2909,3.2307,3.2262,3.2326,3.2887,3.1633,3.4226,3.1738,3.1928,3.1665,3.3461,3.2218,3.2804,3.2919,3.2203,3.2319,3.3216,3.3757,3.1961,3.3696,3.206,3.2438,3.1937,3.2101,3.0011,3.4183,3.1536,3.1644,3.3697,3.0416,3.1007,3.0903,1
C-00145,13.1438,14.379,13.766,14.3968,14.7338,13.7818,13.3014,2.4306,2.2393,2.2494,2.3398,2.3605,2.2182,2.1602,2.4175,2.6241,2.3917,2.4233,2.4869,2.4741,2.3998,2.6977,2.4224,2.3996,2.5306,2.5791,2.3318,2.1898,2.6376,2.4763,2.4742,2.5875,2.6908,2.5344,2.4024,2.4807,2.77,2.6456,2.6439,2.6913,2.3269,2.6007,2.7578,2.7867,2.511,2.5767,2.6112,2.5523,2.4403,2.7962,2.8158,2.7723,2.6048,2.7072,2.6032,2.5371,2.7599,2.8637,2.8132,2.7179,2.8862,2.4415,2.5698,2.7665,2.6676,2.7755,3.0032,2.7529,2.369,2.3562,2.9279,2.687,2.942,2.969,2.8726,2.6211,2.4662,2.7279,2.5825,2.7694,2.779,2.8764,2.5158,2.7319,2.7699,2.6723,2.6435,2.7574,2.7778,2.6844,2.5064,2.7171,2.7034,3.0298,2.7251,2.7859,2.7664,2.521,2.8707,2.9134,2.7806,3.0454,2.8623,2.4339,2.4236,2.8128,2.8621,2.8957,2.8305,2.8498,2.5995,2.5665,2.678,2.7446,2.7013,2.8778,2.831,2.7161,2.5533,2.8717,1
C-00146,1.78,1.5748,1.6703,1.6481,1.6977,1.6551,1.7639,1.5758,1.5994,1.6734,1.5586,1.7794,1.6684,1.7553,1.6061,1.8724,1.46,1.6681,1.9378,1.6255,1.667,1.7734,1.7101,1.6121,1.5871,1.7163,1.5239,1.653,1.7677,1.645,1.6498,1.6467,1.5702,1.7242,1.663,1.5324,1.7282,1.6851,1.8656,1.6578,1.4595,1.7172,1.4982,1.621,1.5622,1.5954,1.6046,1.7033,1.7364,1.537,1.666,1.7262,1.5551,1.6588,1.6944,1.7031,1.53,1.6781,1.6331,1.6124,1.7442,1.5278,1.5297,1.627,1.7099,1.4987,1.686,1.6752,1.7093,1.5132,1.5587,1.6549,1.6505,1.7272,1.6259,1.4633,1.776,1.6647,1.5302,1.9096,1.852,1.654,1.7567,1.6329,1.63,1.9034,1.6404,1.7442,1.583,1.7023,1.8189,1.6517,1.776,1.8185,1.4916,1.6653,1.7374,1.7254,1.8958,1.5855,1.6718,1.5386,1.5272,1.5422,1.6512,1.6603,1.7045,1.639,1.5051,1.6994,1.7486,1.7599,1.5914,1.6472,1.4885,1.7456,1.6904,1.7411,1.8194,1.724,1
C-00147,2.1267,1.6094,1.2971,1.6706,1.6109,2.0696,1.9194,2.2186,1.9097,1.408,1.9274,1.7675,1.8921,1.5374,2.1333,1.8522,1.3299,1.2941,2.0905,1.9128,1.7087,1.111,1.1517,1.3335,1.6912,1.4865,1.9871,2.3622,1.396,1.2243,1.0543,1.5899,2.0814,2.1693,1.2549,1.8414,0.4788,0.46,2.0184,1.7004,1.6543,1.5024,1.1577,0.6795,1.0091,1.6777,1.4232,1.5905,1.928,1.6069,0.9745,1.2808,1.2385,1.986,1.39,1.3517,1.4359,0.7432,0.9336,1.2164,1.6744,1.237,1.2041,1.3255,0.9212,1.4524,1.5363,1.0804,1.4227,1.0562,1.6123,0.6111,0.6408,1.4281,1.9829,1.2209,1.5496,1.3453,1.2162,1.1284,1.2096,1.4929,1.6632,1.2774,1.5283,0.8838,0.6073,1.1798,1.2034,0.9092,2.2191,1.5337,0.8017,0.636,1.4789,1.4061,1.2066,1.2665,1.099,0.2304,0.7846,1.6084,1.475,1.4047,1.9191,0.7721,0.6381,0.8843,1.522,1.7942,2.002,1.5417,1.1181,0.877,0.6489,1.2432,1.1359,1.6288,1.7337,1.8839,1
C-00148,1.4859,1.2397,1.5458,1.2309,1.2962,1.059,1.0955,1.1774,1.4312,1.3668,1.5226,1.398,0.6907,1.0773,1.5461,1.5457,1.4437,1.4763,1.7928,1.1329,0.9891,1.4611,1.4581,1.6426,1.262,1.941,1.0703,1.2609,1.9415,1.2855,1.4868,1.6623,1.2155,1.1826,1.3571,1.3807,1.7654,1.7775,1.9602,1.3857,1.0958,1.2819,1.3987,1.4891,2.035,1.6428,1.6806,1.0663,1.1171,1.7727,1.7185,1.9096,1.7108,2.1769,0.9704,0.6363,1.4809,1.6191,1.5561,1.7635,1.4249,1.3901,1.3903,1.5533,1.8467,2.076,1.8959,1.8482,1.5661,1.1278,1.666,1.8932,1.6986,2.0448,2.0824,1.1383,1.4171,1.9425,1.7607,1.5951,1.5636,1.6703,1.4806,1.0953,1.7678,1.8166,1.9053,1.7377,1.7849,1.2394,1.1028,1.7119,1.6195,1.622,1.957,1.4282,0.8658,0.9168,1.8749,1.8874,1.806,1.8409,1.9447,1.3539,1.1591,1.6931,1.8839,1.5389,1.4209,1.7452,1.647,0.9249,1.4376,1.4663,1.8045,1.9348,1.8052,1.6936,1.221,1.4261,1
C-00150,1.2343,0.8128,0.5699,1.0487,1.1522,1.4117,1.7848,1.6194,0.633,1.4057,1.3708,1.6992,1.3681,1.3217,1.1313,0.5936,1.066,1.5017,1.1341,1.7554,1.5866,1.3994,0.2389,0.7552,1.2513,1.1657,1.24,0.6744,1.3832,0.73,0.3739,0.7099,1.3506,1.2367,1.1447,1.2146,0.7087,0.3206,0.5381,0.7114,1.0303,0.7543,0.9533,0.7302,0.2792,0.5121,0.9016,0.6599,0.7747,0.9624,0.6645,0.4586,0.6147,0.7529,0.7168,0.9457,1.0078,0.4579,0.5448,0.2566,0.5896,0.757,0.6969,0.8672,0.043,0.3801,0.786,0.6995,0.3992,1.0726,0.758,0.043,0.2749,0.7635,0.7279,0.8275,0.6206,0.8835,0.043,0.043,0.3373,0.4999,0.3856,0.4202,0.2888,0.2277,0.7945,0.6856,0.4077,0.399,0.8003,0.6134,0.4523,0.043,0.5838,1.0888,0.3728,0.8251,0.7581,0.043,0.1358,0.5916,0.6166,1.1007,0.6522,1.0052,0.043,0.043,0.6759,0.874,0.4545,0.3581,0.8823,0.1182,0.6022,1.09,0.5378,0.7532,0.5112,0.6082,1
C-00153,2.8852,3.0881,2.7181,2.8793,3.7671,2.6217,2.8962,2.5197,5.0265,3.1265,4.0788,4.0206,2.0355,3.2568,3.5675,3.2539,5.0927,4.9448,3.6687,2.8013,3.7329,4.2034,3.9261,4.678,4.0706,4.834,3.7259,3.6683,5.5971,5.5109,4.2479,4.851,5.1961,3.4636,3.8782,4.7524,5.679,4.1097,5.0997,5.3359,3.6373,2.4386,6.7567,5.742,5.3122,4.1426,4.6545,2.7634,4.1213,4.3902,5.617,6.1101,5.0278,5.8281,5.0072,3.6543,5.6337,6.265,5.9404,6.8801,5.5205,5.2768,3.2077,5.6321,5.9605,5.9373,6.4227,6.2977,5.6365,5.2466,6.2133,6.1935,5.8123,6.3609,6.5918,4.9285,4.1688,6.1552,6.6675,6.3232,5.704,6.4995,5.8726,5.2374,6.6506,6.7449,7.2897,6.8415,6.3288,5.559,5.8293,6.8623,6.8809,6.3957,7.6875,5.7418,5.1257,5.7074,6.318,7.2727,7.0379,6.2737,6.2401,5.0919,4.3713,5.3224,6.6991,7.4679,6.0522,5.753,5.7778,5.2115,5.61,6.1342,7.02,5.2139,5.827,5.3347,5.2016,5.6813,1
C-00154,3.1632,2.8632,3.0571,3.2814,2.7221,3.1987,3.3826,3.1986,2.6994,2.7541,3.3835,2.9118,3.3337,3.2341,3.0151,2.3457,2.671,3.2049,3.082,3.1571,2.9928,3.2005,2.4127,2.7241,2.723,3.2337,3.0237,3.2466,2.8837,2.8094,2.8162,2.8936,2.8854,2.9039,2.5769,3.0891,2.9358,2.075,2.7448,3.0592,3.0043,2.8871,3.0243,1.9265,2.048,2.5789,2.7553,2.8607,2.4416,2.8649,2.3033,1.9975,2.9225,3.0043,2.5652,2.5157,2.6912,2.3077,2.4106,2.3591,2.7087,2.8785,2.9805,2.7496,1.7487,2.1286,3.1757,2.9332,2.4872,3.0531,2.8044,2.1382,2.3315,3.0632,2.9912,2.416,2.5583,2.5906,2.4652,2.0618,2.6071,2.7652,2.5783,3.0376,2.7221,2.2587,2.0137,2.1072,2.4466,2.3794,2.8904,2.3957,1.9557,2.3651,2.6677,2.8223,2.7424,2.5825,2.6141,2.4179,2.7899,2.4901,2.588,2.329,2.4236,2.5371,1.8841,1.9062,2.7885,2.6118,2.7856,2.2583,2.7816,1.9273,2.3146,2.2355,2.7109,2.9942,2.633,2.8031,1
C-00155,0.5728,0.3908,0.662,0.6624,0.8149,0.4252,0.6682,0.4906,0.4672,0.6156,0.8087,0.6038,0.7056,0.7393,0.66,0.6465,0.4692,0.4841,0.4184,0.6611,0.5679,0.5312,0.4902,0.7429,0.5153,0.5937,0.6596,0.434,0.5868,0.9377,0.5709,0.7766,0.462,0.5886,0.4555,0.7277,0.5416,0.6663,0.6791,0.5803,0.6615,0.6226,0.5732,0.5605,0.5194,0.4873,0.6294,0.5919,0.6696,0.6993,0.6129,0.6376,0.6888,0.5065,0.5041,0.3822,0.4687,0.4047,0.6182,0.6238,0.646,0.544,0.4025,0.3882,0.6828,0.5979,0.6376,0.6315,0.5901,0.8222,0.5184,0.7185,0.4712,0.5645,0.6045,0.5772,0.5231,0.7043,0.5577,0.5825,0.4504,0.5523,0.5999,0.7389,0.4666,0.6235,0.5842,0.6599,0.633,0.5959,0.5697,0.5247,0.542,0.7965,0.3773,0.5217,0.5718,0.6978,0.582,0.586,0.6438,0.7415,0.5303,0.6454,0.5109,0.5911,0.6539,0.6154,0.4187,0.4424,0.6464,0.5357,0.6273,0.7891,0.5336,0.5892,0.5377,0.6441,0.3637,0.7385,1
C-00157,5.4353,5.1961,4.9335,5.5426,5.6577,5.2264,5.2009,5.1517,4.7398,4.7724,5.1268,5.2766,5.3304,5.2548,5.2155,4.3716,4.79,5.153,5.019,5.1084,5.5109,5.1556,5.1613,4.7183,5.0833,4.6358,5.1296,5.3762,4.9288,4.82,4.7433,4.6587,5.5144,4.91,5.1011,5.0466,4.6285,4.6621,4.7208,4.8873,4.9843,4.9344,5.0359,4.158,3.9903,4.9766,4.4994,5.0919,5.0627,4.4253,4.376,3.8983,4.8174,4.0138,4.8984,4.3777,4.9108,3.6944,4.194,4.7494,5.0529,4.4158,4.6616,4.6835,3.7814,4.0536,4.7601,4.7089,4.46,4.7458,4.3652,4.0993,4.2276,5.1428,4.8963,4.6388,4.4045,4.9452,3.5588,4.533,5.0843,4.3405,5.0159,4.4389,4.6559,4.0703,4.1848,4.4343,3.9495,4.4505,4.9224,4.6013,4.036,3.6971,5.0714,4.8818,5.1137,5.1292,4.6084,3.9364,3.5684,4.3912,5.1546,4.9265,4.4547,5.008,4.0879,4.4312,4.5423,4.6522,4.8063,4.6837,4.9319,3.8981,4.2772,4.5188,5.0595,4.5878,4.8337,4.6186,1
C-00161,6.0775,6.8297,6.2679,6.137,6.4884,3.474,4.9913,6.5584,7.199,6.2582,6.4715,5.7068,5.5151,5.4651,7.1468,8.1885,7.2721,7.683,6.5672,5.8748,5.6873,7.7575,6.9759,7.3763,6.2152,7.0298,5.6744,6.4399,7.0466,7.5278,7.7886,7.6048,8.144,6.2982,6.1873,8.6252,8.0559,7.9836,7.3338,8.0135,5.9095,6.9744,8.7263,7.7215,8.8357,7.6372,8.8509,7.6006,7.2824,8.7802,9.687,7.3196,7.728,8.954,7.0029,7.7741,8.9842,9.2148,9.1967,9.4941,8.6679,7.0809,7.2013,9.3827,8.4946,9.1657,9.1278,9.7975,7.8192,6.9724,7.7939,8.784,8.9169,9.1531,9.6993,8.3633,7.7083,10.357,9.043,9.4706,9.031,9.6167,7.7193,7.639,8.7443,9.1323,9.2137,9.6155,9.1577,8.2933,7.9082,9.8506,9.6104,10.1629,9.3785,9.6233,8.0018,7.4036,8.9037,9.0109,9.819,9.6378,10.5648,6.7672,8.214,9.7564,9.857,8.6701,9.909,8.8853,7.1189,8.9423,8.889,8.8538,9.4489,8.4978,8.8677,8.6857,8.4273,8.4465,1
C-00163,9.9813,10.6518,9.6197,10.7421,9.8356,8.7979,9.6752,10.3905,9.7187,10.7041,10.3668,10.6975,9.8018,8.5114,9.7546,9.8476,12.2541,10.7252,11.0697,9.8777,10.3486,10.3145,11.6704,10.5057,11.4072,11.2204,10.6549,9.9623,11.643,12.0484,11.067,11.7915,11.5304,9.9081,10.3004,11.9573,11.5192,11.1353,13.1609,11.588,10.0461,9.875,13.0248,12.1147,11.8938,12.1808,11.705,10.8523,11.9117,11.431,11.8024,10.6969,12.6531,12.4185,11.6718,10.1886,12.8391,12.7871,11.8991,12.2572,12.3652,10.951,10.3764,12.2741,13.6309,12.5995,12.2864,12.2167,10.8302,11.9146,12.8217,11.7047,11.9915,12.389,12.1947,11.7788,11.7229,11.2208,14.3256,13.081,13.8012,13.5762,10.8369,11.0836,13.3748,12.3914,12.0862,13.1306,12.6705,11.4172,11.5164,12.5294,12.4239,12.694,12.3077,12.2945,12.6078,10.1547,12.3529,12.1398,13.5062,12.6826,12.1536,11.1349,11.0643,12.503,12.1385,12.2212,13.4472,13.3609,10.8135,11.9804,13.4821,12.8996,13.3154,12.6767,11.9851,11.1504,1.7102,1.8783,1
C-00167,11.1134,11.8656,11.2832,11.5059,10.9317,10.3904,10.1487,10.9809,11.222,10.1211,10.7089,11.8952,9.3282,10.2389,11.3017,11.0059,11.1346,11.065,11.2529,10.1229,9.5896,11.3472,11.2482,10.4119,11.3162,12.7321,11.2625,11.0818,11.3831,11.033,11.3871,11.7015,11.1131,11.1372,10.6721,11.6798,10.7957,11.206,11.6476,12.1788,9.3737,10.1286,10.3566,11.7857,11.4227,12.6151,12.7091,11.1389,11.7087,12.4882,11.7926,10.5965,12.8724,12.129,11.3853,11.0822,12.5172,11.9725,12.8621,12.1585,11.6824,10.7989,11.0949,12.1433,12.4193,12.5932,11.9887,13.0991,12.5882,11.0633,11.8868,11.8188,12.1594,12.5347,12.0409,10.8455,11.1445,11.9808,12.4521,12.5732,12.3673,11.9571,11.4915,10.498,12.713,12.4464,14.1266,12.7886,12.0925,10.6398,11.2776,11.8526,12.5585,12.5808,12.9892,12.6184,9.7103,11.3023,11.3615,12.7497,13.4757,12.6922,0.8428,0.7329,0.7441,0.8014,0.7952,0.8728,0.8441,0.8498,0.8466,0.7631,0.8343,0.889,0.8071,0.8331,0.821,0.7869,0.7771,0.9115,1
C-00170,9.1027,9.9842,8.2436,7.925,8.4558,7.7374,6.8044,7.8977,7.5445,9.0237,9.764,8.5661,7.5201,7.8646,9.6057,8.9575,9.3261,8.9683,8.0676,8.4508,0.6104,0.7222,0.7728,0.7048,0.6532,0.7635,0.6486,0.6335,0.811,0.7183,0.7684,0.738,0.8106,0.6223,0.7105,0.6686,0.7972,0.7814,0.8383,0.7083,0.6432,0.7658,0.7329,0.8358,0.8334,0.792,0.8574,0.7203,0.7226,0.9016,0.8141,0.7862,0.7936,0.801,0.6621,0.7296,0.792,0.8757,0.847,0.9037,0.8808,0.7657,0.7351,0.8069,0.8957,0.8505,0.8114,0.7827,0.686,0.7447,0.9031,0.8857,0.9082,0.9296,0.7804,0.7547,0.701,0.9718,0.9029,0.8844,0.8721,0.8729,0.7283,0.7224,0.8286,0.8905,0.9833,0.9061,0.872,0.7878,0.7453,0.8305,0.9055,0.8954,0.9582,0.8447,0.728,0.7713,0.8665,0.8279,0.9373,0.8877,0.8567,0.7533,0.8696,0.8479,0.7974,0.8106,0.8773,0.8856,0.8009,0.7881,0.8154,0.8765,0.8289,0.8014,0.8162,0.7944,0.7053,0.8582,1
C-00175,1.6786,1.7396,1.5342,1.6548,1.598,1.4493,1.6155,1.5676,1.6371,1.6783,1.3524,1.597,1.7572,1.5364,1.5473,1.6279,1.504,1.4031,1.7842,1.5878,1.4877,1.5084,1.6009,1.5221,1.6156,1.4933,1.6837,1.6706,1.5066,1.5109,1.5707,1.515,1.6405,1.6409,1.5647,1.6268,1.4622,1.7175,1.4007,1.5692,1.6665,1.4979,1.4498,1.6776,1.6468,1.6928,1.5748,1.6323,1.5872,1.7009,1.7675,1.5386,1.6996,1.5294,1.4729,1.6571,1.6409,1.58,1.7547,1.7049,1.4674,1.5402,1.5305,1.5169,1.6186,1.4561,1.6217,1.4213,1.6863,1.7366,1.7291,1.5669,1.5432,1.5173,1.6472,1.5584,1.5249,1.5806,1.5962,1.545,1.5078,1.5453,1.6319,1.6658,1.5106,1.5645,1.4958,1.5968,1.6582,1.513,1.4714,1.4241,1.548,1.5292,1.683,1.5288,1.5232,1.543,1.6352,1.704,1.527,1.5943,1.7825,1.5028,1.3888,1.6498,1.4905,1.6086,1.5407,1.6668,1.6399,1.8461,1.6184,1.5445,1.5631,1.7429,1.6473,1.5159,1.4272,1.5016,1
C-00176,6.7141,8.0992,7.5762,7.2759,7.6157,5.5943,5.8773,8.046,7.9144,7.7092,8.1291,8.6544,5.705,6.2951,7.8801,7.5074,7.2703,7.5461,7.7293,7.8555,7.2352,9.3027,8.1691,8.7749,9.2844,7.7772,7.815,7.2298,9.0827,9.1392,8.7966,8.6377,9.243,8.1622,7.4138,9.4303,8.5543,9.4614,9.156,9.5153,7.6956,7.1046,9.6457,8.7416,10.0837,9.838,9.5965,8.5294,8.4576,9.4146,9.9069,9.3519,9.9094,10.2983,8.3882,8.6847,8.5821,10.1141,10.8911,11.2335,10.4459,8.3534,8.2405,10.0127,10.758,10.8984,9.699,9.481,10.1153,9.754,9.6111,10.1681,10.7696,9.3337,10.2403,10.0101,9.403,10.1194,11.2165,10.2161,10.4271,10.1493,10.0049,9.6186,11.0011,11.1299,11.0196,10.911,10.2544,8.7477,8.9802,11.2741,10.1345,9.6979,10.5384,2.9578,2.4528,2.5332,2.931,2.5382,2.8029,2.7086,2.61,2.5734,2.4461,2.6516,2.5309,2.8984,2.4869,2.6154,2.504,2.5144,2.8798,2.7247,2.6515,2.5758,2.796,2.0426,2.4777,2.8982,1
C-00178,8.1217,8.238,8.3089,8.2436,8.3408,6.0962,5.7482,8.6601,7.1247,8.5367,7.8282,8.5979,7.6207,5.97,6.7461,7.4862,7.8767,7.7653,8.75,6.752,7.0511,8.9476,8.6439,8.3915,8.7848,9.179,6.8079,7.6332,8.2047,8.6478,9.1433,6.0416,8.2646,5.9957,6.9322,8.7767,10.2927,7.6716,8.3251,8.0859,6.486,8.041,8.9516,8.3889,8.2539,8.4761,8.6861,7.0907,7.9264,7.8956,9.4445,8.9174,9.7193,8.7378,7.9552,6.919,9.2457,9.0962,8.1555,8.8746,8.9203,8.476,7.5972,8.6957,8.0283,9.3806,9.0746,9.6363,7.9252,7.8214,8.3642,9.6796,8.9258,9.201,8.6533,8.6,7.3352,9.1315,8.8197,9.5165,8.8262,10.0243,8.6325,7.9431,9.7663,8.2365,9.2606,8.9309,8.4679,8.1107,8.4528,7.4716,8.4592,9.347,9.4025,8.8088,8.4068,8.8123,10.2088,9.4008,7.8186,8.6351,9.0213,7.4579,7.9314,0.9482,0.9806,0.9166,0.9199,0.8949,0.8167,0.7654,0.9382,0.9423,0.8224,0.8554,0.9295,0.76,0.7811,1.0076,1
C-00179,1.8955,2.4835,2.311,2.6352,2.7256,1.8544,2.3378,2.2471,2.8087,2.4615,2.355,2.7542,2.2049,2.6901,2.4794,2.2496,2.5102,1.9587,2.75,1.9494,1.6479,2.966,2.5109,2.2447,2.9089,2.8486,2.0839,2.1042,3.0627,2.863,2.5192,2.5696,2.4734,2.0419,2.4091,2.6306,2.8016,2.651,2.74,2.7264,2.0658,1.9449,2.9534,2.9863,3.0127,2.8566,2.9794,2.7485,2.1426,2.485,3.0657,3.0266,2.8259,2.7907,2.7958,2.0523,2.7816,2.7278,2.7796,2.851,3.1083,2.429,2.3922,2.949,2.6143,2.8632,2.8579,2.9699,2.8078,2.2987,2.9755,3.1308,3.3092,2.9097,3.2513,2.6838,2.021,2.9017,2.9785,2.6456,2.8653,2.7246,2.484,3.1413,3.1508,2.6937,3.0019,2.8193,3.0334,2.257,2.3002,3.1563,3.16,2.9894,2.9307,3.5196,2.7504,2.5767,3.4252,2.5133,3.1411,2.9532,2.9981,2.2835,2.8335,2.9068,2.7042,2.722,3.1898,2.4527,2.8708,1.9125,3.0529,2.9551,2.9713,3.1789,3.0161,2.4113,1.8879,3.2184,1
C-00180,9.5463,8.5879,8.1058,9.2174,7.8442,8.1572,7.3213,8.4594,9.1388,8.6861,8.9552,9.478,8.1122,8.1043,10.1773,9.6528,8.5332,8.9147,9.2875,8.175,8.522,10.7954,10.4561,10.1925,9.7196,9.6223,8.4307,7.9932,10.3304,9.7251,10.6252,10.1889,10.2491,8.6911,9.1618,10.1563,10.1344,9.3278,10.8325,10.4685,10.8123,8.3165,10.4354,11.015,10.3726,10.3246,11.8994,9.5973,9.4301,9.9768,9.9584,11.0651,10.2252,10.8025,9.4412,10.3187,10.5244,11.2951,11.6776,10.4271,11.1141,9.6882,8.9446,11.8295,10.5169,11.4997,12.3552,11.4404,10.7917,9.955,11.2165,11.8692,10.9516,11.1749,11.2892,10.1319,10.8886,12.5036,12.25,11.725,11.5632,11.0466,9.1615,10.156,11.5145,10.3612,11.1804,10.9813,11.5586,11.0855,9.6014,12.0232,10.6335,11.3106,10.7448,11.9517,10.8572,10.2471,10.8183,11.1189,10.6754,11.7337,11.8635,9.7365,11.8621,10.7681,11.9215,10.849,10.7987,11.8784,9.133,9.6989,10.988,11.0268,11.4907,10.2914,11.5226,9.2691,9.4269,11.5227,1
C-00189,6.5011,6.2145,6.7489,7.1502,9.6356,4.2946,8.2349,7.2124,7.5593,11.2403,5.6532,6.2082,7.3096,5.5324,10.1788,7.6686,9.3459,10.769,4.7698,3.4656,5.4364,6.1403,8.182,4.52,8.2992,10.7979,5.3523,8.4665,6.8238,5.8769,9.9639,11.2064,9.0017,9.948,6.1218,8.0353,9.2132,9.0164,8.0746,9.9718,4.7499,8.2261,9.2703,9.0227,6.3991,11.8774,7.8103,4.5287,8.3745,11.7898,8.2259,10.0663,10.5754,8.4991,9.3758,9.2792,7.558,12.9207,6.8764,6.492,9.0541,8.437,6.3082,12.1828,11.9433,11.1213,11.3642,12.2786,9.378,8.4381,7.6951,11.7953,9.9067,9.9322,12.4927,10.2963,8.6805,10.6885,9.5056,9.7147,7.8687,7.306,9.6838,11.2116,9.1663,12.5228,7.0917,6.6074,9.805,8.4759,6.2872,9.3912,11.0534,7.3744,10.1156,7.8069,9.4859,9.9226,12.3687,8.9613,6.3346,9.7854,11.7067,6.5247,8.4987,7.1134,9.1545,8.6832,11.1946,11.2779,9.076,7.776,10.8705,8.2308,6.4066,11.2924,7.9448,9.9965,7.9815,6.8877,1
C-00190,3.3466,3.2801,3.8125,3.2118,3.5642,3.0689,3.1579,3.3883,3.8275,3.5529,3.4299,3.37,2.9544,3.1024,3.4853,3.8671,3.5102,3.8292,3.4516,3.4137,3.5051,3.7609,3.8562,3.8604,3.4653,3.6379,3.2868,3.8,3.2068,4.0993,3.7895,3.6717,3.9177,3.3814,3.5578,3.8626,3.5076,4.0709,3.9446,3.954,3.3631,3.5293,4.18,4.2026,3.9677,4.1044,3.8919,3.6473,3.4546,4.1095,3.9543,3.9146,3.6063,3.7037,3.1643,3.8366,3.7721,4.1213,4.0547,3.9358,4.0932,3.5634,3.7025,4.0014,4.2319,3.9516,4.1649,3.8267,3.4424,3.4274,3.8596,3.8709,4.2319,3.927,3.9716,3.5057,3.665,3.891,4.244,4.4075,4.3342,3.9292,3.4326,3.6935,4.3355,4.0435,4.1422,4.1307,3.8708,3.8124,4.0738,4.2185,3.9813,4.0572,4.1355,4.1288,3.3673,3.7968,3.7952,4.2455,3.8844,4.2933,3.9798,4.3887,3.8562,4.0721,3.896,3.9865,4.2229,4.0758,3.6843,3.5498,3.7443,4.0774,3.923,3.8307,3.8981,3.8039,3.5482,3.7602,1
C-00191,0.0,12.8359,14.8136,0.0,14.2011,13.1531,13.4304,14.3424,15.024,14.6739,15.6212,15.7999,14.2655,13.1135,0.0,0.0,14.9853,15.4258,0.0,13.5219,14.698,0.0,0.0,14.8994,16.7588,15.9237,13.3318,0.0,17.1918,16.789,15.483,0.0,0.0,13.8646,15.9052,16.234,0.0,0.0,16.5549,0.0,15.5548,14.6859,0.0,16.7683,16.7415,17.1093,17.3754,0.0,16.9519,15.8928,16.6735,17.9569,16.0304,0.0,16.0258,0.0,17.1614,17.6067,17.5102,0.0,17.58,16.7136,0.0,0.0,0.0,0.0,0.0,16.6236,16.0955,0.0,0.0,17.3862,18.2087,0.0,0.0,0.0,0.0,17.2459,17.8509,18.306,18.0652,18.0764,16.7928,15.8246,17.5962,17.3324,0.0,17.439,18.4235,15.8859,16.8907,0.0,18.1387,18.2848,0.0,17.7922,16.7848,0.0,16.3737,0.0,17.3721,17.7322,18.1854,17.2654,0.0,17.4823,0.0,18.2644,0.0,0.0,17.5628,0.0,0.0,0.0,0.0,17.0655,0.0,0.0,0.0,16.9907,1
C-00193,6.9822,8.315,8.2092,8.7442,7.1488,8.2537,7.0313,7.4575,7.9925,8.316,8.2792,8.6867,5.9587,7.4725,9.1224,8.6691,8.4889,8.3331,8.1774,7.1107,7.8497,8.7705,8.6872,8.7976,8.5104,9.6368,7.0461,8.6107,10.0763,8.6227,9.1703,8.925,9.3123,8.3445,7.6861,9.7882,9.5456,9.1397,9.101,9.1201,8.5789,7.5368,7.8721,8.3296,10.3479,8.4361,9.068,6.6296,8.4515,9.4959,8.975,10.035,10.0104,9.8104,8.2123,9.25,8.8913,9.8172,9.0004,9.0773,8.54,7.312,8.0583,9.5348,10.1413,8.9661,9.3529,10.1186,7.5724,8.1364,9.2052,10.1692,9.032,10.0509,10.0749,8.8587,7.8999,10.4523,9.7485,9.1807,9.6986,10.295,8.7717,8.5684,9.4832,10.1393,8.7672,9.6656,10.3095,7.5674,8.1023,10.2923,10.7443,9.6716,11.0347,9.3707,9.6843,9.1846,9.6238,9.8617,9.7937,10.3109,9.357,8.7815,8.8099,9.7169,9.8928,9.4567,10.3117,10.5878,8.0814,8.8745,9.679,10.5616,9.6016,9.9055,8.9878,8.4371,6.8716,0.4543,1
C-00196,1.2654,1.3587,1.2962,1.3991,1.4428,1.0529,1.1939,1.2249,1.5385,1.3001,1.3634,1.4525,1.2934,1.2817,1.3944,1.4316,1.4606,1.454,1.4383,1.3146,1.1776,1.512,1.4984,1.5041,1.5936,1.4177,1.3577,1.3915,1.6529,1.5618,1.6055,1.5396,1.6226,1.4858,1.3865,1.6242,1.6056,1.6633,1.5016,1.734,1.4618,1.4307,1.5455,1.6913,1.6681,1.6679,1.7685,1.4949,1.4584,1.5605,1.7244,1.5979,1.6365,1.631,1.5576,1.5865,1.7652,1.7842,1.5997,1.7252,1.8146,1.5349,1.3864,1.7354,1.8814,1.6785,1.6205,1.8921,1.5041,1.495,1.7264,1.8068,1.6313,1.7593,1.9344,1.5653,1.7521,1.9075,1.7224,1.7867,1.738,1.8068,1.5554,1.614,1.8397,1.8223,1.7268,1.8047,1.6896,1.6603,1.6627,1.7583,1.8486,1.7582,1.8429,1.8585,1.6271,1.527,1.6891,1.6858,1.7524,1.8139,1.8322,1.4306,1.78,1.8365,1.7354,1.7334,1.7594,1.8749,1.5494,1.6942,1.8765,1.6337,1.6633,1.7381,1.5999,1.5388,1.5714,1.6054,1
C-00198,2.4449,2.426,2.6448,2.2006,2.6612,2.227,1.9623,2.3044,2.5265,2.6645,2.6858,2.5016,1.8361,2.1262,2.6388,2.5138,3.0748,3.0472,3.3241,2.1768,2.8441,2.9948,3.4355,3.0216,2.6096,2.9729,2.4705,2.1603,3.3609,3.3728,3.2362,2.794,2.6834,3.1213,2.8946,3.4595,2.9394,3.2314,3.2451,3.3516,2.7886,3.074,3.1392,3.2521,3.6866,3.7061,3.4447,3.1682,3.0829,3.071,3.6457,3.0789,3.6898,3.3366,3.4972,2.9106,3.5627,3.3923,3.6539,3.4836,3.3172,3.2627,3.6121,4.0171,3.5229,3.7404,3.9969,3.364,3.047,2.7333,3.5624,3.895,3.8002,4.2562,4.1539,3.664,3.6684,3.8029,3.9569,3.9656,3.2173,3.6316,3.6426,3.2732,4.1262,3.838,3.4425,3.5763,3.906,3.0365,3.6705,3.6419,4.2805,3.7554,3.3831,3.7961,3.6435,3.8013,3.8612,3.6416,3.2845,4.0243,3.8765,3.4002,3.3273,4.0198,3.7379,3.9019,3.9797,3.9668,2.9306,2.9695,3.6542,3.7831,3.3815,3.5815,3.7605,3.4266,3.0585,3.5968,1
C-00200,2.1668,1.9463,1.8339,2.0413,2.3019,2.3105,2.0347,2.1978,1.8019,1.7493,2.0399,1.9333,1.7845,2.2944,1.7319,1.9326,1.9062,2.2123,1.9815,1.9556,1.6359,1.5997,1.4957,1.8022,1.8095,1.6531,1.6154,1.8577,1.9144,1.6119,1.4704,1.5249,1.5663,1.3586,1.5745,1.4571,1.3824,1.4184,1.5925,1.7133,1.6157,1.5709,1.6988,0.9603,1.1671,1.3937,1.5858,1.5143,1.403,1.5746,1.2177,1.1604,1.0751,1.3431,1.1417,1.197,1.5075,0.7104,0.9994,1.4753,1.4532,1.2441,1.1837,1.6508,0.8334,1.368,1.4322,1.2243,1.1719,1.2972,1.074,0.8787,0.9492,1.5778,1.124,1.2978,1.3277,1.1957,1.0023,0.8745,1.405,1.2302,1.3542,1.2016,1.2734,0.9004,1.0933,1.3435,1.4298,1.2414,1.1959,1.2647,0.7372,0.7713,1.506,1.1196,1.3648,1.1231,1.1545,0.9444,0.73,1.2744,1.4636,1.4859,1.5388,1.189,0.8241,0.9296,1.1606,1.2857,1.1808,1.1385,1.4021,0.9151,1.1222,1.2331,1.2221,1.1269,1.1955,1.538,1
C-00202,6.5295,6.8763,0.0,6.9775,7.0303,5.9481,0.0,7.9984,0.0,7.8976,7.7328,0.0,6.5184,6.7711,7.9392,7.4806,9.1751,8.2208,0.0,6.7248,6.4708,7.7591,8.4434,0.0,8.0651,7.7947,0.0,0.0,0.0,8.1457,8.4745,8.4168,8.688,0.0,0.0,0.0,0.0,0.0,0.0,7.9996,0.0,0.0,0.0,0.0,7.3492,8.9731,0.0,0.0,8.0844,8.4947,9.3377,8.4568,0.0,8.9402,0.0,0.0,0.0,7.5979,7.382,9.0115,8.8469,7.3798,7.5013,0.0,8.7219,8.1182,0.0,7.9918,7.7526,0.0,7.4884,7.8586,9.3267,0.0,0.0,0.0,0.0,0.0,8.9879,9.3973,8.4011,8.5106,7.3992,7.969,9.4059,9.6172,0.0,9.4057,0.0,0.0,7.4855,0.0,0.0,9.8989,8.6776,0.0,7.7541,0.0,0.0,9.1675,8.9374,7.2547,8.7433,7.7986,0.0,0.0,0.0,0.0,0.0,0.0,0.0,7.8331,0.0,8.3902,8.9134,9.3801,0.0,9.0516,7.9403,0.0,1
C-00203,7.5574,7.368,6.512,8.0448,7.5564,7.7533,8.09,7.5004,6.7711,7.1699,7.5923,7.7621,7.7706,7.5463,7.2182,7.3852,6.7118,7.4384,7.5038,7.4983,7.0823,7.2256,6.4389,6.2238,6.8393,7.2863,7.6125,6.434,7.1829,5.8281,6.0697,7.4244,6.3743,6.9975,6.6193,7.3945,6.0912,6.0028,6.8422,6.5905,7.405,6.7992,7.1967,5.6545,6.1127,6.792,6.371,6.3981,5.9929,6.1829,5.2282,5.4428,5.9073,6.1981,5.9297,6.8534,5.8298,5.8526,5.6652,6.1954,6.3306,5.4352,6.0986,6.3219,4.869,5.4466,5.8217,5.9724,6.3487,6.1383,6.2632,5.7772,6.2153,6.2214,5.7308,6.256,5.7372,5.6381,4.9252,5.8057,6.2297,5.8857,5.7275,5.6856,5.8949,4.2042,4.9244,6.5736,6.5252,5.6366,5.8124,5.8971,4.6078,4.97,5.4141,5.7626,5.896,5.9845,6.2507,5.7695,5.4911,5.7838,6.4533,6.0886,6.1307,5.87,5.2589,5.3362,5.7412,5.9847,6.1577,5.6742,5.9615,5.5082,5.4093,5.7494,5.4764,6.1161,6.5804,6.0631,1
C-00204,0.0,0.0,6.9927,5.8075,6.1271,4.9282,0.0,6.6919,0.0,0.0,0.0,0.0,4.4705,0.0,0.0,6.7239,0.0,0.0,6.0111,0.0,5.7219,6.9162,5.3637,0.0,7.448,7.0691,6.0746,5.4874,0.0,0.0,6.72,6.7416,0.0,5.4038,5.4437,0.0,0.0,0.0,7.6498,6.7545,0.0,6.0122,7.3606,7.7436,0.0,6.3194,7.2708,6.1704,0.0,6.9776,0.0,7.9002,8.7973,0.0,0.0,4.5622,0.0,7.6996,0.0,0.0,7.4516,0.0,0.0,0.0,8.0918,7.6008,8.1743,8.4635,5.8565,0.0,0.0,7.9943,7.5264,8.8343,8.2156,8.4089,0.0,7.7993,7.359,0.0,7.6019,9.3701,6.561,6.5022,7.8254,0.0,8.4005,0.0,0.0,7.281,0.0,7.2846,7.7438,0.0,0.0,0.0,6.2276,0.0,8.5226,9.0546,8.1808,0.0,0.0,0.0,6.388,0.0,0.0,0.0,0.0,7.6248,7.9388,6.5967,7.8819,0.0,7.8788,7.7566,0.0,5.5271,0.0,0.0,1
C-00207,3.8193,3.7012,3.3807,3.8359,4.0444,3.6565,3.3227,3.9758,3.6455,3.4607,4.1884,4.1508,3.4493,3.5524,4.0897,3.9291,3.7646,4.4423,4.2886,4.1187,3.6988,4.3053,4.5934,4.561,4.293,4.2323,3.4544,4.3319,4.5119,4.549,4.5159,4.8958,4.6631,3.8464,4.4206,4.7653,4.1191,5.1072,4.4734,4.5035,3.3941,4.1034,4.9931,5.3813,5.4275,4.7832,5.2051,3.8343,4.28,5.7352,5.0096,5.1562,4.6894,5.3721,4.5193,4.4253,5.225,4.6849,5.676,4.9447,5.0131,4.6964,5.1841,4.6077,4.7477,5.1787,5.207,5.0626,4.6222,4.2735,5.2648,4.967,5.1913,5.1511,5.2897,5.1306,5.2106,4.9919,4.9341,5.2122,5.5295,5.4199,5.0196,5.3553,5.2173,5.4391,5.4119,5.2602,5.5042,4.8381,4.9764,5.4448,4.9808,5.2655,5.0496,5.4729,4.5112,5.0247,5.3357,4.8607,5.4268,5.7402,5.1452,4.1234,4.6479,5.3379,5.1512,4.9726,4.8578,5.3032,4.2652,4.5594,5.3205,5.6518,5.1066,4.956,5.1286,4.7694,4.0891,5.1935,1
C-00209,4.7894,4.8764,4.8227,4.326,4.2521,4.3822,3.9959,4.2089,5.156,4.5589,4.4059,4.7073,4.11,4.0966,5.1068,4.7748,4.7945,5.3693,4.8926,3.8523,4.6952,4.9224,4.9487,5.3572,4.7369,4.9166,4.5686,4.3014,5.4371,5.4103,5.2216,5.0504,5.2707,5.4269,4.8531,5.1086,5.4705,5.2635,5.4622,5.7716,5.0549,4.9752,5.5033,5.5633,5.3959,5.7423,5.5952,5.2695,5.6605,5.192,5.6371,5.6341,5.526,5.5838,5.5326,5.3424,5.3201,5.9408,5.4478,5.9448,5.67,4.8862,4.8442,5.8914,6.0642,5.4471,5.7802,6.0645,4.9507,5.6522,5.2739,6.0312,5.8462,5.8401,6.1153,5.4639,5.393,5.6809,6.1437,5.9948,6.1166,5.6432,5.1206,5.4072,5.8813,5.7982,5.9433,5.7158,6.6775,5.146,5.5133,6.3864,5.7673,5.8298,6.1777,5.7474,5.5083,6.0005,5.6009,5.7733,5.6946,6.08,5.795,5.5104,5.6314,5.9121,6.1117,6.0495,5.9767,6.0237,5.0617,5.4395,6.153,5.8762,6.0454,5.8668,5.9952,4.9855,4.9751,6.0866,1
C-00213,4.1312,4.3371,4.2687,4.2373,4.2645,4.303,4.1055,4.1705,4.1949,4.1286,4.3274,4.1603,4.0019,4.2573,4.1868,4.1498,4.3284,4.1252,4.144,4.1982,4.3058,4.1662,4.1172,4.1355,4.2491,4.2456,4.1342,4.2173,4.1782,4.396,4.265,4.106,4.2792,4.1966,4.342,4.1163,4.185,4.208,4.1818,4.196,4.1313,4.0505,4.0467,4.3011,4.3185,4.2417,4.4033,4.0404,4.353,4.2898,4.0626,4.2284,4.2362,4.2766,4.1811,4.271,4.248,4.0754,4.0983,4.2375,4.2218,4.0611,4.1688,4.2404,4.2186,4.262,4.286,4.169,4.3111,4.1138,4.2323,4.2169,4.0686,4.0295,4.1893,4.2487,4.2365,4.294,4.0948,4.3585,4.2347,4.1798,4.1097,4.3088,4.0937,4.367,4.0314,4.1018,4.1187,4.2746,4.0869,4.1527,4.2757,4.1785,4.1669,4.3631,3.9317,4.2565,3.9638,4.1615,4.1081,4.2698,4.1669,4.0932,4.1943,4.0177,4.1331,4.1409,4.1724,4.1711,4.3017,4.2956,4.0981,4.2387,4.2214,4.3735,4.1732,4.1945,4.2539,4.2546,1
C-00216,2.7489,1.6965,2.7904,3.5918,3.1652,1.6452,1.6646,3.9885,0.8051,2.6047,1.3399,3.5732,1.7006,1.5839,2.1849,4.2534,3.7185,2.8188,2.7686,3.1552,2.0551,1.6559,3.505,4.4473,3.2374,4.1498,2.7296,2.018,5.1945,2.7548,3.3445,4.7892,3.2979,3.1967,3.5207,4.4215,4.535,4.8663,3.3149,4.4326,2.5207,3.271,4.7122,4.7405,4.4898,4.7558,4.5187,2.5382,4.0225,5.7856,4.765,5.004,6.0803,5.3181,4.6754,3.2682,4.9931,5.0726,5.0933,4.1142,5.2641,2.7241,3.8397,5.4268,4.8161,3.597,6.7315,4.9864,4.8828,4.2004,5.4934,4.2766,6.2002,5.3595,4.9905,5.2548,4.5987,5.8798,4.5137,6.2322,3.805,6.2917,4.1352,4.6017,5.4453,4.4605,6.2618,6.055,7.0876,4.2742,3.2488,5.3089,6.4431,4.8353,6.6019,5.5717,3.6984,2.7621,5.817,5.8235,5.8494,4.5056,6.8207,4.349,3.4823,6.3063,5.4054,6.4684,5.4634,6.348,4.9332,4.5479,4.9328,5.6455,5.6336,5.0165,5.8476,4.266,4.7232,4.6653,1
C-00218,6.1161,7.0736,7.0909,7.4304,7.2808,7.1248,6.8982,6.5634,6.8594,8.8631,7.9642,7.4935,7.18,4.9317,8.167,9.1214,7.2551,7.1907,9.29,7.608,6.5019,7.0858,9.6611,8.4768,7.8892,9.609,8.5047,7.6935,8.2146,9.018,8.3096,8.7496,8.787,8.1201,7.545,9.427,9.5136,9.7086,9.168,9.9876,8.4098,8.6963,9.8647,9.5277,9.8259,8.6057,9.421,8.3112,8.5961,9.7799,10.5353,9.5424,10.4894,10.6754,8.8657,8.6912,10.741,10.0292,10.0314,9.7439,10.0697,9.1142,10.4971,9.1755,9.8927,9.4972,9.7954,10.8261,8.211,9.0218,11.0024,10.9945,11.2878,10.9167,10.5643,9.7322,8.8181,10.9446,10.3073,11.4003,10.5707,10.9503,9.7189,10.1054,10.7204,10.4177,10.1331,10.9168,10.4589,9.2828,9.2296,12.1811,10.6642,11.0164,11.5486,10.9945,9.4102,9.4939,10.4438,11.6852,12.0733,10.7921,10.8789,9.3903,10.4134,11.2803,10.3487,10.9352,11.5581,10.7034,9.7559,9.6586,10.2517,9.7782,10.6515,9.9878,10.7667,10.3641,9.3482,10.246,1
C-00219,7.0749,6.4847,6.5709,6.8324,0.0,6.6918,6.3651,0.0,6.5464,0.0,9.0029,0.0,0.0,6.7298,0.0,0.0,7.9013,0.0,8.0102,0.0,0.0,8.8191,8.483,7.9484,0.0,8.0954,8.1946,0.0,7.7638,8.4873,8.7993,8.631,9.599,8.1395,7.5501,8.6323,0.0,9.0383,8.7039,8.5247,7.8047,8.3446,0.0,0.0,9.2788,0.0,9.3726,0.0,0.0,10.8762,0.0,9.5754,8.8938,9.808,0.0,0.0,9.2277,9.7487,9.9708,9.9508,9.4496,0.0,9.494,9.6948,0.0,10.1768,10.8039,0.0,9.0393,8.7761,0.0,10.4924,11.0557,0.0,9.4576,9.3989,9.5441,0.0,0.0,10.2814,9.7838,0.0,0.0,0.0,10.0724,0.0,10.3871,0.0,10.0503,10.0877,11.1055,10.425,0.0,9.8266,10.3021,9.9386,0.0,10.4145,10.1244,0.0,10.6693,0.0,0.0,0.0,0.0,10.9606,0.0,10.6058,10.4475,0.0,0.0,9.4248,0.0,0.0,10.8251,10.8263,9.4646,0.0,0.0,9.9702,1
C-00222,2.9218,0.0,3.761,2.9039,3.8133,0.0,0.0,0.0,0.0,3.9001,3.4248,2.7842,0.0,2.3341,3.881,0.0,0.0,3.2612,3.9591,3.6189,0.0,0.0,0.0,5.0528,0.0,4.8799,0.0,0.0,0.0,4.8973,0.0,4.0334,0.0,0.0,3.6733,4.5504,0.0,5.1255,5.0278,4.495,0.0,5.0753,5.0769,5.4254,4.4988,0.0,0.0,0.0,4.0214,6.4147,0.0,0.0,6.3611,0.0,0.0,0.0,5.8452,6.3216,6.1474,0.0,4.9691,4.4807,4.4981,0.0,5.783,0.0,5.4521,0.0,4.9254,5.6285,5.5502,0.0,0.0,0.0,6.0252,3.6334,0.0,6.2122,0.0,6.2164,0.0,6.5266,4.9263,3.9156,0.0,5.9057,6.499,0.0,0.0,5.4143,0.0,7.4304,6.3477,0.0,5.6004,6.9612,0.0,5.763,5.2514,0.0,6.1442,7.162,6.7942,5.4931,4.4333,0.0,6.0382,0.0,6.0118,6.4893,0.0,0.0,6.1074,0.0,5.5102,0.0,0.0,0.0,4.5736,5.3039,1
C-00225,9.2587,6.7002,7.1899,10.2338,9.7437,7.7336,12.0196,8.343,10.9426,7.2368,9.9203,13.1874,9.8156,5.9909,10.5783,9.8029,7.5841,10.7295,9.1889,8.8972,6.9876,11.5094,6.2129,9.7896,8.4513,14.338,9.8011,6.6489,11.5178,8.7411,12.4924,8.8043,11.1955,9.3589,8.9067,11.3357,7.639,10.6293,10.8031,14.587,7.4338,11.181,12.8524,10.2106,14.3657,13.4508,7.9213,7.2311,9.9811,9.9836,7.3014,10.9737,7.7867,15.6892,9.0121,9.2227,9.9668,8.6163,8.0132,10.9697,8.8461,13.6476,8.029,11.0231,11.2336,12.5247,12.5143,12.3343,10.3501,12.2155,14.8815,9.1546,12.5645,14.8511,9.0862,10.3175,6.4707,11.3334,12.1141,8.5989,15.4915,11.9792,8.8957,13.8777,10.315,14.316,12.6052,9.1898,7.1128,10.5013,9.047,9.5337,8.0442,13.0541,12.8625,12.4315,9.0208,13.0567,10.0379,9.2216,10.7391,11.1313,7.8234,9.5755,12.4763,9.6151,10.2513,6.7612,11.4703,13.7267,6.5891,8.5115,11.3757,13.1999,10.7799,13.0878,9.5923,12.5489,8.5793,12.6937,1
C-00227,11.1085,12.4385,10.9159,11.97,11.5198,11.3113,10.3171,11.2228,12.1203,11.4838,12.1339,11.3805,10.3095,9.6186,11.8844,11.9399,11.287,10.7453,11.3111,10.738,10.1561,12.3161,11.508,11.6585,12.7024,12.3076,11.0541,11.8723,11.8892,12.4685,12.369,12.7314,12.3212,11.4584,11.6006,12.2832,11.5147,13.7134,12.3722,11.949,11.5209,11.4414,12.4117,13.1405,13.005,13.1174,13.3088,2.4415,2.5441,3.0362,2.882,3.1093,3.1619,3.0323,2.615,2.5059,2.8146,2.9746,3.0105,3.1177,3.052,2.7057,2.5994,3.1076,2.8083,2.8841,2.936,3.2046,2.8362,2.9722,3.0055,3.0994,3.2176,3.0647,3.1994,2.8542,2.5465,3.0107,3.2548,2.884,2.9283,3.0107,3.0207,2.685,3.0883,3.006,3.1039,3.075,3.0713,2.7852,2.704,2.9002,3.0154,3.1388,3.0887,3.2251,2.6954,2.5806,2.9791,3.0245,2.8651,3.132,2.8961,2.8319,2.7017,3.1084,3.0514,3.0875,3.077,2.7582,2.7334,2.5435,3.0401,2.9625,3.1475,2.7712,3.2817,2.7622,2.6736,2.8339,1
C-00228,13.064,12.7076,0.0,0.0,0.0,11.2785,11.9161,12.3567,0.0,12.67,14.3705,14.1023,0.0,0.0,14.0309,0.0,0.0,0.0,14.0177,13.4437,0.0,13.5042,14.3892,0.0,14.2401,15.882,14.4464,12.6926,0.0,15.1725,0.0,0.0,15.259,14.168,14.0663,14.9002,16.0577,15.9752,15.6603,15.6222,0.0,14.4053,15.5971,16.1089,0.0,16.343,15.264,13.8885,14.6999,16.7294,16.0059,15.6655,16.2521,16.2799,0.0,14.2184,17.3682,0.0,0.0,0.0,15.8499,15.4797,0.0,17.2724,16.9254,16.9162,15.9688,16.7174,15.7741,16.3297,17.4924,0.0,16.5864,16.6724,16.4075,0.0,14.5789,15.9774,0.0,17.2368,0.0,0.0,13.9854,15.2832,16.3322,16.4067,17.2332,16.7875,0.0,16.5403,16.9877,16.7676,0.0,0.0,16.0659,16.49,15.707,0.0,17.2601,15.5553,17.3403,0.0,16.4453,16.1242,15.3443,16.42,16.094,16.0216,16.6957,15.9173,15.9595,0.0,16.5705,16.6569,15.9167,15.6722,0.0,0.0,15.5887,16.3357,1
C-00230,1.4384,1.3851,1.5944,1.6119,1.451,1.5325,1.526,1.4957,1.4458,1.4623,1.5418,1.6358,1.5289,1.5433,1.456,1.4165,1.5749,1.4433,1.3211,1.4748,1.5038,1.2834,1.2324,1.6125,1.2774,1.4918,1.563,1.3228,1.5951,1.385,1.5052,1.4999,1.6925,1.4968,1.5878,1.6492,1.5811,1.6184,1.4735,1.7306,1.5307,1.6416,1.5636,1.4721,1.5565,1.3675,1.5407,1.3985,1.5153,1.4273,1.3784,1.5358,1.4616,1.3439,1.5418,1.7249,1.5598,1.5092,1.5929,1.5668,1.4448,1.4134,1.4371,1.4829,1.5088,1.4431,1.4828,1.5667,1.2892,1.6805,1.3733,1.3114,1.4521,1.5712,1.5866,1.3506,1.5186,1.4623,1.456,1.3422,1.4221,1.558,1.585,1.5715,1.3292,1.675,1.3398,1.3915,1.5201,1.6375,1.2048,1.3612,1.5595,1.5553,1.5447,1.6628,1.5649,1.29,1.5171,1.4818,1.6471,1.4327,1.4963,1.5521,1.3108,1.4503,1.5269,1.5642,1.4746,1.4737,1.6969,1.5749,1.5788,1.5322,1.5125,1.7111,1.5489,1.6012,1.524,1.5485,1
C-00235,3.6773,3.3698,3.1966,3.4772,1.8148,1.7972,3.2454,4.4297,2.8656,3.5116,3.3342,3.2641,1.4558,1.3033,2.7904,4.7305,3.4478,2.9171,3.5849,3.0378,2.8288,3.3174,4.0454,3.7666,3.4666,3.6352,2.8429,2.3112,3.261,4.3323,5.1059,4.1747,4.0799,3.5263,3.6994,3.5109,4.5018,4.7496,3.5135,5.1324,2.7325,4.0954,4.6046,4.8454,3.8219,4.3276,3.6594,2.5832,2.3046,4.3613,5.3607,4.7131,5.5089,3.9065,4.0508,3.6241,4.9173,4.2289,4.2346,5.598,5.5166,3.9055,2.6653,4.6628,3.7514,4.9362,4.3837,4.4874,4.3196,2.6396,5.3902,5.3661,6.3951,4.8433,4.2999,4.3818,3.8557,4.8641,4.7404,4.8227,4.5174,4.6756,4.2036,4.0923,5.0018,3.1783,4.3235,5.8129,4.6152,3.8229,3.5055,5.5294,5.4106,4.5396,5.8937,5.0276,3.8425,4.6215,5.1839,5.3831,5.4472,3.9969,5.4034,3.5793,3.0991,4.4273,5.4638,5.4287,4.9831,4.8529,4.5902,3.8327,5.1135,4.1159,3.5712,4.4747,4.7086,2.9478,2.7582,3.9044,1
C-00238,2.2539,1.3732,1.2901,2.1268,2.558,2.3401,2.1164,2.4838,0.8317,1.1643,1.8907,1.9946,2.2414,1.8155,1.7638,1.1914,1.4722,2.2532,1.8475,1.8502,1.7931,2.0166,0.7627,1.035,2.1276,2.0924,1.8117,1.8829,2.4528,1.271,1.3206,1.9068,1.3522,1.4209,2.013,1.2566,0.3249,0.8371,1.3289,1.7014,1.2608,1.1282,1.1368,1.0878,1.0556,1.6317,1.4767,1.0006,1.3777,1.3911,0.8092,0.0996,1.6613,1.0654,0.5733,1.3457,1.3777,0.0519,0.0519,1.3227,1.3526,0.4988,0.8721,1.4237,0.5033,0.7096,1.23,0.9271,0.5627,0.7457,1.3041,0.3379,0.5124,1.3807,1.0729,0.9941,1.1572,0.8364,0.0519,0.5869,0.8237,1.0565,0.8598,0.9684,0.9115,0.5786,0.0519,0.9739,1.069,0.6914,0.3668,0.9814,0.0519,0.1617,0.6911,0.8673,0.9179,0.0519,0.4712,0.0634,0.0519,0.8605,0.7062,0.9397,1.3343,0.9476,0.3458,0.0519,0.9673,0.728,1.0999,1.3597,1.1372,0.2873,0.711,0.8828,0.8501,0.9383,0.9403,1.3634,1
C-00239,13.3078,13.013,12.5145,13.5656,13.2919,12.3511,11.9136,14.4359,12.1923,13.7857,14.09,13.1708,11.6919,13.4175,13.9933,14.266,14.0864,15.1465,12.7454,12.2745,13.1447,14.87,14.3535,14.464,15.1007,14.4311,12.7508,12.7639,14.3226,14.2749,13.8491,14.4345,14.449,14.3767,12.9134,14.2839,13.6409,14.8533,14.4683,14.959,12.7228,12.8357,15.5546,15.0918,15.7742,14.262,15.4949,13.7565,13.9944,14.7276,15.1052,15.427,16.1514,15.3973,14.5182,13.8986,16.3484,15.5867,15.1888,15.4963,15.6653,14.2621,14.1836,15.9384,16.0775,15.6805,16.0752,16.1671,14.0368,15.0689,16.7702,14.8919,15.6088,16.367,15.4059,13.6544,15.3239,15.9751,15.1555,15.8428,15.3374,15.536,15.5147,14.4808,14.6637,16.0338,15.2941,16.1197,16.2579,13.8325,14.4418,16.2333,15.1872,16.3057,15.9843,16.0872,15.5096,13.7467,15.2185,15.7724,14.9742,15.3969,16.5728,14.4074,15.8908,15.4745,16.3883,15.3004,16.701,15.834,15.1493,14.9852,15.0232,15.8002,15.9541,16.1467,16.1451,12.6748,14.8295,15.0918,1
C-00244,4.5349,6.348,7.5679,7.1026,8.0406,3.4832,6.3736,4.6225,4.3118,3.3278,4.9281,7.1086,5.3845,4.8839,4.9892,8.0107,5.1314,4.7079,8.2001,6.1396,3.8576,5.0296,6.2281,8.5281,4.4491,7.9615,4.5164,4.7186,3.9921,5.1226,4.5582,8.8245,5.1084,3.9554,5.5593,7.4725,6.784,7.2993,5.9301,7.5216,5.311,2.3526,5.153,6.1152,4.8383,5.0141,6.6047,6.6614,6.3587,8.188,9.2153,6.7315,7.6765,6.1649,6.1679,3.6003,5.7055,4.8278,6.5683,6.0998,5.4443,6.9396,8.784,5.6306,8.4261,6.3796,5.8673,7.4817,2.1341,6.9229,8.7861,9.429,5.5594,7.481,8.762,4.4195,6.3859,6.1223,7.7772,6.6041,6.5904,8.7081,5.7262,4.9757,7.4233,5.3741,6.3127,8.1321,7.2835,6.473,6.0523,4.7784,8.8633,6.6757,6.8311,6.3533,8.8675,2.8802,8.6254,8.4623,7.744,5.0234,9.2408,4.1599,6.1648,5.9705,8.6511,7.4832,9.7055,6.0713,7.0689,4.3216,4.6743,7.317,5.9534,5.9706,6.2674,6.0584,7.5939,7.8622,1
C-00245,1.2593,1.2363,1.2813,1.4836,1.4368,0.7391,1.0739,1.7164,1.2925,1.4523,1.2969,1.5649,1.0937,1.0801,1.4684,1.1881,1.4878,1.6909,1.3292,1.2092,1.341,1.5525,1.3885,1.4804,1.5757,1.7613,1.2804,1.33,1.7205,1.7879,1.6078,1.6462,1.739,1.487,1.2526,1.7876,1.7915,1.7919,1.7491,1.8209,1.4845,1.6198,1.7103,1.8344,1.9768,1.7863,1.828,1.3901,1.5909,1.9574,1.8049,1.7315,1.945,1.5403,1.8596,1.3787,2.0446,2.1349,1.8312,1.8871,1.5986,1.5235,1.4376,1.986,2.0698,2.1576,1.7329,1.9611,1.9159,1.7764,1.9507,1.8883,1.6264,2.1576,1.9792,1.5714,1.6655,2.0132,2.0262,2.1273,2.0217,2.0624,1.7466,1.8459,2.0526,2.1343,1.994,1.8923,1.9804,1.6125,1.8365,2.024,2.0675,2.2817,2.0505,1.928,1.9299,1.6227,2.0099,2.0726,2.1028,1.9412,2.0877,1.937,1.9934,2.0008,1.9363,2.0983,2.0487,1.9199,1.5098,1.7973,1.9023,1.8781,2.0064,2.0317,1.9981,1.7254,1.6848,1.8419,1
C-00246,10.9803,9.1659,10.0164,10.2219,9.3858,7.3276,9.0913,10.742,11.6432,9.8701,11.3467,8.9844,8.1284,8.7909,10.0138,9.54,10.8901,10.8076,9.5535,7.9986,9.5699,10.4839,10.2583,9.9162,11.4713,10.8936,8.8239,9.2586,10.0288,9.5404,10.5313,10.5588,10.6626,8.6686,9.1911,10.8271,10.4922,9.8471,9.8256,9.7666,8.2952,8.587,10.2553,11.8418,11.104,10.3978,10.1224,9.2135,8.7096,10.5874,10.5482,9.8686,10.1672,10.4445,8.5157,8.0525,11.1189,10.0443,10.7031,10.9806,11.2708,9.8061,9.2962,11.341,11.1734,10.3397,10.6351,11.017,10.2398,9.9376,9.8037,10.3277,10.769,10.9811,10.5659,10.5423,10.4209,10.7654,11.2261,10.5316,11.0589,10.7929,10.0588,10.503,11.1416,9.7999,9.4329,3.4118,3.1135,3.0792,3.1148,3.3175,3.4755,2.8991,3.3391,3.1401,2.6262,2.8625,3.2485,3.3102,3.3934,2.9259,3.0467,2.4934,3.1569,2.7808,3.4497,3.3903,3.2503,3.175,2.899,2.7679,3.3593,3.251,3.0311,3.1926,3.7147,3.1059,2.9706,3.0891,1
C-00248,1.8587,1.9474,1.7349,2.084,1.8298,1.4321,1.5201,1.7794,1.8849,1.8469,1.9874,1.8483,1.3747,1.5687,1.8445,1.9237,1.876,1.8398,1.9047,1.5973,1.6531,1.7837,2.1009,1.7886,1.9978,1.8809,1.8366,1.678,1.9598,1.8784,1.9136,1.8586,2.0662,1.4322,1.5978,2.0615,2.0069,2.0325,1.965,1.7921,1.9357,1.653,2.2416,2.203,2.2694,1.9657,1.8518,1.7709,1.6938,1.8287,2.045,1.9609,2.2327,2.0041,1.9074,1.4636,2.1262,1.642,2.2981,2.246,2.185,1.6207,1.9798,2.1574,2.3616,2.0683,2.0443,1.9746,2.159,1.6599,2.1696,2.2047,2.0041,2.2076,1.7708,1.8282,1.5371,2.2083,2.0687,2.237,2.0632,2.0265,1.6788,1.8221,2.3186,1.708,1.9937,2.3795,1.6966,1.5135,1.6341,1.806,1.9403,2.4401,2.1216,2.0692,1.6613,1.5991,2.1602,2.1965,2.1928,2.0283,2.1346,1.9157,1.5395,2.0011,2.1975,1.819,2.2754,2.3033,1.9305,2.0144,2.1071,2.1465,1.9238,2.1474,2.1522,1.9985,1.6473,2.4195,1
C-00254,4.2131,3.3624,4.8493,6.2585,4.7696,2.1646,1.7061,2.5136,5.9201,3.1508,4.1879,4.2476,2.8705,4.6979,3.1438,1.9927,4.396,3.965,3.9316,3.3625,2.705,5.3399,5.1502,4.2997,3.6843,3.4173,4.2919,2.9171,4.3711,4.1178,5.0509,6.3185,4.4967,3.9193,3.4201,3.3428,4.3838,5.5075,4.718,3.2533,3.0593,2.8835,4.6872,4.6113,3.4786,4.7507,3.5015,3.5073,3.0186,4.2281,5.2492,3.9802,5.3019,5.5281,2.5751,4.5571,6.6241,3.9226,5.5164,4.2232,6.4668,4.2731,3.6374,3.5104,4.9726,4.2591,4.7256,4.8293,3.408,2.4059,5.2958,6.3118,3.6885,4.5553,7.1865,3.1811,5.189,5.1147,5.3922,4.3644,5.4964,3.8191,2.0967,4.2191,4.6885,5.4712,3.6373,5.3723,6.2402,3.0995,4.0651,4.5631,4.9034,5.7671,4.5063,5.8782,2.6663,5.5241,5.3725,4.2987,4.1159,6.3954,5.0326,2.8472,2.0444,4.7047,4.695,5.2031,4.4741,4.325,1.993,3.5307,5.9525,3.5814,4.2522,3.2365,5.2369,3.2376,5.268,3.3908,1
C-00260,3.8391,0.0,3.9837,3.3175,0.0,2.4197,0.0,4.2582,3.8067,0.0,4.4581,4.1342,2.4563,0.0,4.8522,0.0,4.6776,0.0,4.8372,0.0,3.7865,0.0,4.1753,5.2638,0.0,4.6559,4.8561,0.0,0.0,4.4687,5.1711,5.9921,0.0,4.973,0.0,6.1267,6.3815,0.0,0.0,0.0,0.0,4.2984,6.5067,6.7186,0.0,0.0,0.0,0.0,0.0,0.0,6.2515,6.8038,6.153,6.5681,0.0,5.9767,7.4976,0.0,7.6614,0.0,7.1299,0.0,5.3328,0.0,7.6391,0.0,0.0,0.0,0.0,0.0,8.0582,7.2859,6.8681,7.7797,0.0,7.1892,0.0,0.0,7.85,0.0,0.0,6.7546,5.2918,0.0,6.7962,0.0,0.0,0.0,0.0,0.0,0.0,0.0,0.0,7.064,0.0,8.1622,0.0,5.2011,0.0,0.0,0.0,7.1547,0.0,5.9549,0.0,7.2175,7.4187,0.0,8.388,0.0,6.429,0.0,7.9455,6.6671,0.0,6.1352,7.0875,5.3976,0.0,0.0,1
C-00261,6.7849,10.0242,10.9348,6.4032,4.798,8.5506,8.9379,6.0296,10.5393,7.9484,4.4319,10.701,6.0699,4.4874,5.3981,6.1528,9.4869,9.6548,6.9292,4.9526,8.1943,5.0287,10.0466,5.6189,9.4315,11.5871,7.4941,11.44,10.1127,10.0993,9.2559,9.7187,10.871,6.613,6.4551,10.1693,6.7968,9.9916,6.3209,11.4206,4.4504,10.2225,8.4494,6.3389,6.0459,11.0092,10.631,7.6906,7.5503,6.5068,8.6063,9.2864,9.294,7.3803,6.8735,7.9463,7.853,7.4435,10.3354,6.1353,10.6708,9.191,6.3319,9.5342,6.6541,9.0868,10.124,8.1753,6.0789,7.5389,11.4315,7.5542,7.693,11.0593,10.122,10.263,11.4378,10.198,9.7928,8.493,11.721,10.3183,8.8921,5.8897,8.0829,10.8214,9.8519,10.9518,12.0052,9.558,10.0551,7.6577,8.7638,10.0459,13.0627,8.8537,6.8715,9.2192,9.7862,7.3091,9.8668,9.0075,9.8794,6.967,9.3225,9.3733,8.3988,8.7846,8.4551,10.7408,6.0106,9.1694,8.3905,8.5728,9.4398,11.3872,11.433,10.2137,7.4267,7.378,1
C-00262,0.0,11.4872,11.7901,0.0,11.3926,0.0,11.13,11.9708,11.9594,0.0,12.529,12.6372,0.0,10.7554,12.6665,13.0702,0.0,12.1512,11.9409,11.6016,11.7372,0.0,0.0,0.0,0.0,12.1302,0.0,12.5388,0.0,13.1978,0.0,14.054,14.0141,0.0,0.0,14.215,0.0,13.4945,14.9417,12.7962,0.0,0.0,14.4276,13.88,0.0,13.9822,0.0,0.0,0.0,14.5282,14.5095,13.85,15.5211,0.0,13.7224,0.0,14.517,0.0,0.0,0.0,14.7839,12.6344,13.2016,14.9901,16.2124,15.5002,14.7478,15.287,0.0,0.0,15.8219,14.7539,0.0,0.0,14.9739,14.2301,15.1001,15.6965,16.1291,15.3422,15.2919,16.1617,0.0,14.4391,15.5353,0.0,15.0687,15.0169,16.0993,14.3652,0.0,0.0,15.9367,15.6303,0.0,0.0,14.7285,14.5668,0.0,14.762,14.545,16.3467,15.1984,0.0,0.0,15.2114,15.7494,0.0,0.0,0.0,0.0,15.9265,0.0,0.0,14.4605,0.0,14.7081,0.0,0.0,0.0,1
C-00266,6.8939,6.1351,6.8239,4.294,5.1532,5.2211,1.2723,4.1608,7.2044,5.8344,6.6629,6.3461,5.3527,4.4841,7.019,4.4516,7.1072,4.0489,7.6535,5.7823,4.7588,5.8461,6.208,5.8964,4.1944,7.2569,5.8897,1.7713,4.1134,6.5562,7.6765,6.2768,5.3725,6.2813,5.8378,5.8161,7.1959,9.0644,6.0668,5.3124,4.7361,5.2524,8.61,7.881,4.574,6.6656,8.1303,3.9083,3.7568,5.7879,5.7694,7.6451,7.4625,6.6082,5.2366,2.994,6.5957,7.2073,7.4471,6.755,7.8607,5.3994,6.8587,9.3004,5.5525,7.5064,7.0835,7.0499,6.602,3.6947,6.8366,7.2963,7.3422,8.3505,9.1576,4.0494,3.5975,8.1109,7.3334,8.1326,4.4323,6.896,5.8588,8.0013,6.0814,5.9901,6.0277,6.2246,7.336,6.3129,6.63,6.1202,8.0185,4.3251,7.3315,5.1734,4.2956,6.5404,6.8164,6.8464,4.7416,5.6109,9.2867,4.5234,4.7937,6.956,5.1139,8.0422,9.6891,6.0632,6.6515,8.7385,8.4422,5.3802,9.0888,7.521,6.9888,5.1088,3.6423,6.1825,1
C-00268,5.7181,5.5452,5.217,6.1383,5.7153,6.2532,5.7925,6.1237,5.0411,5.2747,6.1155,5.8514,5.78,5.4413,5.9088,5.3121,4.4223,5.9138,6.1113,5.1939,5.8365,5.8012,4.9779,4.9426,5.7744,5.8168,5.5863,5.7375,5.7489,4.7078,5.3103,5.4442,5.7298,5.4208,5.8784,5.4752,4.9772,5.3604,4.935,5.2999,5.1939,5.6531,5.1335,5.2062,4.6366,5.1253,5.5417,5.8977,5.2188,5.1377,5.5636,4.9896,5.0787,5.5009,5.6057,5.0015,5.4352,4.65,4.8337,5.2018,5.4138,5.3513,5.3157,5.7221,4.3248,4.983,5.1025,5.7538,5.4848,5.4077,5.1543,4.7809,4.5921,5.9202,5.3193,5.2571,5.4561,5.0818,4.521,5.0958,4.9225,5.0743,4.767,5.5581,4.7501,4.8093,4.3469,5.0479,4.6555,5.2998,5.4063,5.0882,4.5209,4.8466,5.5531,4.8368,5.7277,5.0667,5.1876,5.2788,5.0319,5.3801,5.5959,5.143,5.3207,5.0837,4.1251,4.5477,4.8901,5.371,5.0035,5.7919,5.2944,5.0865,4.7541,5.0361,5.4967,5.5902,5.5735,5.5456,1
C-00269,0.4141,0.5382,0.4214,0.4311,0.4688,0.2952,0.3786,0.4373,0.4055,0.416,0.5774,0.5535,0.2948,0.35,0.5631,0.296,0.4985,0.4787,0.5464,0.3756,0.4925,0.5209,0.555,0.5554,0.5594,0.5181,0.513,0.401,0.6718,0.6015,0.6199,0.5481,0.4116,0.5269,0.4475,0.48,0.6237,0.5091,0.3934,0.6689,0.5139,0.4704,0.5213,0.5981,0.5967,0.4585,0.547,0.5388,0.4104,0.6162,0.595,0.6108,0.5461,0.6586,0.5359,0.4709,0.6994,0.6493,0.7659,0.7331,0.7116,0.5497,0.5123,0.6799,0.6838,0.6245,0.6544,0.6941,0.5918,0.4863,0.6158,0.7296,0.7424,0.6571,0.6442,0.4702,0.5132,0.6477,0.6341,0.766,0.6619,0.7332,0.5381,0.4479,0.743,0.846,0.7216,0.7678,0.7174,0.6099,0.5344,0.6701,0.7054,0.6318,0.7212,0.6614,0.4172,0.669,0.6424,0.7169,0.7554,0.7368,0.6425,0.6414,0.5282,0.6699,0.7204,0.6053,0.639,0.587,0.5513,0.5391,0.5586,0.65,0.7362,0.5329,0.574,0.6413,0.5769,0.7159,1
C-00271,10.7471,0.0,10.6673,11.8003,11.0812,0.0,0.0,10.9547,11.7314,12.0979,10.6566,0.0,0.0,0.0,0.0,10.8589,0.0,11.9897,0.0,10.7914,10.1465,12.5481,11.8739,11.9724,0.0,12.8826,10.5061,8.9176,0.0,12.7607,13.0606,12.4716,11.1232,0.0,10.7005,0.0,12.146,12.0554,11.5716,12.1828,0.0,0.0,12.4559,12.8695,11.607,11.2744,0.0,0.0,11.1271,12.9543,0.0,12.1681,0.0,13.3174,10.8135,10.6758,12.7367,12.4542,0.0,0.0,12.6914,10.7114,9.9492,0.0,13.9474,12.1045,12.7818,0.0,0.0,11.2673,12.1663,0.0,11.7767,0.0,12.5641,12.0277,0.0,0.0,0.0,11.248,12.2061,0.0,10.1109,11.8146,12.6053,0.0,12.2875,12.9736,12.6337,0.0,10.204,11.9463,0.0,11.7123,0.0,12.1522,0.0,0.0,0.0,12.9997,11.8074,11.6595,11.3988,11.0012,0.0,12.5202,11.762,12.1399,12.5881,12.252,10.41,11.1045,0.0,0.0,0.0,12.4933,11.8518,0.0,0.0,12.1573,1
C-00272,1.6603,1.8098,1.7361,1.5454,1.5268,1.754,1.8824,1.6962,1.6041,1.6934,1.6316,1.6779,1.7412,1.7727,1.5502,1.4605,1.8528,1.5615,1.612,1.7456,1.533,1.668,1.824,1.5609,1.6318,1.6553,1.5574,1.7324,1.5348,1.7371,1.7165,1.6873,1.891,1.6308,1.7141,1.8378,1.5109,1.766,1.7149,1.7206,1.6779,1.8609,1.5785,1.7927,1.8303,1.719,1.7043,1.7312,1.6472,1.6337,1.6715,1.5747,1.5834,1.6335,1.6997,1.6367,1.7104,1.8248,1.829,1.7239,1.5514,1.6515,1.8119,1.9014,1.7027,1.6377,1.5275,1.5252,1.8383,1.6399,1.794,1.661,1.7453,1.7588,1.741,1.6353,1.5422,1.7108,1.4146,1.7362,1.6906,1.5888,1.5852,1.6092,1.719,1.6754,1.6033,1.4708,1.6833,1.8091,2.0234,1.6782,1.7133,1.7217,1.8242,1.7501,1.6961,1.7656,1.656,1.6325,1.676,1.6753,1.5612,1.7132,1.5797,1.6675,1.5097,1.7939,1.7467,1.6307,1.6146,1.8003,1.8088,1.8077,1.7088,1.8218,1.6807,1.5811,1.7456,1.6981,1
C-00274,0.0,3.6629,0.0,0.0,0.0,2.3992,4.117,4.7253,0.0,0.0,4.9867,0.0,0.0,0.0,0.0,0.0,5.2852,5.4969,4.8926,3.0596,3.5355,0.0,4.8488,0.0,5.7595,0.0,3.7461,4.1293,5.1754,4.2817,5.5126,0.0,5.2691,4.0217,4.3923,5.3237,6.3138,0.0,5.5448,6.051,3.7527,0.0,6.4604,5.4652,0.0,5.028,5.8267,4.3378,4.1562,0.0,6.1435,6.1877,5.8172,6.8732,0.0,5.1933,0.0,6.2129,5.347,0.0,0.0,5.7847,4.2041,6.8142,0.0,5.8958,0.0,0.0,4.2073,4.1191,5.5681,0.0,5.8292,6.5888,5.708,6.2033,4.6181,0.0,5.8545,0.0,0.0,5.4737,3.6357,0.0,0.0,5.9389,5.987,0.0,0.0,4.8488,4.359,0.0,6.7034,0.0,5.6317,5.2922,5.806,0.0,5.929,5.96,6.9625,0.0,6.0691,0.0,0.0,5.9218,0.0,0.0,6.3182,0.0,0.0,0.0,7.1294,0.0,0.0,0.0,0.0,0.0,0.0,6.5027,1
C-00275,1.0212,1.0122,0.9301,0.8266,0.9658,1.022,0.9572,0.924,1.1153,0.8396,0.7677,0.8751,1.0863,0.8264,0.9817,0.8823,1.0756,0.891,0.9604,0.8952,0.9537,0.9229,0.9149,1.0019,0.9494,1.1127,0.9889,0.9717,0.8983,0.8996,0.9981,1.0303,0.8679,0.76,1.0927,0.9709,0.8536,0.8582,0.9185,1.0214,0.9947,0.8717,0.9926,0.861,0.9062,0.9732,1.0646,1.0936,0.8553,1.0323,0.8898,0.828,0.8186,0.8976,1.1439,0.9053,1.1541,0.889,0.8915,0.9108,0.9561,0.8858,0.9673,1.0398,1.054,0.8923,0.9718,0.7424,0.971,0.7798,0.9976,0.9832,0.8777,0.8228,0.8618,1.1121,0.9347,1.0655,0.8989,0.9983,1.0344,0.9703,0.9458,0.9115,1.0365,1.0232,0.9976,0.9546,1.043,0.9461,0.9675,0.9762,1.0509,1.0864,1.0448,0.9425,0.9007,0.9743,0.9869,1.022,1.0662,0.8398,0.8455,0.9736,0.9798,0.7928,0.9686,0.9883,1.0698,1.027,0.8452,1.0373,1.0111,0.9806,1.0235,1.093,0.7223,0.7291,1.1055,1.0201,1
C-00276,6.3863,5.7199,5.8932,6.5869,5.6268,6.1859,6.3337,5.9641,5.3634,5.4052,5.5408,5.5489,5.828,5.6906,5.7837,5.0337,4.3044,5.3994,5.8072,5.8752,5.8153,5.7183,4.9507,4.7948,4.6274,5.8338,5.4676,4.9991,5.2935,4.8165,4.512,4.9157,5.2327,5.4066,5.4417,5.2789,4.8173,4.8029,4.5608,4.8957,5.0758,5.0428,5.1433,3.6106,4.4774,4.8472,4.3817,4.6977,4.7123,4.3943,4.4608,3.7721,4.5408,4.6533,4.6039,4.8335,4.7223,3.9429,3.561,5.0937,4.3648,4.6812,4.216,4.0398,4.0399,3.6627,4.4912,4.7764,4.7019,4.0815,4.6511,3.6378,3.8557,4.174,4.9044,4.2056,4.5929,4.7717,3.5633,3.2563,3.8878,4.7582,4.7761,4.2111,4.5943,3.6641,3.3171,4.2187,4.2528,4.6327,4.7403,4.0139,3.2846,3.1081,4.3689,3.7998,4.0693,4.1996,4.1883,3.9859,3.3649,4.3864,5.0277,3.7577,4.2818,4.0448,3.7752,3.5144,4.5405,4.8035,4.5201,4.8258,3.8419,4.4396,3.6611,4.8761,4.7315,4.2701,4.2235,3.9646,1
C-00277,4.9851,5.7652,6.9062,4.5906,7.2491,4.2032,6.2357,5.8806,7.1422,5.1817,5.0644,6.5899,3.9602,4.0165,7.1949,5.2781,4.1939,5.9442,4.9502,5.1238,4.9712,4.9404,4.1892,7.084,6.6818,4.211,5.576,3.7558,6.2564,4.5479,5.3492,4.1255,6.4082,5.0086,5.4008,6.1993,6.0721,5.9158,5.5363,7.4164,6.5581,3.0437,6.0947,4.4888,5.2811,7.4052,7.9764,2.0009,5.7662,6.9313,7.4663,7.2248,7.5799,4.906,3.764,3.6341,6.6104,6.39,8.9841,4.642,4.0295,6.3829,6.6297,5.1766,5.9954,6.9034,4.3447,5.6496,4.9221,5.0322,5.152,8.0264,7.0711,7.4272,7.762,2.1039,2.6545,8.4189,9.1539,7.3016,8.288,6.8133,6.461,3.2893,6.4466,5.2339,8.5364,4.7926,7.1606,5.4597,4.5552,6.9526,5.98,8.294,7.4804,6.5643,4.5805,6.7933,5.7067,7.7859,8.5492,7.236,7.4418,6.0678,2.5276,7.219,6.3982,4.7884,7.8641,5.1033,3.9108,3.5267,5.3852,6.6893,9.0916,8.0615,4.6161,5.9999,6.1085,6.7108,1
C-00278,14.7621,0.0,13.8269,0.0,0.0,0.0,13.3529,0.0,15.2365,15.4251,14.3874,14.6952,0.0,0.0,15.1679,14.9111,15.7854,15.6137,0.0,0.0,12.7524,0.0,0.0,0.0,0.0,0.0,13.7884,0.0,0.0,15.776,16.2837,0.0,16.6561,15.0965,15.2282,0.0,15.0325,0.0,15.6597,0.0,15.1481,15.637,15.7802,15.2903,0.0,16.514,17.0615,15.2138,15.1932,0.0,16.2293,16.827,0.0,16.7232,0.0,15.2449,0.0,16.8747,16.2773,0.0,0.0,15.6185,14.4262,16.1352,16.8201,16.3745,0.0,16.855,15.3972,15.9324,16.9994,0.0,17.7273,0.0,0.0,15.55,15.3362,17.5897,17.2794,17.7058,0.0,0.0,0.0,0.0,0.0,17.1359,0.0,0.0,17.0423,16.0814,14.498,17.6072,17.835,16.7465,0.0,0.0,15.8099,15.8987,0.0,16.4924,17.6826,16.6691,0.0,16.5172,0.0,16.5354,17.4784,0.0,0.0,0.0,0.0,14.928,0.0,17.2541,16.4546,16.2661,18.0237,16.0493,0.0,17.6716,1
C-00279,12.7631,14.6117,13.2497,13.2835,13.8207,12.0869,11.4218,13.1765,14.086,15.1796,1.834,1.8301,1.5471,1.6854,1.8676,1.9274,2.0295,1.9078,1.8564,1.7217,1.8426,1.807,1.8367,1.9184,1.7832,1.9468,1.669,1.8058,1.8765,1.8586,1.8734,1.8736,1.996,1.8144,1.6532,1.8665,2.119,1.904,1.9828,1.7078,1.8127,1.8446,2.0286,2.0148,1.9734,2.0069,1.8842,1.7403,1.8658,1.9198,1.837,1.9496,1.868,2.0397,1.7145,1.8098,2.0053,2.0723,2.0047,1.9068,2.0867,1.9528,1.7516,1.825,1.8994,1.8666,2.1229,1.9605,1.7541,1.8912,1.8512,2.0364,1.9233,1.902,1.9801,1.8188,1.7129,2.0796,1.9907,1.9141,1.9221,2.0883,1.8438,1.8952,2.0022,2.0014,2.0263,2.0065,2.1333,1.9623,1.7971,2.0908,2.073,2.0064,1.9862,2.0612,1.8147,1.7252,2.0511,1.9177,1.9972,1.9331,2.1886,1.8301,1.8699,2.0784,1.9163,1.901,2.0558,2.0041,1.7022,1.7962,2.0411,2.1021,1.921,1.9895,1.8484,1.8299,1.8088,2.0189,1
C-00280,1.3799,1.5357,1.3325,1.3988,1.4787,1.3589,1.3746,1.2269,1.2242,1.2659,1.2989,1.4307,1.3624,1.2177,1.4921,1.3948,1.227,1.3998,1.4955,1.3143,1.3727,1.4168,1.2077,1.5271,1.3733,1.2985,1.4007,1.4519,1.4512,1.3688,1.387,1.4277,1.4542,1.2463,1.5181,1.1815,1.3497,1.4268,1.5046,1.2904,1.4249,1.2589,1.4205,1.3307,1.3091,1.434,1.4152,1.4883,1.2635,1.3529,1.4434,1.3236,1.5555,1.4518,1.3906,1.4078,1.3025,1.3228,1.5181,1.4182,1.4111,1.4508,1.4378,1.413,1.4037,1.3637,1.2269,1.4776,1.2059,1.4326,1.2569,1.3366,1.2156,1.4475,1.4953,1.3754,1.4167,1.4638,1.3892,1.286,1.6295,1.4105,1.426,1.4481,1.4955,1.3977,1.4585,1.3901,1.4993,1.2173,1.5605,1.2937,1.4199,1.1967,1.2622,1.3767,1.5231,1.2916,1.4337,1.3208,1.2739,1.2834,1.3755,1.1815,1.3789,1.2246,1.4056,1.2583,1.5571,1.336,1.3845,1.4288,1.4607,1.3179,1.3526,1.2407,1.2367,1.3982,1.2989,1.5715,1
C-00282,2.6925,2.6311,2.8657,2.7371,3.1167,2.5211,2.7254,2.9726,3.1307,2.8493,3.0617,2.8336,2.5685,2.5287,2.7843,3.2623,3.0083,3.0871,3.1068,2.6768,2.5892,2.8933,2.9955,3.1587,2.8525,3.0788,2.6333,2.8407,3.4712,3.3404,3.362,3.3487,3.3599,2.5486,3.1922,3.3942,3.671,3.1967,3.0931,3.3476,2.7609,3.0815,3.2737,3.3599,3.4511,3.5995,3.3569,3.1656,2.9647,3.768,3.3352,3.5027,3.631,3.5021,2.8521,3.4287,3.3653,3.5417,3.5114,3.708,3.7138,3.2298,3.1565,3.4426,3.5567,3.8433,3.7557,3.9025,3.0919,3.3698,3.7858,3.4109,3.7113,3.8721,3.5264,3.3792,3.0548,3.5142,3.9592,3.4602,3.787,3.624,3.3394,3.1032,3.5321,3.6104,3.6757,3.6885,3.3623,3.3312,3.3961,3.621,3.4276,3.4213,3.7096,3.5632,3.0438,3.4123,3.7694,3.4007,3.6759,3.8539,3.8133,3.1828,3.1617,3.6668,3.8645,3.1898,3.8502,3.7278,3.2186,3.2631,3.6242,3.5376,3.3891,3.5047,3.6544,3.0965,3.5151,3.6964,1
C-00289,15.6125,14.8564,13.8588,13.7177,14.4146,12.4897,13.5031,15.119,15.2815,15.0954,15.6295,15.2742,13.8084,14.078,14.6858,15.7196,15.9491,15.8017,16.2991,15.0953,13.1447,16.1802,15.7515,16.5548,15.7092,16.4469,14.2647,15.4402,17.1688,15.576,16.6115,16.2641,16.4988,15.256,15.7774,16.8429,17.1372,16.6965,18.0298,16.645,15.0706,14.0108,17.4263,17.3578,17.9583,16.9447,17.6067,15.0182,15.4799,17.4524,17.4636,18.2421,16.3769,17.8526,14.9796,16.5783,18.1751,17.2699,18.0573,17.6938,17.8608,15.8524,15.8375,18.2482,18.1459,17.9739,17.738,18.0939,16.2618,17.7206,18.0335,18.018,16.5013,18.4895,17.3187,17.7417,16.9872,18.1675,17.9872,17.964,18.3552,18.0881,17.4854,17.4442,0.8964,0.8878,0.9209,0.8957,0.9138,0.8206,0.8702,0.9601,0.9296,0.924,0.9203,0.9267,0.8568,0.8647,0.9321,0.9495,0.929,0.967,0.9174,0.8237,0.8301,0.8943,0.9204,0.8821,0.9412,0.9019,0.854,0.8913,0.932,0.8915,0.9105,0.8618,0.9176,0.8698,0.8737,0.9083,1
C-00292,14.1226,12.9391,13.7589,13.4948,12.8973,12.0729,12.3901,12.97,13.9254,14.2509,14.4421,14.1283,13.2535,12.2533,13.3295,13.551,12.9548,14.3704,13.8844,13.2529,13.4097,14.2833,14.7394,13.5966,14.9207,14.2109,11.976,12.2391,14.627,15.2802,13.5355,13.6627,14.8862,13.7497,14.0566,15.1743,15.3211,14.5323,14.748,15.442,14.2129,13.839,15.2449,15.4766,14.8991,16.8734,14.9244,14.0444,13.8439,15.1814,14.5075,14.854,15.7496,15.2011,14.8772,15.4364,16.6598,16.3694,15.9019,16.7786,16.2101,13.4169,15.674,15.5882,16.985,15.6879,16.1337,16.3207,14.4813,15.5342,15.2904,16.2888,15.8608,16.7764,17.6076,14.7381,14.5571,16.2741,16.7481,17.4502,15.8523,16.5974,16.7356,14.7878,15.1443,17.2308,16.0311,15.621,18.1122,16.1393,14.291,16.3303,16.1299,17.265,15.7577,16.8303,15.8971,14.8616,16.3273,16.8446,15.1898,15.6486,16.9207,13.7593,14.9178,16.6011,16.425,16.388,16.9035,17.0369,14.7893,14.5775,16.228,15.4319,15.7624,16.4403,16.6582,14.0139,14.807,16.3784,1
C-00293,9.6583,9.9326,9.7634,9.6354,10.2172,7.4946,9.3774,10.147,8.9143,11.2599,10.9642,9.7813,9.0744,9.773,10.1326,10.7329,9.8093,10.953,10.7145,9.9593,9.4062,10.4241,10.6258,11.2478,10.9306,11.4734,10.1472,9.9229,10.7179,9.6188,10.683,10.8357,11.1533,9.6144,9.9136,11.848,10.5196,10.3307,11.5686,11.585,11.2937,9.8673,10.9002,11.3017,11.6248,11.5223,11.4157,9.3623,10.1532,12.3085,10.9804,12.0604,11.0917,10.976,10.673,10.3158,12.211,11.3158,11.7858,11.4153,12.4139,9.7993,10.1202,11.595,12.4312,11.2099,12.6099,11.32,11.3071,11.5644,12.5846,11.9792,12.349,11.1124,12.6434,11.711,10.7947,12.8406,11.657,12.3929,11.9989,12.2903,10.6234,11.062,11.5561,11.3233,11.4294,11.7394,11.1048,9.8185,9.9585,13.062,12.4372,12.1215,12.9138,12.167,10.5821,11.0832,12.2775,12.653,11.4611,12.1256,11.3234,11.4379,11.1805,11.4992,11.7081,10.3729,11.708,11.942,9.634,11.0542,10.4161,12.3176,11.6039,11.0347,13.129,11.0955,10.4158,12.2178,1
C-00295,10.6822,12.0538,11.0849,10.0692,10.496,10.6952,10.3523,0.0,0.0,11.3403,11.5306,0.0,9.9815,0.0,0.0,11.6275,11.0723,0.0,11.0491,9.7838,11.2831,10.5662,0.0,11.2082,11.9027,11.802,0.0,10.9585,11.2045,11.1979,11.2599,0.0,11.8162,0.0,0.0,11.2508,12.3195,0.0,11.8984,11.7139,0.0,11.1598,11.6305,11.8354,11.6443,0.0,0.0,0.0,9.9537,11.5755,0.0,12.2775,12.5406,0.0,0.0,0.0,11.2011,11.5217,0.0,11.8128,11.7399,0.0,11.575,0.0,11.4204,0.0,11.9087,12.4538,11.0816,11.0661,0.0,0.0,0.0,0.0,0.0,10.9653,10.9358,0.0,12.4378,0.0,0.0,0.0,10.9268,11.5945,11.935,11.8287,0.0,11.7872,0.0,11.3807,0.0,12.7143,0.0,0.0,12.7172,0.0,10.4396,10.6845,12.5776,0.0,14.1688,12.7845,12.8632,0.0,11.6076,0.0,0.0,11.6917,12.9665,12.6852,0.0,0.0,0.0,11.8259,0.0,0.0,13.0995,10.769,10.4533,0.0,1
C-00297,1.9081,1.717,1.7083,1.7607,1.8097,1.8595,1.9485,1.6924,1.8637,1.85,1.925,1.8067,1.9988,1.8768,1.8815,1.7703,1.76,1.9526,1.799,1.8665,1.7916,1.8387,1.9685,1.8372,2.0495,2.0149,1.8736,1.8133,1.7784,1.9161,1.7493,1.9218,2.0958,1.8851,1.6717,1.7442,1.9331,1.8742,1.8813,1.7758,1.6322,1.9286,1.8941,1.9684,1.8069,1.832,1.971,1.9556,1.6793,1.9665,1.7419,1.932,1.894,1.9195,1.7234,1.8946,1.648,1.7415,1.7481,1.846,1.9054,2.0215,1.7509,2.0335,1.805,1.9253,2.0356,1.8037,1.7783,1.7821,2.0642,1.8673,2.0466,1.871,1.7979,1.6469,1.8461,1.9119,1.8644,1.9439,1.8991,1.8089,1.8789,1.9424,1.7256,1.7565,1.7778,1.956,1.9031,1.948,2.0076,1.8245,1.8208,1.7426,1.9251,1.7666,1.8149,1.6967,1.8299,1.8104,1.9283,1.789,1.8363,1.9245,1.8303,1.6726,1.7015,1.7805,1.6163,1.7382,1.804,1.6731,1.7103,1.6641,1.9123,1.8683,1.8563,1.8251,1.8844,1.9756,1
C-00299,1.9356,2.1418,2.2766,2.3053,2.0682,2.1555,2.2356,2.36,2.0943,2.2934,2.2717,2.1288,2.1306,2.1761,2.086,2.4192,2.2398,2.1741,2.1184,2.1905,2.2647,2.2088,1.9905,2.1365,2.2755,2.2472,2.1185,1.9755,2.2897,2.078,2.0189,2.2123,2.2529,2.1224,2.2731,2.0507,2.1464,2.1115,2.0209,2.211,2.1643,2.0437,2.2521,2.2668,2.07,2.0939,2.0521,2.1772,2.2448,2.188,2.1734,2.0713,2.2613,2.0525,2.1721,2.1993,2.3482,2.1544,2.1969,2.1729,2.047,2.3535,2.2413,1.9277,2.1686,2.1923,2.0942,2.1871,2.1136,2.0422,2.2081,2.1093,2.3711,2.1959,2.1619,2.3027,2.0265,2.2673,2.1079,2.1287,2.2224,2.2774,1.9884,1.9426,2.1478,2.2864,2.2059,2.2814,2.2408,2.2439,2.3029,2.2576,1.9819,1.9914,2.3332,1.9834,2.0912,2.1015,2.0508,2.196,2.1811,2.1374,2.3268,2.1965,2.3106,2.1635,1.9607,2.1561,2.0896,2.0311,2.201,2.2939,2.166,2.2676,2.1264,2.0669,2.2643,2.1091,2.2665,2.1475,1
C-00303,2.6911,1.9795,2.0712,3.007,3.3123,2.4892,2.7387,2.7057,2.3747,1.9109,2.7585,2.8345,3.0878,2.7559,2.6118,1.8709,1.9453,2.2592,2.7839,1.9916,2.4623,2.5102,2.0858,1.8711,2.0526,2.4505,1.8513,2.288,1.9017,1.0812,1.7228,2.0357,1.9007,2.2017,2.1519,1.4191,1.4282,0.9321,1.8011,1.4246,1.8943,1.518,2.0154,0.7189,1.1564,2.0332,2.0835,1.6522,1.5144,1.6758,1.672,1.2131,1.7271,1.4429,1.6957,1.7925,1.2297,1.0148,0.7489,1.0176,1.2523,1.0638,1.2109,1.2011,1.3044,0.4915,1.1193,1.3703,1.4834,1.4037,1.5067,1.1438,1.3581,0.8233,1.1233,1.273,1.1641,1.3075,0.8501,0.8009,1.0251,1.0891,1.3493,1.3639,1.4199,1.312,0.6575,1.3827,0.7739,1.2785,1.5077,1.2616,0.2252,1.0152,1.4763,0.8391,1.134,1.4973,1.2089,0.3979,1.2927,1.1146,1.5408,1.5116,0.9062,0.9402,0.8274,1.0769,0.9887,1.0077,1.8086,1.3936,1.1376,1.0882,0.8423,1.7131,1.469,1.5269,1.3374,1.663,1
C-00304,0.8667,0.8508,0.9764,0.8816,0.9143,0.8309,0.8515,0.9335,0.9522,0.9079,0.9334,0.8389,0.9507,0.7831,0.9362,1.0269,1.0326,0.9225,1.1249,0.9199,0.9349,1.0136,1.0743,1.0014,0.9219,0.9937,0.9365,0.8668,1.1119,1.0498,1.0491,1.0325,1.1657,1.0004,1.0734,1.1392,1.1487,1.1119,1.1261,1.0191,1.0752,0.9234,1.1046,1.0717,1.066,1.0814,1.2688,0.9433,0.992,1.1665,1.1348,1.0932,1.0249,1.1869,0.9689,1.0407,1.1384,1.16,1.0994,1.1164,1.2536,1.0081,0.9762,1.1838,1.2958,1.1648,1.203,1.2286,1.0129,1.0784,1.2578,1.1161,1.1954,1.1878,1.2414,1.0566,1.0508,1.1955,1.1285,1.3254,1.2413,1.1864,1.0249,1.1518,1.2293,1.1941,1.2245,1.2208,1.1712,0.9905,1.0906,1.2895,1.1791,1.1892,1.3097,1.1079,1.1441,1.1504,1.2428,1.2896,1.1836,1.2524,1.2613,1.1407,1.1674,1.22,1.3159,1.2372,1.2219,1.2233,1.0698,1.0286,1.2434,1.2188,1.1042,1.3038,1.1564,1.099,1.1023,1.2404,1
C-00307,12.2257,10.4421,12.5055,13.5447,11.4237,12.1425,11.6202,8.3997,13.8204,13.1661,11.4031,7.8509,12.7721,11.7571,7.6674,8.4412,7.774,13.5081,14.4785,13.1644,8.773,15.2352,8.0974,13.0284,11.6186,6.5911,12.1646,9.4105,12.6725,14.0814,11.6783,13.6966,12.8591,11.2284,9.6273,13.2558,10.1938,10.7387,14.4992,14.4788,13.5852,12.0365,13.5028,10.151,9.0433,14.2113,14.0318,11.2935,13.6317,16.0181,15.4694,10.6169,8.9582,8.9402,7.4402,15.3333,12.7965,16.484,10.3373,13.092,17.1631,9.3174,12.201,12.2332,17.2319,11.9902,16.6716,12.8038,12.4684,14.6228,9.6456,11.8513,8.502,13.4268,14.471,13.4773,12.8022,11.6086,15.614,13.4491,16.8914,9.7523,14.9307,11.3664,15.1704,11.8961,14.0766,15.4258,12.1245,13.0608,7.2618,15.2103,14.224,13.5016,9.3708,10.9737,11.6257,9.6695,10.8947,11.7875,13.8831,11.2683,13.8199,10.9062,13.8412,15.6838,16.9115,12.902,11.2535,11.4148,11.0612,7.2757,15.971,14.884,15.1779,12.4615,15.3634,13.1081,10.9512,11.4216,1
C-00308,1.2553,1.1124,1.128,1.2626,1.1996,1.2423,1.317,1.3463,1.303,1.3723,1.1947,1.1573,1.3125,1.2978,1.2206,1.1279,1.278,1.2773,1.1617,1.2882,1.3291,1.1651,1.2053,1.3592,1.1529,1.2893,1.3007,1.1257,1.2351,1.2404,1.3058,1.3193,1.2974,1.398,1.2499,1.269,1.3192,1.3261,1.256,1.2647,1.2734,1.3666,1.3749,1.258,1.1451,1.2307,1.2867,1.1883,1.2457,1.348,1.2565,1.2337,1.3697,1.2953,1.2955,1.1803,1.1381,1.4114,1.3522,1.1605,1.0857,1.3624,1.3895,1.2757,1.2798,1.1029,1.0152,1.281,1.3421,1.2101,1.2514,1.1918,1.3745,1.4135,1.237,1.1889,1.3121,1.323,1.2959,1.2616,1.2738,1.2086,1.1246,1.1792,1.2841,1.4052,1.2426,1.1531,1.1147,1.2662,1.3569,1.3502,1.1329,1.1012,1.3696,1.3066,1.3032,1.2329,1.2234,1.3403,1.2772,1.1591,1.1409,1.3357,1.2144,1.4215,1.0939,1.1453,1.2976,1.2189,1.308,1.2231,1.3579,1.2237,1.1437,1.0595,1.2213,1.2921,1.2114,1.1065,1
C-00309,5.1179,5.8296,4.8526,6.9401,5.2694,2.1859,4.0577,4.6666,5.72,5.5529,5.3245,4.4569,4.48,4.6481,4.6427,6.0022,4.0867,5.6533,5.9297,4.399,6.5471,2.7422,3.2789,6.3167,6.7815,4.4271,3.4518,6.548,5.4957,4.7701,3.0938,6.6635,5.3631,5.3684,4.3863,3.7762,4.3805,8.2944,4.9215,7.2871,3.6468,5.8246,4.9589,5.7565,5.1755,8.1756,7.1355,7.2503,5.8728,7.6247,5.4017,5.3721,6.5746,5.2325,5.1754,5.7475,5.2345,6.4435,5.2168,7.4073,5.8786,4.9642,5.4942,5.1233,6.4324,8.3768,8.5487,7.2623,6.4215,7.0056,6.5235,6.9935,8.1431,4.9923,9.9949,4.709,3.022,8.213,6.7582,7.477,9.2314,9.6792,3.2715,4.3926,6.3989,5.2183,8.2144,5.8218,7.3825,4.6046,5.5535,6.7857,8.1949,5.9377,6.6189,7.3628,5.7531,5.3789,5.435,7.9323,8.5002,4.9044,5.9493,6.0924,5.8814,7.1302,8.254,7.9457,5.3706,8.9847,6.5494,5.0546,5.2136,8.7153,8.8242,7.2502,5.1363,6.2227,6.8061,5.0307,1
C-00001,3.7622,3.5834,2.4073,3.6762,4.594,2.2882,3.2101,3.7631,3.7676,3.9759,5.3224,4.8426,3.0369,3.4118,4.1566,3.8818,5.3219,4.5477,4.7806,1.9635,2.5972,3.7264,4.4114,4.9948,5.487,6.087,4.0603,4.7807,5.5048,4.7837,5.2624,5.7,4.8642,4.0895,4.5668,6.3624,6.5784,5.4493,5.7696,6.4671,4.501,5.7468,5.1943,5.9539,7.0993,6.275,6.8159,4.6688,4.6699,6.3561,5.7169,7.5661,6.2072,5.4445,5.5378,4.9509,6.4183,6.4941,7.2075,6.1618,6.9206,4.4016,5.7001,7.2764,6.2595,7.821,6.531,6.4298,6.2629,5.2704,6.5666,7.8604,7.5321,6.7051,6.5176,6.5413,4.8767,6.6061,7.2224,6.9168,8.1867,7.2145,6.311,5.8751,6.9928,6.991,8.3653,6.4039,7.9419,6.8336,5.0018,6.9005,8.281,6.6987,7.2614,7.3481,5.6197,6.9275,8.1843,6.9674,7.6296,7.3852,7.5348,5.4263,5.9988,8.2673,7.4797,6.4898,8.1808,6.0587,6.079,5.3212,7.3919,7.0893,6.6036,7.5055,6.7086,5.3136,5.1374,7.8091,0
C-00002,4.7414,6.0258,5.3951,4.4851,6.5535,4.51,3.3494,5.7691,5.2196,5.6768,5.9717,5.4684,4.1998,3.9728,6.9217,5.7072,7.3403,6.1112,5.5499,4.4392,3.6117,4.8478,5.8767,6.2266,5.77,6.3457,6.4232,5.4049,7.0477,6.3184,6.1607,6.7168,6.3378,4.828,5.1137,8.1816,6.8199,6.8893,6.9998,6.6115,5.3246,5.4067,6.8125,7.5249,7.5,7.0146,7.4765,6.0416,6.2767,7.2595,6.8242,6.8747,8.2965,9.1816,7.3511,7.0582,8.035,7.6791,7.457,7.828,6.9937,6.4719,6.2602,7.1676,7.6143,7.3878,8.4682,7.1991,5.9232,7.3638,8.4402,8.2873,7.6781,7.2367,8.1527,6.8144,6.4942,8.6821,7.2554,8.0374,8.535,8.0783,6.8003,7.7249,8.1973,9.0714,8.5434,8.1781,8.5433,7.2209,7.2588,7.8097,8.7289,8.0344,7.7302,8.322,5.8808,7.1981,8.1275,6.9497,8.4762,7.5764,8.5787,6.744,7.0596,7.5985,8.3045,7.5968,8.8959,8.6087,5.6064,5.7127,8.2308,8.3148,8.7744,7.3082,7.61,6.0192,6.4754,6.4682,0
C-00003,12.7911,13.2551,13.0036,13.4213,13.8863,11.7377,12.544,13.7708,13.4211,13.8738,13.622,13.5427,12.7958,12.8364,14.331,15.4164,14.4751,13.8241,14.3364,13.1431,12.7937,14.7804,15.3279,13.0332,13.7734,15.1616,12.6794,13.4646,14.9596,15.1726,15.0747,14.956,14.3242,13.869,13.3887,15.1393,15.7757,15.5197,13.9442,16.1456,14.9737,13.5889,15.4628,15.9694,15.702,15.0986,15.8199,13.3351,13.6382,14.9391,15.1604,15.7389,16.0089,15.6114,14.6423,14.7933,16.2089,15.9235,15.4701,15.0296,17.3288,12.8066,15.1039,15.8675,16.345,16.376,15.88,15.6336,13.9031,14.8354,16.1114,14.7587,15.2288,16.4382,15.558,15.601,14.6572,16.7082,15.479,16.4908,16.038,16.6286,14.4462,14.4726,15.9194,16.8835,15.1512,17.4371,15.6949,15.7257,13.7017,16.3859,17.0048,16.1627,16.3798,16.3036,14.5997,14.7078,16.0729,15.6657,16.2375,16.8598,16.2327,14.0634,14.379,16.984,15.928,15.8982,14.9686,17.0075,14.276,13.7057,16.3907,15.8298,15.0994,15.6667,15.895,14.7598,13.4962,14.757,0
C-00005,14.6428,16.1508,14.3842,13.739,15.469,13.8217,15.5017,15.1645,14.9652,15.5602,16.0737,14.7401,14.8424,14.704,15.6447,15.0466,15.9571,15.0673,15.7651,14.8876,14.4014,15.1298,15.7322,17.1347,17.6607,14.924,15.4555,15.0522,16.5966,16.2776,16.1538,16.4809,17.0825,15.5416,14.505,17.0643,16.7603,17.4311,16.3577,16.1609,14.3317,14.5642,17.0587,17.6854,16.5677,16.4443,16.2267,14.3088,16.4064,15.3354,17.1656,16.3769,18.1221,17.0446,15.5342,15.6831,17.3732,16.2976,17.3953,16.9381,17.0975,14.9361,16.1124,17.0347,17.2536,16.5801,17.1725,16.2518,15.2075,15.6192,17.9494,17.5357,17.7323,18.0526,17.1737,16.5315,16.2678,18.0244,17.8069,18.1907,17.5952,17.575,16.882,15.9848,18.1419,17.9948,16.7678,18.3544,17.7823,17.0165,15.4898,16.7224,17.8368,17.5774,18.7777,17.3102,16.1685,15.7397,17.2002,17.7452,17.2256,16.3826,17.0184,14.3324,15.9462,17.3578,18.0552,17.6516,17.34,17.2564,15.4469,15.5396,17.2252,18.0762,17.9722,17.8836,17.3299,15.9051,15.0487,17.8017,0
C-00006,7.6049,7.0142,7.1045,7.316,6.4704,5.7654,5.8911,6.5825,6.8153,7.822,7.699,7.548,6.0404,6.3654,8.2598,7.5246,7.8853,7.681,7.3624,5.4628,5.9566,7.5632,8.4716,9.7495,7.3211,8.4986,6.7177,7.1441,8.121,7.8917,8.2791,7.5571,9.1271,7.3166,6.7607,7.383,8.3573,8.6708,8.4237,8.6252,7.6884,7.3591,8.3416,8.5714,7.8509,8.2288,8.6251,6.6846,7.5205,9.0743,9.596,9.0506,9.0707,8.2783,8.1122,7.3749,9.4809,8.6236,8.4864,9.1592,8.6605,8.5445,7.4826,8.5572,9.0339,9.1917,8.9729,8.7866,7.9607,7.342,9.2018,9.277,9.337,8.9385,8.6895,8.3476,7.1224,10.5681,8.6016,7.9747,8.7728,9.0437,7.6645,8.1063,10.2056,9.2009,8.523,8.8665,8.865,7.0976,7.7359,8.0819,8.7801,9.1502,9.4402,9.5326,7.2138,8.5629,9.2006,9.2052,8.4519,8.4899,9.5647,6.6091,9.2593,9.1017,8.8237,9.3386,8.4011,8.4739,7.0019,7.1403,8.2403,9.0344,8.8924,9.7002,8.1744,7.8872,7.5554,9.8102,0
C-00009,10.9629,9.3103,10.3137,10.0231,9.3886,7.6072,7.4077,10.6863,10.7468,10.5881,10.3848,9.8913,8.3013,8.4603,9.6459,10.1766,11.0444,11.5723,9.6177,9.9932,10.0088,10.9472,10.9188,11.4899,10.1127,11.5143,8.9868,8.4632,10.8695,11.6069,11.1347,11.0561,11.7906,8.4228,9.1868,12.4352,11.5311,10.2134,11.0432,12.4346,9.1699,10.6532,11.4706,11.7885,12.1764,11.4033,10.8573,10.4589,10.0415,12.0175,11.0359,10.5806,11.9775,11.745,10.6375,10.0175,11.5173,11.3506,11.7408,11.5595,12.4815,11.4594,11.1924,12.5485,12.0909,12.269,12.83,13.1567,11.257,11.0166,12.5472,11.8164,12.5178,11.8979,12.6468,9.6843,11.6224,12.4811,10.9901,11.6311,11.7885,11.7164,11.1399,10.1975,12.6254,11.6802,12.5546,11.8899,12.2526,10.9445,11.1789,11.9639,10.8894,12.8069,11.6253,12.567,10.8594,11.8164,12.0066,11.4783,11.978,11.5663,12.4689,9.6465,11.3193,10.7618,13.7688,11.7165,12.9844,12.5035,11.5804,11.239,11.7684,12.5789,12.1501,13.3509,12.5825,10.112,10.4793,12.3339,0
C-00016,7.4367,7.6713,6.9276,7.6985,8.5326,5.4656,5.8327,8.642,7.9102,8.1423,7.558,8.654,7.2417,6.7603,7.7707,8.2994,8.4774,7.2655,7.784,7.8091,7.1369,8.8741,7.5543,9.2369,9.4425,8.6637,7.711,7.2819,8.5777,10.1528,8.9422,8.58,9.5038,6.4242,8.2904,9.4375,9.3809,9.9428,10.4146,9.7215,8.6746,9.4753,9.6678,9.4652,9.8527,10.1228,9.8111,8.8424,7.9646,9.7276,9.6113,9.518,9.3991,10.5631,9.1872,9.0395,9.7899,9.7909,10.8678,9.5578,10.1213,8.9919,10.0491,10.6734,11.0331,10.1598,10.2301,10.809,9.4352,7.9785,10.5126,9.9646,11.5764,10.5586,10.3801,10.3102,8.1781,10.7715,10.8329,11.5031,10.4904,10.5354,10.0028,8.6248,10.3757,10.3242,10.7977,10.7545,10.483,8.9773,9.122,10.9706,11.2618,10.0733,11.2414,10.8496,9.0654,8.4363,10.5187,10.6082,10.2543,10.6041,11.6016,9.621,10.2131,10.9226,9.732,11.0142,10.6499,10.7569,8.4143,9.2154,10.8294,11.1879,10.9617,10.3273,10.1522,8.7245,9.0372,9.6222,0
C-00018,5.4094,4.9102,3.4986,4.6302,4.8705,3.9514,3.9462,4.0997,4.9705,5.3795,5.3595,4.7309,4.4534,3.9323,6.1317,4.635,5.4623,5.6431,6.0037,5.1841,3.8978,5.6025,5.5265,4.4634,6.1855,6.0208,3.9512,4.7203,5.6092,5.5922,4.9475,6.196,5.9656,4.8105,5.7275,5.5298,6.8889,5.7034,5.7536,6.0803,4.7511,3.9343,7.2013,6.2982,6.9211,5.8686,6.303,5.3785,4.7502,6.3854,5.7305,6.5633,6.1369,5.9233,4.8203,6.3756,6.8474,6.3796,6.7717,6.0809,6.316,5.8924,4.7056,6.0364,6.0517,8.293,7.734,6.7992,6.783,5.8366,6.8242,7.285,6.5903,6.9451,6.4443,6.8731,4.3802,7.3974,6.5991,6.9536,6.9697,6.6547,6.1839,5.6593,6.3254,8.5523,6.3883,6.411,7.7667,5.7114,5.6584,7.0027,7.4057,7.0112,7.8895,6.5972,5.948,5.5591,6.9308,6.763,6.5052,6.4268,6.6696,5.6212,6.0247,6.5705,7.686,6.6088,6.5237,7.1454,6.1763,6.118,7.0221,6.0596,6.3139,6.2321,7.1194,6.3103,5.4133,6.8744,0
C-00019,9.1842,9.7765,9.8593,10.2819,9.2791,8.3901,7.7813,9.5711,9.3005,10.2548,9.9282,10.1712,8.2038,8.6336,9.9407,9.6559,10.0159,10.1605,10.2656,8.628,9.8192,10.5798,10.2609,10.2561,9.8137,9.8051,9.82,9.6902,10.2821,10.3445,9.7725,11.3791,10.3657,9.3611,9.2581,11.0068,11.5718,10.2614,10.5459,11.1869,9.3947,9.222,10.1063,10.6546,11.1172,11.8057,10.6946,9.87,8.8856,11.1168,11.2395,11.5804,10.8832,11.5211,8.9053,9.7398,11.0888,11.1327,11.78,11.2892,11.3631,8.3736,9.5885,11.9177,10.8731,11.1442,11.6003,10.2947,9.9002,10.4553,11.3151,11.4121,10.4,10.9537,11.1944,10.3745,9.4421,11.1029,12.3624,11.4391,11.8488,11.707,8.9289,10.9632,10.8847,12.6393,11.0207,11.7034,10.8844,10.076,9.9265,9.6951,11.0479,11.0742,12.2465,10.8284,10.0509,10.4004,11.5627,11.2195,11.4605,10.8591,11.5934,11.3772,8.8757,11.8195,11.9838,10.8023,12.0711,11.5513,10.9315,8.954,10.6347,10.2713,10.6057,12.4937,10.8535,8.9615,10.6005,11.967,0
C-00020,5.5674,6.097,4.7501,5.1183,5.7959,3.2292,5.294,5.3798,4.9166,5.184,4.9697,5.6038,4.3816,4.4666,5.7633,6.2628,6.3388,6.0019,5.5591,4.0247,5.1547,6.0974,7.0208,5.8488,6.725,6.1807,4.7146,5.2567,5.8923,7.5908,6.8182,6.8054,6.5908,4.8585,6.1379,6.9769,7.357,6.7674,6.6015,6.8278,6.2059,5.4733,6.016,6.546,7.4332,7.3522,7.4701,5.9204,6.9816,7.1236,7.4556,7.5482,8.129,8.1009,5.9778,6.6809,8.1355,8.4977,8.3039,6.6614,6.8962,7.5667,7.4088,7.0351,8.7965,8.0389,8.092,7.24,7.1555,6.0003,7.5452,7.5174,7.6491,10.3841,8.6234,7.7775,7.3844,7.7781,8.2275,8.1295,8.7698,7.1017,7.6766,6.312,7.7939,7.3199,7.9351,7.0555,8.6415,7.6535,6.3877,7.5941,8.4415,8.0248,9.1442,8.8256,7.1002,6.7866,8.1339,8.0957,8.3119,9.0524,8.2628,7.267,6.9892,8.0239,7.5301,7.8298,7.9526,8.1952,7.2922,6.0424,7.66,8.2557,9.1376,8.0801,8.7872,5.8637,5.7336,7.835,0
C-00022,12.5487,12.8539,12.4363,12.8548,13.3875,11.318,11.33,13.7748,14.1225,13.7032,12.3556,12.6835,10.6139,10.836,13.6488,13.3789,15.1091,14.515,13.3689,13.358,13.0129,14.205,13.2253,13.092,14.0844,14.4729,12.1628,12.9222,14.5074,14.2359,14.558,14.4021,14.0736,13.4791,13.3917,14.7514,14.4111,14.4391,14.4128,14.752,13.4228,14.5039,14.7706,14.9347,13.9628,14.8938,15.7133,13.8322,14.0114,15.4735,15.7783,15.1155,15.9979,16.5125,13.5143,13.5079,16.7472,15.6893,16.1862,15.7494,15.8195,13.6186,15.4365,14.9309,15.3274,16.2391,16.4696,15.8427,13.5295,14.1922,15.8978,16.3541,15.5374,15.8384,15.8598,13.9884,14.5803,15.9183,17.4331,17.3546,16.8824,17.0355,15.3277,15.791,15.371,17.2107,16.0913,15.7457,16.3224,14.9018,15.7084,15.9068,17.1701,17.7003,16.8289,17.1611,13.6561,14.2454,14.9071,17.0522,17.0123,16.6423,15.9116,15.367,14.8983,15.7466,16.4149,15.1616,15.7216,16.6752,14.9692,15.8407,16.721,15.6953,16.4731,16.0203,15.1157,13.7526,14.038,15.5595,0
C-00025,7.7895,7.9796,7.2428,7.1268,6.3767,6.3215,6.7313,7.0536,7.1794,8.5702,7.6332,7.9181,6.9709,5.2528,6.6651,7.2257,7.5031,7.4628,7.3049,6.4025,5.3662,7.1223,6.9817,7.7688,6.8706,7.0279,6.2691,7.1019,7.7542,7.4772,8.0781,8.4089,7.9213,6.4808,6.9955,7.927,8.339,7.3517,7.4596,8.5667,6.7736,6.865,8.4146,7.8765,8.1273,8.0589,7.4077,6.4797,7.5987,8.4352,9.0026,8.9616,8.8796,7.1472,6.9781,7.3965,8.2877,7.6829,9.0928,8.1119,7.9685,7.3675,6.5514,9.4682,8.0443,8.4654,9.3834,7.1092,7.3124,7.5147,8.7541,8.3124,7.3876,8.3708,8.6341,6.1279,7.2078,8.781,7.5894,8.833,9.0114,9.5056,8.5669,8.9007,7.283,7.3806,8.9928,8.289,8.199,7.057,7.0209,9.5788,8.3417,7.9717,7.4355,8.7729,7.4259,6.9854,7.4929,8.0083,7.8537,9.2976,7.3222,6.5586,7.3511,9.4631,7.5079,8.1341,8.9163,7.6018,5.9159,6.8937,7.722,9.1893,9.1261,8.2414,8.7129,7.6763,6.945,8.382,0
C-00028,7.5369,9.0366,8.2672,9.8213,8.0411,8.3685,8.2222,9.5007,8.339,9.2962,9.1003,8.4355,7.5041,6.4368,8.7947,9.1108,9.4112,9.2805,9.0015,7.3837,8.2595,8.9727,9.4053,9.7192,9.1371,8.809,8.1434,7.9062,9.4248,9.996,8.232,9.7084,8.1156,7.3819,8.6041,8.1976,9.1121,10.4008,8.6414,9.7166,8.3904,7.9417,9.34,9.9326,8.8117,9.1422,9.2367,7.3833,8.3195,9.4253,8.1811,9.5848,9.4239,9.83,7.9532,7.5415,9.9845,9.2607,9.0933,8.1672,8.4042,7.7164,8.3373,8.9228,9.6616,9.6548,9.8238,9.4063,9.3754,6.7833,9.5669,8.747,8.9715,8.7318,9.5324,8.7527,7.94,7.8971,8.6686,8.9787,9.3863,8.5233,8.6646,7.5617,9.3773,10.1618,9.5875,9.5027,8.6244,8.1566,8.2387,10.1238,9.7114,9.2067,9.1996,9.5286,8.5102,8.3285,9.7585,9.0738,9.2339,8.7163,9.0088,8.6306,8.3292,9.7343,9.1962,8.5828,8.0275,10.7591,7.7276,8.2929,9.5656,9.4736,9.083,9.0051,9.7496,7.9591,8.0925,10.4784,0
C-00030,9.2625,9.6088,9.4622,9.6434,9.2477,7.7879,8.3015,9.2544,9.3705,9.2202,9.6565,10.158,7.4975,8.3943,11.1244,9.6906,9.7552,10.8445,10.4239,9.2318,10.2912,10.8628,10.7899,10.28,10.8864,10.9653,9.7795,8.745,9.7832,11.5221,10.6244,11.2348,10.5811,8.7311,11.735,11.9869,11.7243,11.1605,10.6287,11.97,9.8231,9.828,11.2779,11.8582,12.0209,11.9514,11.6831,10.2683,10.8732,11.6134,11.7273,11.6381,12.7121,11.1744,10.8285,11.4998,11.86,11.8686,12.9438,13.3906,10.8572,12.5746,11.7039,11.5501,11.6778,12.4049,12.0588,12.3857,10.8389,13.4396,13.163,12.9262,13.1122,12.6553,13.5219,11.1593,11.2954,12.6037,12.1537,12.5736,12.0053,12.7959,11.3287,12.0207,13.2028,13.0694,11.9585,11.981,14.2532,10.8812,11.5072,12.8441,12.6177,13.1906,13.929,12.2242,12.3716,11.2823,12.7309,12.9971,11.8107,13.503,13.1264,11.0969,12.2341,12.6975,12.5333,13.054,12.3078,12.488,12.2403,10.3507,11.7473,14.0454,13.4574,13.3439,11.9683,10.6107,10.834,12.9863,0
C-00031,12.9437,12.4491,12.6252,13.2524,13.2026,10.0288,11.9694,13.2084,13.2805,13.7666,12.6812,13.5527,11.7047,11.9416,13.3065,13.0529,13.9161,13.622,13.8572,12.2319,12.4093,13.3125,14.839,15.157,13.8239,14.5628,12.4932,13.6691,13.8313,13.5569,14.1707,14.4015,14.6108,12.4551,12.4574,14.677,13.6227,14.8723,15.4984,14.7382,14.2721,13.0561,15.3601,14.6522,15.347,15.3147,15.0894,13.9642,14.1906,13.718,15.896,14.9874,15.7089,14.8641,14.7694,14.0358,15.5889,15.1655,16.1264,16.1238,15.9232,14.0874,14.4765,16.4217,15.2083,15.7644,16.0031,15.3986,14.8185,15.3324,16.4099,16.1684,16.7242,16.1419,17.0216,15.6827,15.2749,15.6398,16.0013,16.4851,16.8326,16.142,13.6425,15.0886,15.7754,16.7302,16.6043,15.6895,16.8467,14.9758,14.7151,15.8736,16.5644,16.9344,16.3918,16.7628,14.665,15.52,16.7552,15.9134,15.384,16.081,15.4941,15.035,14.8916,16.516,16.9649,17.1845,16.1603,16.2538,14.0526,13.8246,17.5274,16.1286,16.4796,16.5616,15.8421,15.0729,14.23,16.4772,0
C-00034,4.8544,4.5919,5.1091,4.6209,5.7331,3.3447,3.6959,4.9206,3.3936,4.9092,6.0664,5.8765,1.9968,3.6105,3.9436,4.9144,5.6778,4.6313,5.5232,3.3941,3.5864,5.0799,5.914,4.9099,5.664,5.2007,4.1557,4.5668,5.4435,5.8435,5.8345,4.8979,5.819,5.1505,4.3376,6.0119,5.2149,5.5674,5.8458,6.0538,3.7547,4.8481,5.9266,4.9924,6.201,5.9877,5.8255,4.8648,3.7103,6.4467,6.3447,6.3363,4.9816,6.2124,4.669,5.4179,5.7515,5.5207,5.6962,6.5926,6.4594,4.506,5.1809,6.0796,6.1208,5.8631,6.4009,6.265,3.7431,4.8518,7.2359,6.8958,6.1387,7.0788,6.4353,5.2686,5.2301,7.0382,7.3856,5.6191,5.9675,5.7343,5.2211,5.208,6.6732,6.8396,6.7953,7.1398,6.3023,5.9627,5.2324,6.6833,6.2188,7.6586,7.3646,6.4368,4.3889,3.8324,6.3707,6.5344,5.6187,6.2772,7.1745,5.1471,5.4449,5.9281,5.6195,6.6287,6.7728,6.3115,4.4948,5.2078,6.384,5.0476,5.5526,6.7675,7.0395,4.7247,5.1987,6.0891,0
C-00035,2.9369,3.1202,2.9932,3.9542,4.4693,2.2561,1.9827,3.8471,4.2789,4.5114,4.497,3.7855,2.2822,3.2155,3.8884,4.3439,3.8221,4.839,4.6427,3.2917,2.7477,4.1067,5.2915,3.5784,4.4197,4.1984,2.6496,2.9483,4.7599,4.1839,3.7338,3.9297,4.6124,3.346,2.8736,4.6036,5.8434,3.8363,5.6679,5.2985,3.3135,2.5766,6.0447,5.5977,5.3604,5.817,5.9957,2.7727,3.3458,3.8815,5.3789,6.6419,5.5404,4.3157,3.2322,3.5418,5.443,5.4613,5.7754,6.1347,5.3448,4.486,3.6034,4.8249,5.6538,6.0435,5.2442,5.9231,4.5955,3.6409,5.07,5.0794,5.5069,5.4365,5.8851,3.3578,3.8089,5.4998,5.1953,6.0158,4.7205,5.5197,5.6117,4.7637,5.0971,5.4371,5.6873,5.6713,6.384,5.2173,5.1415,6.7117,6.0995,5.397,6.2855,6.5236,4.5981,4.5633,6.1305,5.6779,6.1098,5.6136,6.323,4.0617,4.4232,6.3282,5.7929,5.6842,4.7988,5.8301,4.9017,3.7131,5.8211,5.7218,5.0601,6.0607,5.1849,3.2412,4.9737,6.8175,0
C-00036,2.799,2.6851,3.3417,3.299,4.4748,3.4553,2.1307,4.0218,2.9667,3.4163,3.5559,3.4399,1.5144,1.417,4.2828,4.9585,3.9511,3.7553,5.4678,2.6647,2.9984,4.2596,4.6622,4.6175,4.904,5.1072,3.0027,4.062,3.8593,4.8819,5.7462,4.9879,4.7539,3.3555,4.1376,5.5115,6.17,5.7575,4.8188,6.6184,3.6162,4.2045,5.632,6.2976,5.5983,6.2857,5.732,5.0424,4.0985,7.0449,7.0723,6.4619,5.9002,6.7731,5.8057,4.6853,5.6777,6.4376,5.7748,6.5444,5.8571,5.772,4.7777,6.4584,7.079,6.6454,7.4006,6.1584,5.748,4.673,4.7811,7.2645,6.0673,6.3427,7.0846,5.4947,5.0789,5.6499,6.2619,7.4248,7.1693,7.185,4.9119,7.0576,6.4638,6.7721,6.4739,7.2258,7.2527,6.0082,5.3443,6.7977,7.9291,7.2825,7.3915,7.3555,6.0843,6.9928,7.5927,7.213,7.4004,7.0401,7.9629,6.5952,5.637,7.1834,6.49,6.607,6.7311,6.3841,5.4827,5.8985,6.6704,6.7289,6.5592,7.2476,6.0876,4.277,5.8393,5.5478,0
C-00037,12.8919,12.7471,12.651,11.8732,13.5754,11.1727,11.0779,12.9295,13.5633,13.3023,13.0308,12.3136,11.4187,11.2131,12.3719,15.2399,13.4829,12.8726,13.4787,13.7831,12.3108,13.8416,14.4247,12.9875,12.6577,14.029,13.0498,12.3965,13.4815,13.7817,13.7114,13.1951,13.4159,11.8575,12.0903,15.2634,12.9199,14.3585,14.4097,14.3844,12.6151,12.8819,14.4203,14.2562,12.9651,13.1624,14.3783,13.5543,11.3852,13.8053,14.988,14.8677,14.3186,13.8728,14.0339,13.048,14.0496,13.6588,14.9894,14.0984,14.1015,14.2899,13.5074,14.6871,14.6218,16.1069,15.1837,13.5733,13.0229,13.8305,15.679,14.827,14.4675,14.828,14.5319,11.3809,14.4671,15.4476,14.7406,15.7581,14.4826,15.312,14.1709,13.864,15.8018,14.9151,14.699,15.3932,15.0001,14.067,14.1975,15.5995,15.4091,15.1446,14.6989,14.2514,13.0074,13.2857,15.5157,16.1948,15.8841,15.9957,14.4982,13.6382,13.3498,14.1333,15.4381,14.1807,15.5842,14.3608,14.6237,13.719,14.8361,14.73,15.238,15.901,14.8231,12.9044,13.4749,14.9784,0
C-00039,9.7215,10.0791,9.4422,9.913,10.3829,9.5071,8.8402,10.0708,10.8945,10.9335,10.0872,10.3048,8.2556,8.2926,9.5454,10.4136,9.5674,11.1058,8.7982,8.5831,9.529,11.1502,10.5932,10.2536,9.9828,9.6509,8.7068,8.7488,10.2553,10.49,10.6628,10.6267,10.042,8.9873,8.7015,10.7867,9.4321,10.5365,10.9477,11.1802,10.2787,9.2474,10.8967,11.0944,10.5329,10.4142,11.5064,10.5096,8.2421,10.0058,10.8861,11.9963,11.5553,10.4946,9.6218,9.35,10.8105,11.835,11.0219,11.1069,11.2132,9.9699,9.1656,10.8496,11.6756,10.7399,11.5462,11.2269,11.0021,9.6992,9.7436,10.8523,10.9268,11.1403,11.0439,9.0603,9.6642,11.2426,10.4749,10.7634,11.8017,11.2763,9.8468,10.0433,11.7767,10.4111,10.284,11.2257,11.3113,10.4973,9.1805,11.3446,11.3207,11.8014,11.7385,11.1504,11.1706,10.5888,11.876,10.2416,11.1497,11.3208,11.2287,10.318,9.6381,11.6815,10.7393,10.8974,11.6894,10.9785,10.0916,9.6241,11.3747,10.723,10.88,10.2834,10.4384,11.1745,10.5971,10.4608,0
C-00040,10.5346,10.5665,9.7046,9.9975,10.2312,10.0546,9.5815,11.1033,10.3652,10.4971,11.1828,11.2438,8.8038,9.8908,10.7789,10.9051,10.4666,9.551,11.8328,9.4011,9.923,11.706,11.19,11.4296,10.9485,11.5614,9.0452,11.0359,11.8068,10.8454,11.6774,12.2079,10.8965,10.755,9.1824,11.3133,11.4352,10.9945,10.988,12.7614,10.6341,11.2503,11.3064,11.1371,10.4774,11.6416,10.7002,9.8086,10.8375,11.5708,11.2719,11.8425,11.5301,11.2334,10.4457,9.9068,11.6887,11.3693,11.4945,12.0765,12.4653,10.5044,10.4367,12.6537,12.9894,11.5198,12.0515,12.3358,10.8227,11.4352,12.0346,11.4181,11.1643,12.3412,11.6612,11.1939,11.686,12.1036,12.549,13.1347,11.6306,11.9685,11.939,10.7994,11.8625,11.5199,12.7668,12.0114,12.4033,10.4335,10.9517,12.1171,11.8377,13.0695,11.9807,11.351,10.5441,10.8958,12.1366,11.5899,12.224,12.5851,13.3122,11.5306,12.5189,11.9674,12.7711,11.795,12.1238,12.567,10.198,10.4137,12.7475,11.2479,12.9784,13.0608,12.1961,10.5986,9.4317,11.1981,0
C-00045,5.2945,5.3918,5.7599,5.9438,4.4929,4.7846,4.9589,6.2366,6.6381,5.6726,5.7688,7.0536,6.2969,4.7451,5.7608,6.3767,6.8421,5.0502,6.1656,4.6846,4.3525,6.6004,5.2066,7.0218,6.325,7.0793,4.7388,5.5567,5.4254,6.0316,5.9079,5.3573,6.2992,5.9962,4.906,6.0615,6.0493,6.5979,6.5121,5.5967,5.6677,4.6173,6.2083,6.3541,6.9033,7.1158,6.1903,5.6119,5.4663,6.32,4.7923,5.7931,7.4557,6.345,6.009,5.3595,7.2294,7.0616,6.4545,7.3763,6.8668,5.7788,4.4522,6.5585,6.1087,6.1856,6.7876,7.0678,5.4458,5.6672,7.5358,6.8166,6.8538,6.6468,6.3678,5.7269,5.3727,7.2588,7.5565,7.0524,6.4964,5.9949,4.4592,5.1995,6.9837,8.3553,6.3484,6.8382,6.1497,6.6089,5.0995,6.7257,7.3583,6.0804,7.2971,6.2403,6.4043,5.6232,6.5726,5.701,5.647,7.2095,6.9245,4.525,4.1596,6.4505,6.1958,5.9677,6.8722,7.2846,5.1077,5.5648,7.3337,6.541,6.2363,7.3224,7.1867,5.79,5.0585,7.0359,0
C-00046,14.8042,13.8462,14.2291,14.7717,13.7465,13.8574,12.908,13.562,15.2319,15.0934,15.504,15.1473,14.7782,12.7456,15.711,15.0123,14.1664,14.6023,14.3937,13.8968,14.0204,15.2503,14.5547,14.8831,16.0263,15.6277,14.4728,13.8666,15.52,15.35,15.3679,14.9126,15.5225,13.0614,14.2796,15.9263,14.5572,15.3939,15.824,14.8315,15.1612,13.5842,14.8769,15.3816,15.9867,14.7364,16.4992,15.2713,14.9896,15.0596,16.55,16.1229,16.3315,17.5627,14.9274,14.8935,15.9304,15.9989,16.9999,15.8074,15.4223,15.8236,14.1457,16.407,15.9333,15.9673,16.0473,17.2457,15.9652,16.054,15.8179,15.3237,16.4151,16.2003,16.4113,15.5455,15.4282,14.9917,16.2394,16.5313,16.3545,16.9327,13.7597,15.1623,15.7307,15.8736,16.6334,17.0842,16.4779,13.952,15.6811,16.9012,16.514,17.2266,17.3052,15.7313,15.0297,15.2061,18.1972,16.973,16.5848,16.1834,14.6634,15.4246,16.0883,15.8895,15.8983,16.8723,16.0404,17.362,13.3698,16.5325,16.4914,16.3594,16.5799,15.7666,17.3374,12.9925,14.4325,16.2944,0
C-00047,10.3963,10.6006,12.3815,10.5119,11.4185,9.5638,9.8477,11.5561,11.0365,11.4735,11.8793,11.8317,10.1868,10.2651,10.8807,12.1272,11.4446,12.8735,11.2509,11.2609,11.2647,12.8042,12.2233,11.9227,13.5136,12.3385,10.8289,11.5372,13.4096,12.3662,11.4918,13.0533,13.8028,13.2841,12.4529,12.979,12.6968,13.2963,12.9124,12.7507,12.0974,11.0397,12.4393,13.2404,13.9443,13.5089,13.9255,12.3965,12.7396,13.7428,13.0546,14.3656,13.5866,13.044,12.0518,11.5773,14.0908,14.4804,14.3334,14.7342,13.2101,12.3027,11.773,14.7821,14.307,13.6843,14.4451,14.6715,12.955,13.4995,13.7094,14.198,15.1621,13.8474,13.8945,12.6373,13.6825,15.0836,14.8835,14.6848,14.5916,15.2585,12.2426,12.292,15.1631,14.5227,13.7215,14.8911,14.2109,14.2222,12.6708,14.0019,14.3487,15.779,15.1648,14.5266,13.6988,13.71,13.6335,14.0589,14.017,13.8999,15.0137,13.0303,12.619,14.3695,14.7137,14.4202,14.1218,14.7237,12.5915,12.8524,13.9676,13.7483,13.9719,13.9948,14.2489,12.8135,13.3474,14.0254,0
C-00051,3.2333,3.8952,3.2997,4.3759,3.6846,3.8685,3.1308,4.0017,4.0257,5.0561,5.4448,4.032,2.3215,3.6544,4.4683,4.0513,3.696,4.5797,4.5834,2.074,2.468,5.0478,5.3131,3.6781,3.6976,4.2843,2.7702,3.176,4.3274,4.744,3.3293,4.4937,3.5252,3.5596,2.2991,4.926,5.8794,5.6438,4.5895,4.5156,3.3928,3.4739,6.2449,4.6228,5.4527,5.094,5.2581,4.1192,3.9164,5.3138,5.3116,5.541,5.4493,4.6419,3.6371,3.8687,4.8656,5.4911,4.9404,5.4337,5.6686,3.7167,5.1491,6.3225,6.2752,5.5923,6.1413,5.543,4.8617,4.8507,5.2399,5.9368,5.5894,5.3517,5.3609,4.0787,3.8976,6.452,7.169,5.1973,5.9078,5.9832,3.8751,4.3787,4.6341,6.1979,5.1544,5.5249,5.9592,4.8552,4.9405,6.1113,5.7607,5.5966,5.7237,5.818,5.8082,5.1264,5.7229,5.5597,5.8201,7.1457,6.9291,4.2856,4.2899,6.2718,5.5969,5.7997,6.0284,6.6343,4.4285,4.0944,4.8447,6.8547,6.0402,5.316,4.8184,4.4421,3.7475,5.9307,0
C-00052,3.6879,2.9364,4.1266,3.5937,4.3052,3.7852,3.266,3.26,4.2612,3.7865,3.7603,3.6578,2.7848,2.9031,5.3727,4.167,4.8324,3.9452,4.1016,3.5397,3.6093,4.2697,5.4845,4.7656,4.4332,3.7954,2.968,3.8063,5.3661,5.4204,4.8467,4.3426,5.2716,2.4803,4.5135,5.1794,5.2797,5.676,4.496,5.1237,4.2362,3.4906,4.9985,5.4188,4.8279,4.4389,6.0263,4.4991,4.3343,5.5992,3.9156,5.4701,5.5318,5.3191,3.7724,2.6551,5.8071,4.6995,5.9527,5.2169,5.5757,4.4978,3.1103,5.8435,5.1118,4.6614,5.5303,5.5542,3.7756,4.5478,5.598,6.2584,4.6658,5.3299,5.4121,3.6261,5.0993,5.6326,5.6813,5.1141,6.3018,5.0907,5.0223,4.6669,5.6496,6.0046,5.1297,4.9091,6.0301,4.4607,3.8687,6.1527,5.9212,5.8036,5.2792,6.4511,5.2666,3.0943,5.4265,5.1872,5.4369,4.8723,5.286,4.1917,5.4474,4.901,6.2625,6.1552,6.0216,4.9373,3.9536,2.7089,5.7115,5.3857,5.8324,5.8978,6.1846,3.6473,4.075,5.5093,0
C-00053,4.5601,3.2076,4.52,4.3344,3.937,2.5581,2.6668,3.7571,3.8273,6.0188,3.9212,4.724,3.2368,3.3979,4.938,4.3162,4.0604,4.6432,3.7131,2.9843,4.5944,4.7294,4.5266,4.5692,4.5442,5.3953,4.0053,3.7015,5.4093,4.5929,5.1123,5.5536,5.1644,4.7001,4.0024,6.0815,5.3897,5.175,5.255,5.9696,3.9043,3.0079,5.4043,5.2148,5.2723,4.2722,4.6059,4.6082,5.8712,5.4863,6.3817,5.5369,5.7378,5.4396,5.5498,4.1635,5.6351,6.819,7.0273,6.4003,5.4925,4.2555,5.2544,6.0183,6.4786,6.036,6.9119,7.13,3.6617,5.7071,5.5333,6.8126,5.5524,6.055,5.8818,5.5348,6.6473,5.6547,6.8141,5.5316,6.6472,6.0493,4.1716,6.3439,5.2841,6.7259,5.586,7.1328,5.1928,5.4727,5.5293,5.6606,6.5853,6.9635,6.2557,7.2856,4.4494,4.8203,6.2183,6.6193,6.2718,5.1148,5.7071,6.5545,5.1852,5.8545,5.648,6.378,6.3804,5.9052,6.119,5.9526,5.7028,5.8528,6.1925,5.9411,6.2904,4.9192,3.9811,6.915,0
C-00056,8.4162,9.2261,9.0771,10.7054,8.3659,8.3578,7.5791,9.3988,10.1178,9.7397,9.6514,9.3936,8.6095,7.9395,9.6366,10.6397,9.5485,10.0241,10.5156,8.6886,9.0019,10.4695,11.0534,10.5731,9.9055,9.5035,9.3762,8.1917,10.5369,9.9412,10.8407,10.1611,9.8875,9.7214,9.3034,10.0185,10.7829,10.5287,10.2017,9.7182,8.7321,10.6345,10.3906,10.5354,10.7229,10.6015,11.4254,10.9263,8.6162,11.1653,12.0209,11.7143,11.4519,11.8899,10.7366,10.7446,12.2146,10.826,11.8525,11.6569,11.5318,9.158,9.9131,12.2903,11.0748,10.9158,10.6616,13.0714,10.6207,9.6714,11.185,12.2473,12.0908,10.9397,11.692,11.6567,9.7811,11.6029,11.3263,11.5644,11.7214,11.6689,10.0645,11.4488,12.104,11.5292,11.4766,12.0535,11.7306,10.0034,10.1492,11.3815,11.4004,11.7012,12.1983,11.9316,10.1548,9.9951,10.6759,12.6508,11.1281,11.5122,11.4181,9.3707,10.9235,11.976,11.185,10.9333,10.5995,11.3626,9.8874,9.9329,11.109,10.4321,10.6592,12.0694,10.7205,10.1174,11.34,11.7551,0
C-00057,10.949,11.6637,11.3702,11.5057,11.3148,10.3887,9.7037,11.9141,11.0831,12.0729,12.9943,11.74,11.5533,10.382,11.6821,12.0202,12.1569,12.5704,12.723,10.9554,10.5029,12.1238,12.4475,12.2804,12.0142,13.058,10.9698,11.3316,12.4097,11.1868,13.0935,13.2765,12.1715,10.7895,10.8212,12.2275,13.8438,12.8786,12.5845,13.5352,12.5878,12.4233,12.7024,13.6216,13.3529,13.4392,12.6764,11.1699,11.3452,13.5949,13.5345,13.9748,12.1975,13.7977,12.2626,12.2171,13.6486,13.224,12.828,13.9756,12.8611,11.2398,11.8778,11.8624,13.386,12.1253,13.7745,13.373,11.9263,11.894,13.4257,13.0265,13.2932,13.093,13.7111,12.0528,12.6216,12.2826,13.8228,12.9817,14.0194,13.5915,12.8957,11.7279,13.4494,12.6681,12.7428,13.2558,13.2836,13.1087,11.971,13.7554,13.1659,13.6531,13.3862,14.1146,14.2813,10.7431,14.4253,12.8755,12.9187,13.9692,13.6004,12.2366,11.3743,13.4528,12.9856,13.6617,14.1212,14.4257,11.4037,11.9137,12.4272,13.6918,12.8879,13.3413,12.3565,12.5018,12.1465,12.859,0
C-00058,13.6944,13.8641,14.2853,14.1338,14.1018,12.958,12.2882,14.3379,14.4488,14.4137,14.0188,12.8064,13.0378,12.9147,14.6011,14.1006,15.231,14.3476,15.8213,12.4291,12.9244,14.3218,14.657,16.3509,14.1237,14.8132,12.6877,13.6608,14.3813,14.8493,15.2742,15.5834,15.4038,14.7994,13.291,15.2171,15.3664,14.8353,14.4475,15.2153,13.4294,14.0769,16.0772,14.9064,16.6349,14.9894,16.1536,14.8191,14.2806,15.0114,15.9134,16.2212,16.5873,16.9935,14.3334,14.5006,16.4078,16.7487,16.3231,15.1991,16.1809,15.2786,15.2864,15.6656,15.4355,15.9095,16.3474,16.6937,15.1711,14.6789,14.4426,17.1988,15.92,16.4604,16.5001,16.2518,14.8255,17.2264,15.9205,16.7252,16.3924,15.8657,15.4425,14.3786,16.5051,16.2735,17.544,16.7673,16.2843,14.5572,15.5497,16.6825,16.5228,16.2528,16.3977,16.3824,15.5709,14.3579,15.8959,17.7409,17.0589,16.7302,16.8095,15.6194,14.5105,17.1656,15.7023,16.4278,15.747,16.8,15.4226,16.0381,15.1732,16.8291,15.9137,17.4908,16.3869,16.1067,13.6549,16.3259,0
C-00060,6.1587,7.5898,7.4074,6.3133,6.1669,5.0876,5.311,7.0321,7.3801,7.9898,7.5055,8.2555,5.8233,5.6053,6.9937,8.3589,8.262,8.5696,7.4632,6.8588,5.7641,8.4403,7.4969,8.0595,7.9986,7.6428,5.7097,6.492,7.6479,8.242,8.3785,7.5343,8.5628,6.6499,6.6162,8.4742,8.3998,8.7407,9.5814,9.2324,7.6411,7.1725,8.5628,9.4643,8.2637,8.7892,8.8448,8.1854,6.762,9.6594,8.5461,8.2515,9.4574,8.7137,7.802,7.6227,8.9949,8.9417,9.438,9.9836,8.1518,7.6232,8.0525,9.1615,9.4368,9.7624,8.515,8.3871,8.4419,8.2366,8.7017,8.8109,8.6126,9.1355,9.5323,7.77,8.5766,9.3026,8.7438,10.2005,9.1245,9.76,7.5255,6.7588,9.3091,9.8158,9.5486,10.3175,9.4603,8.4402,8.176,9.3976,9.5517,9.0603,7.879,9.6699,7.757,8.6688,9.9752,9.9112,9.3426,9.515,10.7213,8.0237,7.7111,9.3465,9.2199,8.9604,9.1571,9.0612,8.1244,8.2471,9.9323,9.2962,8.5727,9.2121,8.7773,7.7405,8.012,8.8361,0
C-00061,15.0406,13.9442,14.7516,14.4867,15.887,13.5003,13.1814,15.1829,15.0177,15.8433,14.8846,15.7527,13.5064,13.8931,15.0474,14.4649,14.2932,15.9717,14.9534,13.6515,13.4133,15.0203,15.1241,14.5623,16.5949,14.7114,14.316,14.3963,15.238,14.6307,15.2267,15.7675,13.8796,14.8749,13.6022,15.1159,16.2161,16.0959,16.4111,15.6068,14.2101,15.0667,14.6853,15.6753,15.5764,15.4672,15.6529,14.5394,13.5111,15.2439,16.2047,16.3755,17.1835,15.4494,14.6898,15.2008,16.401,15.5763,15.7573,15.4193,14.873,14.9192,14.2133,15.7019,14.5204,15.1732,16.7874,16.33,14.0497,14.6397,16.1444,15.7399,16.3496,16.2524,16.2427,14.9784,14.826,16.9247,16.5265,15.7959,16.7711,16.8131,13.2136,14.6614,15.8055,16.4362,16.2204,16.2546,15.9196,14.914,14.9376,15.4101,15.2242,16.1902,15.1903,15.9014,14.383,14.2101,15.5253,16.7154,15.6825,15.5456,15.8338,15.2127,16.0502,15.3064,15.0701,16.546,16.3185,16.6955,14.3529,14.1297,15.941,16.6847,15.3194,16.2409,15.0936,14.3079,15.7903,16.6519,0
C-00062,4.815,4.8468,4.9677,4.3877,4.1007,3.9196,3.3586,5.35,4.7498,5.799,5.602,5.2065,4.5203,4.0762,5.1232,5.3374,4.5351,4.8158,5.0078,4.5193,2.997,5.6641,5.1632,4.9602,5.3595,5.7164,4.69,4.9671,6.5488,5.5836,6.3359,6.4708,5.3818,3.7744,5.0087,7.1368,7.6871,7.0162,7.7049,6.1396,4.2384,6.3979,6.0299,6.777,6.3885,5.9855,7.0099,4.9,5.3261,6.1973,5.7135,7.4143,7.2368,6.1617,5.5592,5.3782,6.9362,7.6199,6.1561,7.2202,6.6943,4.9132,4.4833,6.7315,6.8253,7.6403,7.0934,7.3553,6.3905,6.6197,6.7855,6.8494,8.2148,6.8928,7.5785,6.954,5.2345,7.4211,6.856,7.0782,7.176,6.1416,6.0587,5.6571,7.4921,6.4211,7.1431,6.4976,7.8791,5.8308,6.8672,7.2335,6.7471,7.3789,6.9455,6.1698,5.5273,5.4451,6.5754,6.4549,7.1843,6.9541,8.1678,5.5763,6.0778,7.222,7.5513,6.9608,6.6042,7.0461,6.6617,5.4322,6.6384,7.2007,7.4609,7.1966,7.8107,6.2731,5.2307,6.6291,0
C-00064,2.1288,3.9878,3.8343,3.4176,3.8098,2.4335,2.1325,3.5651,4.9562,3.7142,4.0783,3.9628,2.2338,4.1563,4.4897,3.6734,3.8808,4.7281,3.9176,2.7349,3.3708,4.5252,6.3568,4.8654,3.9943,4.3121,3.6034,3.5627,5.0415,4.3591,4.7366,4.783,4.3515,4.7933,4.3095,5.2712,4.3546,4.4551,4.516,5.275,4.483,2.1363,4.0275,4.5265,5.6031,5.0313,5.3606,3.7628,5.0592,5.5229,5.8264,5.7522,4.5082,4.7766,4.5366,4.048,4.9276,6.6699,4.8731,4.3108,5.0142,4.5766,4.5474,5.7624,5.9454,5.307,6.1914,5.2725,3.6211,4.0645,7.2171,6.5262,7.0701,5.8479,5.6931,5.0926,4.1064,5.3805,6.0856,6.0189,5.9743,5.5763,4.302,5.0958,5.4785,5.8327,6.1458,5.2963,5.8199,4.3278,4.7581,6.4269,4.8223,5.496,6.1249,6.0175,4.1777,4.6481,5.635,6.0847,5.8719,5.97,5.7569,4.3602,4.5579,5.3808,5.3504,5.7383,6.1036,4.5594,4.2118,4.7048,5.7778,5.7526,5.9436,5.0925,5.669,4.0843,5.569,4.9662,0
C-00066,12.6101,12.613,12.5151,12.7012,12.4226,12.5508,11.4239,14.0344,13.184,12.9933,14.4861,12.6212,11.8378,11.505,13.3,13.3024,12.6607,13.4204,12.8776,11.7014,12.2206,13.7844,13.7645,13.0698,13.0821,13.3138,12.9753,12.5645,14.0859,14.4753,14.2773,13.5525,13.7307,12.3979,11.4162,14.3043,14.8299,14.7287,14.659,14.2644,13.871,12.0068,13.3669,14.1576,14.452,14.0989,14.247,13.633,12.2164,14.8431,13.7855,14.6485,14.6692,14.8496,14.4136,12.939,15.5049,14.6845,15.5443,14.2612,14.4255,13.8532,13.5602,15.4068,14.8657,14.8699,14.8823,14.8685,13.592,14.3381,15.4849,15.2022,14.3539,15.6752,14.8419,13.75,12.9481,15.3118,15.7808,15.4741,14.8431,15.9626,14.2447,13.2822,16.2189,15.6067,16.1407,14.3532,15.2073,13.7358,13.7521,14.8765,15.6521,15.3697,15.5205,15.4634,13.6485,13.6681,14.701,14.2723,14.8025,14.0135,15.6809,13.886,15.1088,14.6253,15.1743,15.0268,14.9369,14.5461,14.6215,14.2261,15.1019,15.2718,14.7692,14.1308,14.7382,14.4572,12.97,14.631,0
C-00070,9.6014,9.1918,8.6849,10.3235,9.555,9.3062,8.4109,10.147,9.8953,10.4097,9.1797,9.9612,8.5851,9.5722,9.037,11.0627,10.3565,10.9894,11.5009,8.7097,9.1145,9.7884,11.1752,11.4759,10.3397,10.2062,8.9146,10.1271,11.6972,10.0347,11.9049,10.959,10.8052,9.0828,8.5935,11.2599,11.0923,11.8541,11.3665,11.8176,9.3527,10.077,11.6039,10.7879,10.4412,10.422,10.794,9.8595,10.4378,11.7044,11.2159,10.8043,11.4386,11.144,9.9216,11.4438,12.4412,11.7359,11.4106,11.6356,11.8853,9.579,11.9604,11.3062,11.503,11.6243,11.3768,11.6784,11.6005,11.5877,11.9633,12.2638,11.5989,11.5316,11.546,10.6567,11.0818,11.8839,11.1941,12.4393,11.8965,12.5082,10.9883,10.725,11.28,13.0501,11.9686,13.0269,11.5608,11.206,9.9085,12.3236,12.4736,12.3352,11.6318,12.6427,11.1047,10.9699,12.7764,11.5751,12.2715,11.7864,12.5534,10.6996,11.2427,11.9536,12.8245,12.0856,11.7566,11.331,10.7224,12.3943,11.9136,12.047,11.3418,12.514,11.8103,10.8477,10.7992,11.9049,0
C-00073,3.8242,4.0934,2.835,3.9079,3.5276,3.1565,2.3431,3.5071,3.9085,4.2061,3.2054,4.3165,3.6829,4.4347,4.6126,4.2382,4.714,3.1526,3.0363,3.7394,2.7544,4.4238,3.8387,4.1928,4.0813,4.0488,2.8659,3.4195,5.7695,5.7783,4.7558,4.5962,4.2815,3.4537,2.8528,5.0107,6.0435,5.1466,4.343,4.7209,3.9302,4.9422,4.643,5.0354,4.3649,4.8686,5.909,3.1232,3.937,5.0715,5.5744,5.3276,5.4002,5.2009,4.4319,4.7893,5.1777,7.2101,6.6575,5.502,6.212,4.7624,4.9293,5.5004,6.1084,6.3943,6.291,6.0285,3.7081,4.7871,5.6608,6.1474,6.2144,6.9261,5.9223,4.908,5.0976,6.2223,5.7534,5.7181,6.1255,6.9319,5.1572,4.6075,5.9741,5.9544,5.354,6.8128,5.8646,4.7398,4.7917,7.2343,5.4865,5.9988,5.9896,6.4009,4.8379,4.7516,5.8368,5.4483,6.0876,5.5446,5.7165,4.0728,6.2583,6.3686,6.404,5.5505,7.3341,6.8282,4.9832,4.3804,5.8083,5.074,5.2699,6.1146,6.0307,4.4161,4.5284,5.7573,0
C-00076,7.9675,6.2495,6.8863,6.8157,6.6212,5.0444,6.5841,7.198,6.8716,7.396,6.7531,7.5114,6.0391,5.4208,6.4278,8.7344,7.0761,7.0709,8.8568,6.1485,6.5285,7.9776,7.6466,8.4658,9.4643,7.5701,6.4944,5.8068,10.0573,8.5099,8.0948,8.144,9.2891,6.9797,7.0733,8.6272,9.2221,8.8564,7.9647,7.1352,8.2345,7.9666,9.1554,8.3992,8.8314,8.5857,8.4007,7.4055,7.8385,9.1927,7.8488,10.0446,10.1394,8.9714,7.3295,7.3135,9.1454,9.962,9.3504,8.7544,9.3909,9.519,8.5718,10.2334,9.8578,9.4314,9.3203,10.5662,7.9446,9.403,10.0527,9.7027,9.8233,9.2403,9.4735,8.8958,8.1315,9.2049,8.9975,10.3524,9.8952,11.0752,10.1593,8.387,10.3008,9.4369,10.5197,9.8407,9.5925,7.9098,9.2612,11.0088,10.4489,11.1511,10.173,10.05,9.0129,8.9892,9.6546,10.7353,10.0712,10.7597,10.1396,9.4487,9.2599,11.2959,9.8904,9.0734,10.2502,10.7863,8.3988,8.2553,10.0184,9.3645,10.143,9.2692,10.0236,8.672,7.7113,9.5306,0
C-00080,14.3595,14.2784,14.0249,14.3954,15.8091,12.7439,12.9627,15.031,14.2931,15.5047,15.1978,14.8711,13.831,14.3959,16.6467,15.5907,16.0747,15.7169,15.2629,13.503,15.0698,15.5588,16.241,16.3577,16.3077,16.2417,13.347,14.4727,15.9589,16.2772,16.9704,16.4157,16.1308,14.7261,14.5572,17.1493,16.4904,15.6957,16.6887,16.638,14.0666,15.5062,16.293,15.9345,17.1094,16.4849,16.8019,16.0556,16.7736,16.2396,17.9554,16.7405,16.8429,15.5507,15.1717,16.3403,18.2669,16.6293,16.87,17.377,16.4376,14.8992,16.5561,17.5694,17.1973,16.2395,17.2311,18.035,15.3349,17.5131,18.4664,16.9457,18.1311,17.0272,18.2666,15.9668,15.4821,17.0786,16.6464,16.3836,16.8351,17.5949,16.2711,16.5495,16.9823,17.994,16.9252,16.8014,17.3182,15.948,16.6483,18.2483,17.7101,18.0159,17.2776,17.0806,15.4041,16.2589,18.0485,17.7017,17.6208,17.7123,17.5325,15.8607,16.455,18.1282,17.7459,16.4508,17.8223,17.8206,16.3212,16.1891,16.9653,16.8316,17.0198,16.4541,17.3649,15.932,16.1547,15.8781,0
C-00082,9.3264,9.3255,9.043,9.6007,9.7854,7.9864,8.359,9.4045,9.6145,9.3088,9.4057,10.9155,8.0803,7.8458,10.781,9.647,9.9223,9.0283,10.8969,8.366,8.5187,10.4194,10.3601,11.2438,10.2457,10.9004,10.1485,8.2837,9.5932,9.751,10.698,10.4719,10.0686,8.6753,9.3991,11.223,11.507,9.3655,11.496,9.8128,8.7213,9.7667,11.1793,10.766,11.2914,10.2859,10.5028,9.6225,9.4667,11.2671,10.0064,10.722,12.2076,10.4354,8.8957,11.1171,12.44,11.9316,11.8753,10.9464,11.0718,10.1139,10.0541,11.6215,11.1111,10.3633,11.3324,11.9842,10.3411,10.2213,12.1099,11.3545,12.4366,11.0178,11.2287,9.8391,8.7014,12.1162,11.0528,10.5726,11.5384,12.1116,10.0899,10.4343,12.674,11.0747,12.454,11.8019,12.1495,10.6133,11.5817,11.7171,11.8278,11.3232,11.8327,11.3301,10.2368,9.9145,11.4767,11.7886,11.1769,11.1104,12.0288,9.8025,9.4502,11.9718,10.7142,11.0618,11.4796,11.3354,9.7549,9.9257,11.9748,11.0664,9.7959,11.899,10.3348,9.8253,10.3037,10.5863,0
C-00083,7.2363,8.0137,6.7579,7.6013,7.4391,6.2309,6.2005,7.6855,8.4103,7.4969,8.8091,8.6126,5.637,7.5765,9.484,8.6415,7.8718,8.5451,8.0295,6.2264,8.3098,8.7718,7.9268,8.4745,8.1839,8.2082,7.4715,7.4985,8.1584,7.3738,8.3675,8.9501,9.4146,7.2557,6.7912,8.9978,7.0026,9.0441,8.9373,9.6235,7.0991,8.2572,9.0126,8.9664,8.2538,8.71,8.1967,7.5247,6.81,9.9022,8.6796,8.1634,8.825,9.2005,8.8417,8.5684,8.5671,8.6392,9.3933,9.3511,9.3404,6.8129,7.4047,9.6037,9.6879,9.8618,8.1161,8.3862,7.526,7.9977,9.2904,9.9465,9.2212,10.365,10.2813,8.9478,9.1987,9.1873,10.2608,9.3612,9.9561,9.2561,9.572,9.2476,8.5442,10.4882,9.3106,10.5786,8.8492,8.074,7.8525,9.0398,9.9776,10.2179,8.9625,9.2015,7.503,7.7215,9.9813,10.1498,9.1331,9.4328,9.3521,7.4907,7.7743,10.2117,9.1553,8.8893,9.4101,8.8221,7.4766,8.1691,10.3819,9.6189,9.6322,8.6378,9.0098,7.7149,7.4259,8.565,0
C-00084,14.3366,14.0524,14.9711,15.5696,15.0279,14.2524,13.3244,14.6153,15.1171,14.6105,14.825,14.1092,14.4093,15.7603,16.1403,14.8117,15.8267,14.9308,16.6764,14.6156,15.4377,15.8366,17.4557,16.5871,15.6189,15.2763,15.2281,15.1732,15.595,16.3293,15.484,15.9419,15.4079,15.1505,14.6782,17.1864,17.1727,17.5064,16.976,16.9397,15.5438,15.8158,16.7359,16.2868,17.8051,17.5403,16.1573,15.9513,15.4798,17.2687,17.6824,16.7943,17.257,17.008,15.4353,16.5376,17.6221,17.8528,19.1252,17.2334,17.3706,17.3027,16.3426,18.3705,18.1423,18.376,17.9815,16.6157,17.773,17.2655,17.2063,17.5113,17.6256,18.6366,19.6657,17.1805,18.2802,18.0523,19.5778,18.0579,17.7645,17.5339,17.707,16.7015,18.6061,19.8569,19.1068,17.7748,18.3601,17.4735,16.6552,18.2387,17.5378,17.3925,19.0024,18.1693,16.8867,17.2011,16.7594,17.7679,17.4292,17.994,17.175,16.839,16.8339,18.0712,19.0143,18.0824,17.8565,18.0657,16.279,15.9378,17.3622,17.8322,18.4644,18.306,17.4242,16.0218,16.401,17.1845,0
C-00085,3.5511,2.6961,4.3115,4.2339,3.2587,2.3967,2.3871,3.4389,3.7975,3.7761,3.6021,3.5372,2.8283,1.8599,4.511,3.436,2.8697,2.7159,3.6368,3.0068,2.9722,4.1206,3.698,6.0065,4.2143,3.9684,3.8412,3.1233,4.5598,4.8149,5.542,4.8505,4.7172,4.2686,4.4915,4.4491,6.303,5.0327,5.4902,6.0829,3.9285,2.3232,4.5814,5.6168,5.8039,5.7216,5.9206,5.9696,4.5488,5.0201,5.6247,5.8514,5.8546,6.246,4.1924,5.3517,7.0264,6.4164,5.8298,5.2348,6.5498,5.4773,5.3049,5.1522,6.8498,7.4038,6.0381,6.3811,4.0714,5.4773,7.0355,5.4679,6.2791,5.5177,6.8102,5.727,4.9381,5.4007,5.8075,6.6096,6.617,7.1464,5.5848,5.9681,7.8155,6.8785,6.2714,7.0733,7.0136,6.0784,5.0083,6.555,7.0447,6.453,7.3758,7.9255,4.871,4.4499,7.0149,5.2392,7.8188,7.2528,6.6293,5.1771,5.152,6.2976,7.2935,8.0775,7.1934,5.9324,4.4236,5.6021,6.9008,5.6472,6.7366,5.6631,5.762,5.0106,5.9334,4.8037,0
C-00087,7.3099,7.2071,8.1149,7.3392,7.5143,6.5822,7.4531,8.624,7.1193,7.9872,8.2033,8.0863,7.1533,6.1138,6.824,7.3816,7.4152,8.7256,8.1678,7.6453,7.5388,9.0648,8.5806,8.9712,7.3795,8.4973,7.968,7.448,8.7478,9.7671,10.4461,9.2141,8.5117,6.5848,8.0126,8.9749,9.652,9.1582,9.7045,9.5933,7.3619,8.8902,10.1656,9.1848,8.6681,9.8948,9.6994,7.9564,9.7314,11.0684,9.9311,11.0472,9.9042,9.5941,9.6858,8.5116,10.7705,10.0019,10.4969,10.9928,10.6674,9.2277,8.362,10.7198,10.6581,9.5255,9.8555,9.5687,10.2288,8.7874,10.6013,10.7672,11.2514,9.1812,10.3497,9.1192,8.3374,10.2323,10.7349,10.8261,11.2823,10.6913,8.4873,10.0699,10.3393,10.0497,11.1216,10.7112,10.8334,9.9939,9.6995,10.6811,10.8095,9.9883,10.7739,10.2526,9.3658,9.6342,9.941,11.5545,10.212,10.2665,9.811,9.2838,8.8971,9.9753,11.3139,10.3682,11.8578,9.5971,9.9287,9.185,9.8486,9.9198,9.959,10.2744,10.471,8.8262,8.3773,10.2848,0
C-00088,9.9398,10.0586,9.3315,10.3739,9.9843,8.1802,8.5253,9.8747,9.4579,10.5141,9.5927,9.9519,7.7242,9.3192,10.8911,10.3911,10.0919,9.8814,10.4146,9.0268,8.8497,10.5361,9.9547,10.2985,10.6478,10.7046,9.028,8.4244,9.4851,11.1794,11.0956,9.8358,10.4302,9.8368,9.7001,10.64,11.0087,10.3876,10.7796,10.5117,9.4498,10.7762,9.4205,10.4774,10.5574,10.949,9.7491,9.5215,9.405,11.5223,10.8346,11.1862,10.9587,10.3798,9.6949,9.4285,10.6503,11.9905,11.0979,11.3279,10.7349,9.2309,8.9473,11.715,11.2571,11.0956,11.0819,10.823,9.53,9.1538,10.3087,10.8255,10.721,10.7717,9.7311,10.2655,10.4869,11.351,11.3369,10.185,11.0425,10.9049,9.8865,9.545,10.95,10.4334,10.3545,11.5663,10.5871,11.9536,10.5967,10.0046,11.0731,11.0317,11.4083,10.5527,9.844,10.0109,9.6987,10.7411,10.9364,10.2238,11.5874,9.7964,10.2231,10.706,10.6,10.774,10.6048,11.1827,9.7286,9.8687,10.2956,10.2603,10.7878,11.021,10.3233,8.9085,8.7966,10.4707,0
C-00090,3.7059,3.7843,3.1977,3.5202,5.0917,1.9229,2.9466,4.5617,4.8985,4.0385,3.76,4.6431,2.3649,2.8663,3.3519,4.7927,4.0181,4.8039,4.0517,2.3385,2.6999,4.2267,4.8176,4.4618,3.7157,5.1224,3.8955,3.9146,4.7143,4.4087,4.6874,5.0455,4.0809,2.5722,3.673,4.9114,4.6652,4.295,5.3918,4.9985,4.0584,3.1068,3.6004,4.6814,4.7871,4.7095,4.2687,4.2081,4.0483,5.4615,4.6161,4.1839,3.4201,5.0164,3.0915,3.6834,5.7273,3.7907,4.4853,4.4187,4.8288,3.0956,4.1653,5.1491,4.4356,5.0743,4.4662,4.5978,3.7484,3.2123,4.2544,5.1415,4.905,4.213,5.2811,3.9761,3.5507,3.0395,5.1941,5.2054,4.2052,4.7393,4.3638,4.2397,4.9293,5.1657,5.1056,5.625,5.4914,2.8708,3.549,5.3709,5.6999,5.9212,5.9182,4.0896,3.9551,2.8054,4.2799,4.1346,5.8164,3.7731,4.9985,4.0042,4.0705,5.0258,4.5303,4.8884,5.9516,4.8845,4.5033,3.6615,4.3199,5.0107,3.8994,5.1575,5.104,4.221,4.3105,5.0744,0
C-00093,7.9355,7.2046,7.6952,8.2496,7.8215,6.0441,7.4402,7.3749,8.6166,9.58,9.0005,8.9109,6.9304,6.9061,8.984,9.2458,8.0274,8.6974,8.4723,7.076,7.1136,8.5463,9.17,8.9205,8.792,8.7408,8.0737,7.7613,9.0694,8.7117,8.8069,8.2056,9.2952,8.1832,8.5823,9.6111,10.1675,9.0311,8.4681,9.2796,7.9996,10.0196,10.4421,10.9125,10.297,9.9828,10.6161,8.2368,9.3163,10.6062,11.1851,9.7886,9.9353,10.0479,9.4623,9.6595,10.8953,10.3034,11.3793,10.9954,11.4465,10.1497,9.266,12.3263,11.2789,11.7304,10.806,11.0061,9.2543,9.9021,10.9977,11.8396,12.1186,11.8837,11.1528,9.3905,9.6606,10.8345,11.0781,11.5098,10.8317,11.1493,11.4368,10.6426,11.1517,11.4114,10.9377,11.1627,12.2005,11.5926,10.1738,11.7098,12.0083,12.1105,11.7439,10.6152,9.9955,11.1574,10.9966,11.5846,12.2067,10.5452,11.0089,9.4991,9.4655,11.2387,11.6968,10.6053,10.4411,10.4903,9.5988,9.9153,11.3263,11.45,10.5961,11.0711,11.2115,9.736,8.6641,11.8321,0
C-00094,6.4594,5.4693,5.3376,6.3448,5.6922,5.8967,4.5221,6.1061,5.7147,5.4108,5.4195,6.1008,4.9242,4.6982,5.9567,6.8161,6.9238,8.4244,6.1043,6.0738,6.5642,6.7584,6.7865,8.0329,6.8724,7.0635,6.4409,6.7548,7.3222,7.4106,7.0598,6.8939,5.5309,5.9986,5.5022,7.5566,7.3116,7.1167,7.3604,7.3137,6.0946,6.834,8.3717,7.3459,8.0143,7.364,7.1328,6.8716,6.1378,7.3093,6.3112,7.1159,7.6356,7.5148,6.9413,6.8981,7.6421,6.6409,8.6244,8.8156,7.8971,6.968,6.5496,8.096,8.2121,8.7538,8.5479,7.9303,7.3395,7.2116,7.8344,7.7392,8.3962,8.1602,8.5158,6.2628,6.8151,8.7169,7.3309,8.1328,8.5501,8.3204,5.3235,6.6639,7.4501,7.9372,9.2309,8.9678,7.7169,8.5099,7.2196,8.2507,8.1567,8.2554,8.1363,8.2478,7.4329,7.449,8.795,7.8,8.2301,8.8407,7.819,7.4127,7.2567,7.7201,8.231,7.7228,8.7337,7.2506,7.4249,6.8531,7.5497,8.1148,8.5096,7.7931,8.3959,6.1598,5.4602,7.8413,0
C-00096,12.7943,12.6018,12.375,12.6941,11.8017,11.6218,11.4077,11.7584,12.4939,12.2718,12.458,13.373,11.4577,10.5428,13.1491,13.1483,12.4639,14.0744,13.4083,12.2008,11.1471,13.2379,12.3316,12.326,12.5838,12.7703,11.8439,12.1196,13.1781,12.0931,11.8704,13.2032,13.5185,10.6657,13.1205,14.1275,14.1801,12.884,14.2558,13.868,13.5623,13.0259,12.9823,14.5586,14.5382,12.8723,12.7923,12.5065,12.4016,14.0786,13.4468,14.4296,13.9687,13.9776,13.1594,12.5405,14.4802,13.8898,14.2405,14.498,13.8617,13.306,12.0663,13.9394,13.5152,14.0924,13.947,13.4309,14.124,11.3722,15.0417,14.1586,13.5427,15.5533,14.8806,12.5065,12.7211,15.1364,15.0973,13.6437,14.2194,14.0934,11.8603,13.3914,14.9288,14.1744,14.9591,15.3059,14.8793,13.2077,13.1504,14.7405,15.3088,14.3546,15.5109,14.4333,12.804,13.0187,14.6154,13.4796,14.4001,13.866,14.3668,12.8061,13.0904,14.9062,12.8083,14.4751,14.3066,14.2546,12.718,13.646,13.9659,14.0969,14.0979,14.9064,12.7636,11.9969,12.9236,13.8023,0
C-00097,9.6239,9.5505,8.134,9.0594,7.6705,8.3459,8.1011,8.9896,8.6061,9.3728,9.1801,8.5375,9.1015,8.0347,7.7998,8.0545,9.9949,9.2692,8.7608,8.244,7.3729,10.1755,8.6539,9.8095,9.3794,9.195,7.8121,8.1346,10.4159,9.2224,10.4104,9.3809,10.0302,10.004,9.1305,10.6014,9.8091,10.6118,10.2828,10.5373,8.8345,9.124,10.1027,9.8237,11.0847,11.9062,10.2222,10.2813,9.6202,10.5298,10.9293,11.036,10.5833,10.5786,10.417,10.8596,11.6437,10.7401,10.6989,11.2173,10.1904,10.1284,10.1444,10.4772,11.5934,11.7152,11.3216,11.2539,10.0156,10.3436,11.762,11.0996,11.804,11.5455,11.5875,10.7041,10.5874,10.8579,11.8921,11.5225,11.4459,11.134,10.0706,10.6589,11.0552,11.0781,11.4337,11.0782,11.4762,10.9847,9.7405,12.2411,11.7542,10.7225,11.7472,11.5028,9.316,10.1001,11.1399,11.9838,10.9937,11.7969,11.1407,11.172,8.9157,10.5685,11.3984,11.4269,10.7173,10.4233,9.9693,8.9308,12.0006,12.2751,11.9647,11.0849,11.7949,10.474,9.3776,12.3409,0
C-00104,7.0946,7.3424,6.665,7.9102,7.3662,5.8349,6.8035,6.9683,7.7903,8.5089,6.3936,7.2225,5.491,6.3738,8.315,7.841,8.248,7.5608,7.8495,7.6191,7.4162,8.0003,7.5376,8.9489,8.2626,8.4709,7.6695,5.8886,8.6084,8.129,7.6421,8.3333,9.3186,7.442,7.3559,9.593,8.2811,7.8952,8.6496,8.6306,7.4262,7.2784,8.6293,10.0219,9.0655,9.013,9.2024,7.5611,8.1507,8.8699,8.575,9.2328,9.8863,8.963,7.947,8.6474,9.1965,9.4655,10.7144,10.2326,8.8983,7.7232,7.6102,10.4446,9.8404,9.6265,8.6309,10.1793,8.6929,8.8444,10.1953,9.1954,10.4707,9.6017,9.8887,8.5625,9.8439,9.9742,10.0338,10.8902,9.3517,9.2859,8.3189,8.5657,10.0473,10.8669,10.657,9.923,10.8611,8.7445,9.3246,10.5286,9.6905,9.1025,9.8748,9.8103,9.2271,8.1786,10.4373,9.9698,10.3908,10.6827,9.8431,7.669,8.6921,9.6688,9.4624,9.7152,9.2594,9.6109,9.0565,10.0605,9.5872,10.312,9.3016,10.4653,9.3855,8.699,8.784,9.615,0
C-00106,7.3098,7.6096,8.4425,7.0834,7.8449,6.4563,6.9718,8.3862,7.7389,8.1849,7.5231,8.2662,6.2857,5.675,8.3696,7.249,8.4926,8.4669,8.4277,8.45,8.0125,9.0308,8.297,9.5332,9.0177,9.5408,8.7631,7.9903,9.5095,8.3693,9.2965,9.1151,9.7168,8.4583,8.3943,9.3448,10.0802,9.5895,9.2802,8.6507,9.1032,9.1981,9.4131,9.462,9.2546,10.3865,10.4759,8.3244,9.9967,9.9553,10.4335,8.4047,10.0379,10.5176,9.0362,10.4635,10.9003,10.884,11.1323,9.8212,10.9779,9.7883,10.4098,10.71,10.7612,12.0509,10.5799,10.2689,9.2685,8.4033,11.7108,11.9001,10.6915,11.1379,11.2303,8.6844,8.8599,10.8517,11.2761,11.8805,11.4474,11.3848,10.1794,9.6697,10.3592,11.0531,12.3289,11.1564,11.3751,9.3901,9.6331,10.8698,11.239,11.0693,12.3606,10.9064,10.8096,10.3766,10.5795,10.921,11.7966,11.0669,10.6922,9.1561,10.2597,11.3378,10.0185,10.1871,10.5519,11.6557,10.2613,7.6252,10.6808,11.2271,11.2395,11.8082,11.4832,8.6153,9.9946,10.4445,0
C-00109,14.6392,14.4403,14.3423,16.0653,14.1069,12.6352,14.3163,14.082,14.3158,15.0081,14.7352,14.837,13.3349,13.3316,14.5533,15.7584,14.9027,13.6588,14.4249,14.2989,13.3654,15.0418,14.6923,14.0381,15.6022,15.5514,12.9212,13.9282,14.8847,15.1978,15.7306,14.4013,14.7589,14.4232,13.5822,15.7363,15.1309,15.9765,17.1228,16.306,13.4591,14.6058,15.3578,15.9761,16.1627,15.7586,15.3495,14.3662,14.6202,15.6945,16.7088,15.8192,16.4344,16.0864,14.7432,14.3642,16.4174,15.9677,15.5145,16.2372,16.0181,16.2425,14.9933,15.8134,16.8092,17.3313,16.6497,16.2585,15.7364,15.1733,16.184,15.4378,16.3055,16.3133,16.4409,16.3134,14.6757,15.9964,16.001,16.4103,16.5472,16.3417,14.8146,14.5894,16.4004,16.2581,16.2502,15.667,15.6556,15.8262,13.9573,16.6706,15.7711,15.9344,16.1594,16.5848,14.9453,15.4333,15.661,17.1406,16.9721,15.5313,17.1371,13.8979,16.4553,17.0447,16.185,17.2377,15.0954,15.9584,14.7793,15.8799,15.531,16.1342,16.1063,16.4651,15.4591,14.8438,13.5899,15.6328,0
C-00112,6.8387,6.5632,5.9834,6.047,6.747,5.6768,5.6726,6.8792,7.1902,6.7765,6.708,6.7291,6.8637,5.2798,7.4336,6.5019,6.645,8.6568,6.9554,6.4843,6.0829,7.2754,7.2602,7.1725,7.7698,7.8127,5.1848,8.0106,7.2536,7.9639,8.0783,9.0809,8.6946,6.9818,6.9949,8.1548,8.3611,7.617,8.0546,8.5711,8.5537,7.3247,9.6609,8.8707,9.6015,9.6744,9.6396,8.6748,7.2266,9.4214,8.4487,9.4951,9.9738,9.6346,9.1032,7.7567,9.6821,9.5479,9.0579,9.3302,9.8248,8.6158,9.2037,9.54,9.3359,9.323,9.5318,10.6901,7.2534,7.6577,9.1259,11.0931,9.4661,9.5945,9.7812,9.6757,8.9802,9.4859,10.6701,10.1447,9.0854,10.4647,8.3315,8.2525,10.505,10.1831,8.8385,9.9034,9.5563,8.7344,8.7644,9.5079,10.3743,9.6162,9.2036,10.6097,9.5454,8.7902,11.1489,10.1208,9.9878,9.6506,9.6103,8.9801,9.8916,9.9446,10.5295,10.2112,9.8435,10.6995,8.1358,8.5346,9.8583,10.0163,11.0079,9.656,10.7981,9.7553,9.577,9.8596,0
C-00113,3.5138,3.8089,3.7814,3.2445,3.9758,2.5838,4.2673,5.212,4.7024,5.0432,4.4932,4.6086,2.927,4.0969,4.2849,5.1348,4.9447,5.2362,3.9779,3.7395,4.0548,5.3318,5.8361,4.6146,5.555,5.4849,2.685,3.9073,5.0641,4.702,6.2228,5.6988,6.1823,5.738,4.7891,6.6129,6.5877,6.3887,5.8776,6.2043,5.7714,4.7419,6.7881,6.8594,5.4266,5.3414,5.718,5.7485,5.005,6.2942,6.3028,5.617,6.7021,6.3247,5.4158,6.4707,7.3387,7.1782,7.8597,6.2863,7.0947,5.293,5.1776,6.6813,7.3123,7.3066,6.9641,7.3809,5.6489,5.7902,7.8832,7.9985,7.982,7.0545,7.8079,7.7868,5.3315,7.5386,7.8396,6.8396,7.8332,7.1011,6.8787,6.4291,7.492,7.6622,7.5424,8.2422,7.6021,7.1983,5.8832,7.4671,6.7148,7.2386,7.5866,6.5685,6.1581,7.0206,7.9628,8.3672,7.6446,6.7657,7.7326,5.3158,5.4351,7.72,7.4356,7.6157,7.738,7.1215,7.4162,6.4509,7.5804,8.0536,8.1472,7.9813,6.4987,5.245,7.0623,7.4182,0
C-00118,12.9297,14.0901,14.07,13.0171,13.796,13.1431,12.8078,13.2442,14.0742,14.9962,13.5851,13.3054,11.5426,13.1002,13.6778,13.8165,14.7016,14.5533,15.3955,12.9605,13.8051,14.7328,14.8446,15.425,14.7783,15.3117,12.941,14.0763,15.0222,14.1242,15.2506,15.528,15.5614,13.979,14.3104,15.3182,16.2153,15.429,15.9882,15.624,14.3564,14.8032,16.5561,14.9669,15.1891,14.857,16.7314,14.5933,14.5934,15.7417,15.5635,17.0196,16.2906,16.6398,15.1633,16.2231,16.4296,16.9401,16.8232,16.1311,16.2971,15.3997,15.5191,17.7375,16.9157,17.3432,16.9097,17.3376,15.2862,15.2172,17.0281,17.0663,18.1709,17.3428,17.7359,15.7383,16.9399,17.5781,16.4179,16.6792,16.6489,16.5035,16.0949,16.7631,17.0158,18.5888,17.2111,17.2952,17.2429,15.9723,16.2124,16.4195,17.3122,18.1031,17.6216,18.6072,15.6547,14.835,17.9404,17.8018,16.7246,16.1993,17.2647,16.1498,16.5674,16.7158,17.4556,17.4482,17.7578,16.9953,15.6947,16.0813,17.5066,17.4965,16.5481,16.5282,17.0132,16.5157,16.3218,16.5978,0
C-00119,8.6064,9.2625,10.69,10.9646,9.8734,8.8494,9.6594,10.0156,9.8038,10.9753,10.0085,10.2954,8.5792,10.2758,10.5887,11.1719,10.6438,10.2854,10.8867,9.7966,9.6589,11.5324,11.3568,11.254,10.4292,11.1438,10.2536,10.915,10.8244,10.9674,11.9865,11.7771,11.7815,11.5645,10.6584,11.874,12.3274,12.2747,12.0505,12.0913,11.143,11.2187,12.6724,11.6714,13.1892,12.5114,12.7399,12.6296,12.2689,13.2737,12.8165,12.3908,13.2275,13.4865,11.3866,11.9468,13.275,13.4427,13.9585,12.612,11.581,12.8573,12.1877,13.7187,12.7908,13.1887,13.4242,12.5517,12.1222,11.3324,12.1338,13.9983,13.4462,13.5877,14.4564,11.8953,11.7166,13.2993,13.423,13.2874,13.5705,13.9046,12.2381,12.3728,13.6097,12.5499,12.6528,13.8727,13.6317,12.461,12.6602,13.1685,12.8447,14.6436,13.2936,14.0673,12.7593,12.2109,13.6152,12.8272,14.735,14.4741,13.6649,12.2679,12.39,13.2985,12.8972,12.7315,13.2889,12.4576,12.1183,11.5176,13.8454,13.7738,13.9324,12.9241,13.0924,11.9006,11.4243,13.5973,0
C-00125,7.8542,8.3586,7.6296,6.9723,8.0693,5.7491,5.8189,8.2134,8.1138,8.7849,8.4889,7.0056,6.2677,7.4993,9.3506,8.2437,8.701,7.9351,9.7249,6.9839,6.1149,8.7033,8.9342,8.0307,9.7577,7.9401,7.6481,7.1485,8.5611,10.0065,9.252,8.8257,8.86,7.191,7.7248,9.1472,9.2356,9.5332,10.1601,10.2143,8.806,7.8949,10.357,9.3463,9.5103,9.0035,8.8924,8.4124,8.7797,9.9504,10.1589,9.9954,8.738,9.9844,8.3412,8.3879,9.3728,9.86,9.5527,10.2297,9.6408,8.8419,8.8499,10.0692,9.598,9.714,10.5454,10.1895,9.6652,9.45,9.4371,10.4276,10.0757,10.188,10.5133,9.7196,8.5988,10.463,10.3447,10.3006,10.0053,10.5401,7.4953,9.5779,9.6059,10.6243,9.5204,10.3181,9.6204,9.643,9.3283,11.365,10.5477,10.623,10.4658,10.9894,9.4822,8.7168,10.4701,10.5559,9.9997,10.7956,10.7817,9.2457,8.2908,10.2592,9.9928,10.1127,10.2279,10.9781,8.599,9.5217,9.355,10.2911,10.5486,10.7588,9.0158,8.0485,9.1516,10.2937,0
C-00127,9.8957,9.9396,10.7641,10.5007,9.2374,9.7431,8.9166,10.9929,10.0583,10.5204,11.038,9.2915,10.7431,8.934,10.3575,9.968,11.1766,10.6833,10.4675,8.5132,9.9214,10.6152,10.9997,11.2163,11.0108,11.3188,10.4776,10.7766,11.958,10.9717,10.9361,10.8335,12.3385,10.8895,9.2721,11.5869,11.4961,11.3799,12.1536,11.1112,8.775,11.2032,11.9013,12.2527,11.615,11.6294,12.3435,11.0053,10.7219,12.8795,12.1463,13.0004,12.6505,12.8392,12.1726,12.201,12.7155,11.8243,11.2747,12.1918,11.4356,10.4717,11.1655,12.274,11.9476,12.1978,12.7107,11.6635,11.0077,10.8242,13.0059,12.3999,13.0306,12.9512,12.337,11.1882,10.6291,12.9298,12.4503,13.5237,12.6528,12.2926,10.6603,11.9111,12.8341,12.03,12.6892,12.361,12.9625,11.8131,12.1954,12.7633,11.7369,11.8573,12.2208,11.4082,11.2856,12.215,13.0282,11.7624,11.3965,12.2326,12.5341,10.4211,11.4957,12.7864,12.4337,12.1526,13.6841,13.7289,11.8158,11.3242,13.1468,12.6662,12.6817,12.1743,11.6994,10.1445,11.757,12.1842,0
C-00128,8.3952,8.546,9.173,7.4032,8.2741,6.1832,7.5494,9.1333,7.9155,8.4527,9.2636,8.2055,7.4477,6.5776,8.7947,9.1145,9.7735,8.7992,8.207,6.5495,8.9905,8.9292,9.1193,8.5477,8.8518,9.1173,7.4792,6.6374,9.0289,9.5428,10.6159,9.6625,10.1713,8.0742,8.5234,9.9695,9.7754,9.8336,9.512,8.9763,10.2089,7.5445,9.9347,9.3804,10.3858,10.5591,10.25,8.8901,8.7375,9.5239,9.7952,9.499,9.5983,10.2654,8.809,9.8781,10.5529,9.8349,8.8829,10.9369,10.5586,9.329,8.9563,11.3707,9.7111,9.8145,10.1908,10.8643,8.5251,10.2967,10.7235,10.3576,10.4829,10.7493,9.5929,9.8398,8.6794,11.3554,10.5954,11.2855,10.6597,10.7185,10.2206,9.3308,10.2908,10.6738,11.205,11.3294,11.0093,8.3949,9.1796,10.898,10.7388,11.2274,10.61,11.2607,10.1936,9.669,10.866,11.9116,10.4228,10.2381,12.2606,10.5984,10.229,10.7112,9.8435,10.4724,10.0139,11.0873,9.6201,9.6354,10.565,11.7016,10.534,9.8857,9.5633,9.7049,9.1101,10.5479,0
C-00130,9.576,10.0586,9.6112,9.7052,8.7901,8.582,8.4581,10.3934,10.6477,10.0671,10.6139,9.6967,8.0491,8.4253,11.0909,9.7076,9.7242,10.3068,10.8476,7.6231,8.9404,9.9879,10.451,11.2838,11.2198,12.2507,9.5843,9.2056,10.5704,10.3404,10.4389,10.0193,9.6248,9.288,9.3147,10.8248,10.7036,10.5617,10.1603,10.3434,9.36,8.9484,11.588,10.4112,10.0714,11.0571,10.9222,8.8232,9.1464,10.1892,10.4819,10.6745,10.1404,11.0562,9.0476,8.4408,11.3674,11.1404,11.2275,9.9961,10.2993,10.1918,10.142,11.1558,10.0433,10.166,11.3308,11.2276,9.6917,10.6245,11.2024,10.7754,11.0797,10.8407,11.484,8.9434,8.7839,11.2861,11.5319,11.7247,11.1679,12.1218,9.987,10.9405,11.3447,11.1352,10.8167,10.5395,11.8758,9.443,8.8873,11.0213,10.7603,10.3792,11.8771,11.1272,10.0214,9.6841,10.9721,10.6512,10.5429,10.6254,10.9079,9.8988,9.7791,11.1917,9.5712,11.0344,11.138,10.4088,9.5726,9.7842,11.7127,11.72,11.6158,10.5294,11.0912,10.6235,9.449,11.4819,0
C-00132,2.3398,2.0778,3.1688,3.031,3.3222,1.7884,2.0888,3.3091,4.065,4.2192,4.0969,4.5896,1.3068,3.0853,4.1335,2.9715,3.6004,2.7773,3.1998,2.6395,3.0417,3.7386,3.5317,3.6985,4.7263,4.5401,2.706,3.3927,4.2303,4.5975,4.3713,4.8711,4.331,3.0093,3.7496,4.5572,4.998,5.7208,4.1761,4.7449,2.498,3.1931,4.9363,4.3817,5.2608,5.3504,4.2963,3.7316,2.8418,5.1251,4.8413,4.9602,4.6529,5.4504,3.8557,2.008,4.4722,5.505,3.9822,4.8975,5.3328,3.4518,3.4273,5.3621,6.113,3.7188,4.8035,6.1726,4.1691,5.135,4.566,5.2436,5.9281,6.6028,6.4143,3.2863,5.1556,6.0136,6.3808,5.5359,5.4143,5.1269,3.8516,5.0797,6.2014,6.3007,5.3237,4.9711,5.7785,3.8846,4.8641,5.6638,5.1985,6.9631,5.8672,4.5179,3.8575,3.2472,4.4666,5.8055,6.0664,6.0801,5.497,5.4401,4.0098,6.4042,5.8731,5.3513,5.7176,5.5802,3.633,3.0411,5.3335,5.0941,4.777,5.452,4.5958,4.4626,4.2224,5.347,0
C-00135,4.8206,4.6282,4.6664,5.1922,4.6476,3.4463,2.9388,5.4255,5.0057,4.168,5.345,5.3871,4.2778,3.1197,5.3293,5.2252,5.134,7.0976,5.6976,4.2137,4.6272,5.6519,6.3632,6.8501,6.8525,7.1502,3.68,3.8284,6.1912,6.6003,6.1033,6.6222,6.4324,3.8689,5.2058,6.6009,7.5159,6.9698,5.7755,6.5874,5.0404,6.0199,6.7773,6.5746,7.3073,7.1391,7.6257,5.5828,4.7447,6.0232,7.3954,7.0698,6.831,7.756,4.664,6.5663,7.9853,7.5767,8.0598,6.8498,8.3594,5.2524,6.5582,6.6971,7.1094,8.2766,8.3794,7.8317,6.5517,6.7314,8.3157,8.3318,8.2371,8.7344,7.8393,8.0212,6.6741,8.3072,7.4952,7.0808,7.3357,8.6418,5.8704,6.197,7.4584,8.1825,8.0617,8.5927,8.6841,6.9534,6.7838,7.6597,8.645,7.3949,7.6824,9.0717,5.9985,7.8774,8.3661,7.667,7.6747,7.9081,7.2196,6.1547,7.7025,7.963,8.5769,7.8316,8.4525,8.6071,5.9797,8.6454,8.3608,7.2988,8.3471,7.2561,7.9025,5.1296,5.8847,7.7506,0
C-00136,9.6397,9.0111,9.4657,8.3489,8.6489,7.9069,6.8485,8.3412,9.5999,9.3818,9.2457,10.0096,8.7519,8.7431,9.2475,9.3543,8.9963,9.0951,9.2465,8.3681,9.6251,9.6018,9.5076,10.0478,11.1443,10.8782,9.3624,9.5183,9.3329,10.3225,10.0051,9.2744,10.9474,7.9429,8.9085,10.2383,10.5955,10.3857,10.7929,9.8645,9.0521,8.3952,10.5103,10.9252,11.5129,10.0232,11.2207,10.2672,9.6691,9.4229,10.4822,11.8181,10.2233,10.9745,10.0567,10.1194,11.625,10.8145,11.9397,10.2226,11.8599,10.774,9.5798,11.8194,11.5054,11.2608,11.9925,11.1186,9.3643,9.4087,11.3092,11.4416,11.8062,10.908,11.2353,10.1058,9.6611,12.382,12.3864,10.466,11.0785,11.5583,9.5107,11.0074,11.5852,11.0248,11.6649,11.7734,10.8132,9.5262,10.3711,11.4955,11.3664,12.4011,11.8932,11.9964,10.5498,10.1647,11.781,11.6654,11.7323,12.1905,11.3916,10.0958,10.315,10.0719,11.2555,10.8609,11.8848,11.0964,10.0755,10.1737,10.8723,10.6546,11.4698,11.3774,10.8521,10.6174,8.5393,11.9438,0
C-00139,4.4804,3.788,3.7989,4.1757,4.0938,3.171,3.466,4.3445,5.3859,4.3211,5.3816,3.3353,2.8598,3.9522,4.3306,4.3684,4.3131,4.8855,4.6884,3.1795,3.1598,5.3869,4.1223,5.5828,5.0343,4.6876,3.2532,2.6736,5.7589,4.6999,5.3905,5.1475,4.6598,4.6656,4.7457,4.7373,5.9547,4.9455,5.5163,4.8972,3.385,3.5046,5.2065,4.9121,4.9711,4.3861,5.2994,4.4159,4.6446,5.1372,5.8041,5.7802,5.0626,5.822,3.7594,4.3528,6.5975,5.542,6.3287,5.7073,5.9223,5.0002,4.0309,5.0909,5.8415,5.8032,6.3094,6.5646,3.0187,4.7815,5.9688,6.6209,6.5275,6.2936,5.7985,4.4069,4.2558,4.9801,5.258,5.4782,5.6706,5.3903,5.0051,3.6079,5.5392,6.5192,5.6687,5.9432,6.0308,4.1995,5.7055,5.9775,5.7739,6.0131,6.0126,5.6047,4.9539,3.6606,5.6858,5.9769,6.2351,6.3731,6.9467,4.6342,4.6737,6.1066,5.977,6.009,5.1336,5.8913,6.0516,5.3315,6.0162,6.6074,7.1499,6.3349,6.8322,4.697,5.1088,5.0434,0
C-00141,12.8648,13.6376,13.0992,12.6459,13.3348,10.5616,11.3641,12.6715,12.3783,12.3301,14.1642,13.4675,11.4558,12.1973,13.7153,13.0897,13.3183,12.1999,13.3285,12.235,12.8517,12.9047,13.4184,13.8018,13.8486,13.9885,13.553,11.7363,14.2594,13.5084,13.8371,13.9079,14.7606,13.4798,13.0744,14.3269,14.5647,14.0348,13.2257,14.8421,13.247,13.0608,14.6087,14.5204,15.1398,15.3466,14.7692,12.5312,13.032,14.0522,15.0016,16.2776,15.2537,14.7853,13.8707,13.135,15.0827,15.0899,15.4413,15.8957,15.1358,14.4832,14.0311,16.2648,16.0799,15.2723,16.1515,14.9985,15.7398,13.876,15.7256,16.2681,14.8728,15.6191,15.921,14.8052,15.3843,15.7105,15.9463,15.1583,16.5388,14.2766,14.2314,14.2154,16.8777,14.9139,16.0006,15.2299,16.6271,14.1825,15.9553,14.8914,15.7196,15.6078,15.3886,15.7623,13.9577,14.2862,14.2213,14.8224,15.368,15.4493,16.0524,15.0159,14.3818,15.712,15.5959,15.8633,16.1464,15.7696,13.9557,14.3465,15.815,15.7599,15.5277,14.7152,16.5172,13.0604,15.3273,16.8288,0
C-00142,6.5329,6.6263,8.1576,7.0631,7.7407,5.0987,6.3018,6.9986,7.9572,7.5039,6.7732,7.8974,6.1671,6.9175,8.2655,8.7796,7.5016,8.1204,8.0882,6.6498,6.0987,8.1481,8.3885,8.1684,8.7556,9.1584,6.7848,6.5877,8.4064,8.8251,8.0158,8.6684,8.1167,8.4901,7.3505,8.5343,9.2143,9.1234,8.4925,8.6296,7.6153,8.567,9.0927,8.607,8.673,9.4696,7.4723,8.186,7.6714,8.9938,8.8797,9.5069,9.8833,9.4267,9.1877,9.2808,9.6859,10.4933,8.985,9.0353,10.4148,8.8133,8.904,9.0531,9.9366,10.2558,9.7263,8.8944,8.8764,9.191,9.357,9.8609,9.8642,10.3951,9.6651,9.8228,8.9747,11.0711,10.1095,9.9209,9.9527,9.8361,9.979,9.4482,9.8356,10.8632,9.2644,9.7899,10.4764,9.9653,9.3297,10.3337,9.9805,10.6474,9.2999,9.46,7.7265,8.5624,10.2621,9.5933,9.8921,10.2411,11.0061,8.9705,8.2609,10.5731,10.4713,8.731,9.8799,9.3822,9.0751,9.2585,10.4462,10.7436,9.4781,8.9658,9.4846,8.382,7.9376,10.3455,0
C-00143,12.9058,12.0164,12.7686,11.6048,11.7712,11.8131,10.9182,11.7913,13.1059,13.4685,12.3413,12.3547,11.0673,11.6358,12.3491,13.346,12.3907,11.8574,13.3181,11.4903,11.3263,13.5858,12.5776,13.5361,13.8962,13.7051,12.4301,12.4162,14.1736,13.7433,13.714,14.0263,13.4364,13.5958,12.0913,14.4418,15.5279,13.0213,14.2218,14.6537,12.8863,13.9057,15.1822,13.4833,13.2141,15.3005,14.429,13.2309,13.4506,14.858,15.578,14.4476,14.4594,15.252,14.4662,13.0269,14.4898,14.9247,15.0706,14.9146,14.0048,14.1283,14.3844,15.6744,15.7107,16.7133,16.6922,15.0673,14.8587,13.1137,15.2639,15.8702,16.0264,15.6257,15.0112,13.9676,13.6625,15.9764,16.7996,15.023,14.9633,16.2969,14.2906,14.4314,15.7487,15.9678,15.3642,15.4748,15.9028,13.8854,15.3682,14.9852,15.346,16.2836,16.092,15.5882,14.0172,15.0155,16.1464,15.0242,15.13,16.6949,15.7268,14.0215,15.4755,16.0067,14.5607,15.8574,16.1452,15.7546,13.6615,13.6905,15.1524,14.5886,16.0975,15.1779,15.8487,13.3729,15.0547,15.0198,0
C-00149,10.9193,11.7868,11.7443,11.8135,11.056,9.9323,9.6625,12.4837,12.2327,11.5159,11.799,11.2036,11.2164,9.7228,11.9317,11.956,12.8262,12.4094,11.4835,11.7409,11.9539,12.1974,13.5895,12.0852,12.8663,11.6056,11.1214,9.9443,12.1975,12.8977,13.6044,13.1119,11.6007,10.301,11.3198,13.5409,12.2972,12.4142,12.071,11.6939,10.5812,11.0681,12.8272,12.1702,12.6133,13.0016,12.4495,10.0574,12.0292,12.7067,12.5804,13.6861,12.0696,12.913,11.6906,11.0663,12.8849,12.1587,13.7718,13.3041,12.6669,11.2835,13.0649,12.9503,13.0836,12.8531,12.2759,13.4837,11.4815,12.7704,12.6732,13.1999,13.6652,12.5116,12.7675,12.4161,12.0101,12.2908,13.7116,13.36,13.8327,14.2304,12.4333,12.4523,13.9135,13.0343,13.5537,12.1074,12.5085,12.2639,11.9793,12.8985,12.5017,13.1631,13.8834,13.2695,12.2541,11.828,13.4303,12.7556,14.0344,12.8024,13.3177,11.5834,13.6734,13.6221,13.7674,12.6549,13.2545,12.5677,13.9077,11.6559,13.8156,12.2977,13.3053,13.5848,13.9333,11.2673,11.7021,13.4025,0
C-00151,8.3235,7.5966,7.2598,6.6227,6.4187,5.7003,6.4107,6.6652,7.22,6.8642,7.2046,7.4378,6.4599,7.0575,7.0589,8.387,8.2854,7.1359,7.2348,7.6202,5.2481,7.2695,8.7749,7.5992,8.3622,7.5461,6.8118,7.7611,7.4784,9.3446,7.448,8.1578,7.6837,7.8743,6.3196,6.5843,8.5608,6.9706,8.7704,9.01,6.4967,6.3758,8.0573,7.6631,7.4625,8.1058,8.8457,7.5916,7.3458,8.5242,9.0087,8.9188,8.6361,8.3951,7.3946,7.7312,8.1153,8.1236,8.1865,8.9075,8.1937,6.6245,7.6841,8.4174,7.9454,9.2826,9.1943,8.8678,8.305,8.4902,7.9602,9.0565,9.0124,8.0989,7.6274,7.1198,7.8263,8.2043,8.0473,6.9703,8.6718,8.7743,8.3944,6.8691,8.3771,8.3117,8.9464,8.2495,8.9193,6.6851,7.1025,8.4808,8.5451,8.7295,9.3217,8.0018,7.9051,8.6062,8.943,8.9331,9.1695,9.4572,8.1003,7.841,7.5708,9.5547,8.9467,7.9602,7.791,9.384,7.0356,7.4769,9.2837,8.3671,7.8076,8.8792,8.7263,7.5997,8.0512,8.7986,0
C-00152,9.1327,8.8058,9.5518,9.0756,9.8192,7.4436,8.7203,8.4755,9.5119,10.723,10.1426,9.8823,9.0077,8.0209,10.3382,8.9223,9.8265,9.647,9.7872,8.9768,8.4272,10.2165,9.8424,11.0807,9.8274,9.9331,9.7913,9.8076,10.8537,10.3771,11.6293,9.5769,11.3478,9.1782,9.5171,10.7626,11.2557,10.619,10.4172,10.3909,11.8858,9.9188,11.0101,11.214,11.2434,10.2843,11.5756,10.4885,9.2679,11.9556,12.14,11.0081,12.3471,11.7316,10.234,10.9989,10.9147,11.1276,11.711,11.7321,11.7045,9.6869,11.9509,12.296,12.4961,12.8727,11.4936,12.1864,11.0587,11.9907,12.563,13.2006,12.2566,12.9146,12.0507,9.8642,10.5919,11.5495,10.6163,13.0806,12.9476,11.5029,10.9244,11.3884,12.2611,12.3863,12.0543,13.1956,11.8407,11.3469,10.7355,11.6663,12.9431,12.1495,12.0508,12.3494,11.7323,9.4601,11.9556,12.4456,12.6799,11.7302,12.0037,11.2338,10.5378,12.9028,12.0497,11.9017,13.0407,12.642,12.0214,11.0422,11.9212,12.2227,11.6041,11.3769,12.2002,11.1579,10.5754,12.3902,0
C-00156,9.9705,10.3659,11.1135,10.6912,10.1185,10.1988,10.2228,10.6274,10.3323,11.0916,10.0862,11.0811,9.6151,10.3991,10.5175,10.7692,10.8678,10.704,10.7248,9.2792,8.8295,10.6992,10.7363,10.7747,11.6571,11.1489,9.4371,10.1626,12.3629,10.5555,10.2324,11.5234,11.0719,10.5678,11.9286,11.7091,11.6647,11.7897,11.3974,12.3018,9.7328,10.8076,11.9949,10.807,12.2351,11.3931,11.4321,10.6733,10.3862,11.2416,11.3834,11.3632,12.105,12.1012,10.992,11.7296,12.1783,13.5437,12.2448,11.4906,13.0539,10.7388,11.6091,13.1349,11.5303,12.2542,11.4486,13.2252,12.0471,11.356,12.186,12.9459,13.1118,12.6261,12.8991,11.6105,11.1621,12.0168,12.2564,12.4103,11.7006,12.4931,11.2275,10.8473,11.807,12.2195,12.0229,13.1136,12.7671,11.6168,11.807,12.1744,13.0672,13.3878,13.1641,13.0939,11.4129,11.6132,14.7192,12.6541,12.1224,12.5317,13.3658,11.2672,10.6018,11.4853,11.7911,13.2198,12.9487,12.5102,10.5511,11.4394,12.7263,11.7191,12.8572,12.2934,11.768,9.4655,10.9003,11.2957,0
C-00158,8.7822,7.5955,7.4589,8.0542,7.4282,6.9548,7.7649,7.7865,8.9204,7.4834,6.8256,8.4701,7.4803,5.5114,8.2532,8.3375,8.5037,8.7466,8.1643,6.9077,6.5741,7.9229,7.7833,8.5836,7.7963,8.0307,6.4272,6.6661,8.4176,8.118,8.1687,7.8472,9.0785,7.1037,7.6423,8.9581,7.6203,8.4106,8.7256,8.9693,7.4933,6.1563,8.7155,9.6164,9.2714,9.5675,9.605,7.985,8.873,8.6774,8.8224,8.5846,9.5807,8.6207,7.4476,8.4678,9.133,8.5929,10.3558,7.812,9.547,7.6771,9.0763,8.1229,9.199,8.121,9.4498,8.9139,8.5928,8.1118,9.6061,8.7767,8.4049,9.3091,10.1559,7.6877,7.9695,8.925,9.5914,9.4612,9.4232,9.5481,8.0606,8.4213,7.7419,8.5915,8.8329,9.2095,9.2213,8.9902,8.2673,9.6354,8.3587,9.0263,8.7657,9.586,7.9775,8.2451,9.3537,9.0135,9.0626,10.664,9.0018,9.0543,7.4716,9.5068,8.8458,10.1925,9.2417,10.0823,7.8994,8.7986,9.1227,9.3854,9.9337,8.9536,9.0732,8.5904,8.2882,8.9723,0
C-00159,6.4565,6.1811,5.7019,8.1403,6.2831,5.6088,4.7523,5.6912,7.4539,5.4895,7.2136,6.5454,6.5304,6.7674,6.767,6.6782,7.3512,6.887,7.8674,6.8443,6.8592,8.1888,8.0069,7.7739,6.8378,8.5313,6.7206,6.9765,7.6206,8.1928,8.2642,7.3227,7.6606,7.3226,6.2179,7.2773,9.204,8.7208,8.1115,7.9969,6.4145,6.1183,9.3092,7.584,9.9831,9.0345,9.2336,7.4655,8.2631,9.3279,8.8765,9.6358,9.7055,9.1131,7.8638,8.7132,9.0315,9.3996,8.6341,9.3755,8.9659,8.4763,8.0439,10.3131,9.1521,11.0391,9.3302,9.8642,9.4662,8.3204,9.0976,10.4426,9.9179,8.9814,9.7918,7.6348,7.9781,9.08,9.1626,10.2331,10.5068,10.401,8.1371,8.344,9.0677,8.9718,9.6972,9.8819,10.8815,9.7139,9.8134,9.3981,8.302,9.9558,9.8976,9.6556,8.2973,8.3283,9.3488,10.417,9.3681,9.8497,8.9955,8.8135,9.5716,9.9186,9.6296,10.2622,9.44,9.1084,8.7892,8.9602,9.7874,8.9182,9.8412,10.0416,9.9658,7.0973,7.7831,8.2155,0
C-00160,3.7733,3.414,3.3003,5.2425,3.834,2.0221,1.6777,3.3791,4.4788,3.6947,4.425,4.467,2.3872,3.2274,4.6971,3.9736,3.7444,4.1536,4.0474,3.0052,3.3581,5.2705,4.4125,3.8664,4.2563,4.9562,2.4113,4.2781,4.8859,4.8836,5.1491,4.3242,4.5785,2.787,4.1264,5.0582,4.0742,4.506,4.6457,4.8965,3.9813,3.4834,4.9743,6.3001,5.5572,4.357,4.226,1.853,3.751,4.7204,6.0992,4.7855,5.743,5.2425,2.9685,4.4871,4.5962,5.2914,5.5052,5.2176,5.8078,4.5263,4.1121,6.2956,5.8094,5.3539,4.9357,4.4785,3.9461,3.8546,6.0524,6.252,5.6109,5.5208,6.3896,4.2222,3.8752,6.0334,5.6985,5.069,5.5422,4.6054,4.7626,5.2498,5.3402,5.8421,4.4929,5.051,5.5911,4.2948,4.6316,5.2772,5.5106,3.7634,5.1866,6.119,4.8404,5.2836,5.3578,5.5055,5.1701,6.3455,5.507,4.1148,4.2687,6.3559,5.6342,6.1457,4.9242,5.7625,4.3352,3.9869,4.7787,6.0806,5.5293,4.0294,4.5534,4.5489,3.9837,6.0479,0
C-00162,12.9631,12.783,12.4326,12.3456,11.9702,11.8047,11.5363,13.3296,13.251,13.1641,12.8073,12.6677,11.287,12.9136,12.6491,13.0466,13.203,12.7687,13.7165,11.6456,12.4527,12.8226,14.3289,13.1082,12.1781,13.7298,12.7112,11.4039,13.1999,12.8874,13.4438,12.6573,13.7598,12.0516,11.8139,14.2919,12.1265,12.3399,13.9646,13.819,11.8168,12.1221,13.9649,13.3402,13.6178,12.9988,12.5123,11.7678,11.3238,13.1324,14.9782,13.8365,14.1769,13.6792,12.3367,12.0929,13.6773,13.2505,13.5998,14.603,13.6931,12.0743,13.4093,13.2378,14.1938,13.7892,14.0197,14.8219,12.8082,12.7507,14.4437,13.3298,14.0124,13.7169,14.3214,13.777,13.0886,14.9356,12.3858,14.2958,13.8905,13.4123,13.3254,12.599,14.7121,13.3681,13.8468,14.5295,14.2647,11.8423,13.2116,13.4105,13.8533,14.5506,13.723,13.0449,12.6029,12.2021,13.9458,12.626,13.5842,14.6181,13.775,12.8101,11.9323,13.2382,13.2921,14.6835,13.8986,13.7173,12.3742,12.0693,13.3569,13.8715,14.1923,13.8544,14.0798,13.0491,12.2548,14.6241,0
C-00164,9.4632,9.1658,8.7334,9.2259,7.9873,7.4404,8.133,9.302,9.5406,8.6981,8.6738,10.038,7.331,8.3716,9.2032,9.1252,8.6062,7.8995,9.663,7.1112,7.6474,9.191,9.8693,9.9581,10.1842,10.2281,9.5918,9.9202,11.0084,11.1352,9.0802,10.1472,9.693,8.8372,8.8772,9.3599,10.8814,11.2065,10.6497,8.7282,8.4985,8.6874,10.3738,9.8401,9.948,9.7485,10.6605,9.5373,8.1478,9.9329,10.4769,10.1651,10.2938,10.872,8.5418,9.0749,10.1585,10.7591,11.9483,11.2697,11.4325,10.4103,9.4079,11.3481,11.0813,10.0716,10.6665,11.3673,10.2548,10.2824,11.5943,10.7186,10.8073,10.1867,11.3268,10.1351,9.1754,11.0983,11.203,10.7467,10.9226,10.3335,9.7866,9.6731,10.5082,10.5926,10.1677,11.158,10.8569,10.1791,9.7683,10.9521,9.6568,10.9664,11.4728,12.4404,10.4528,8.7939,11.4965,10.9682,11.2888,10.254,11.0862,10.7109,9.5479,11.8267,9.8769,11.1025,11.7415,11.4775,8.8614,10.0509,10.6376,10.9332,10.7907,10.104,11.0505,8.6008,9.2997,10.8931,0
C-00165,8.5832,8.2852,8.193,8.7439,8.2529,7.0793,7.5117,8.2222,8.5862,8.7753,8.9376,8.5004,8.2816,7.5304,9.5215,8.0202,8.8431,8.9405,9.2708,7.6112,7.4242,8.8591,9.1943,9.358,9.3189,8.3604,8.3599,8.299,9.4654,9.355,9.6603,9.2894,10.4418,8.2563,7.8451,8.0302,10.1271,9.7034,9.3036,9.5116,8.6884,8.1817,9.4197,8.9954,9.6712,9.7686,9.4011,7.9094,8.9422,10.0301,10.4365,10.143,9.9077,9.5328,9.8623,9.1377,10.0956,10.3353,9.9751,9.446,10.3098,8.7032,9.026,9.5338,10.4319,10.3709,10.3607,10.7136,7.6414,8.2972,10.1283,10.4463,10.6712,10.9433,10.8013,10.2812,8.6963,9.5745,10.9956,11.0685,10.503,9.3966,8.4045,9.1592,10.9514,10.394,9.6401,10.0917,10.8406,9.3259,9.3239,10.8441,10.8056,10.5126,10.8561,10.4356,8.1073,8.4719,10.5727,9.753,11.3351,10.1821,10.0437,8.548,9.2687,9.4186,10.013,10.0578,9.4354,10.3677,9.1601,9.6718,10.1284,11.2444,9.6924,10.3584,10.6151,8.6277,8.2167,10.3522,0
C-00166,13.9074,12.566,13.2794,13.0517,13.4517,13.1346,12.0043,14.0131,12.8269,13.8411,13.7205,12.4046,12.8998,12.4272,14.5244,13.6902,14.4562,13.6005,13.0532,12.5078,12.5865,13.6407,14.0667,13.6812,14.0263,14.2033,12.283,12.0818,14.736,15.0901,14.5996,14.5269,14.6107,13.2518,13.0364,14.4215,15.9575,13.7574,14.9923,15.0246,12.9812,14.1323,15.163,14.5449,15.0593,14.7924,15.0821,14.7409,14.0319,15.4763,15.5333,15.0847,16.0887,14.9889,14.6682,13.7374,15.2214,15.3708,15.0678,15.0599,14.7199,14.9235,13.3982,15.7175,15.4636,16.1953,15.0023,16.021,14.5216,14.0878,15.5822,15.5057,14.8424,14.404,14.4754,14.166,14.8384,15.3868,14.5163,16.4339,14.8378,15.3983,13.9722,14.3813,15.6584,15.8224,15.5956,16.3261,15.1361,14.4925,14.7353,15.4578,14.6841,15.7135,15.6755,15.5748,14.0609,14.6761,15.6109,15.9096,16.6124,15.2954,15.3403,14.1761,14.0971,14.6321,14.9923,15.7309,15.4584,16.3225,14.1105,13.7496,15.2829,15.1638,15.3858,15.2618,14.17,13.2982,14.1633,15.1652,0
C-00168,11.0296,11.1709,10.371,10.2659,10.3607,8.8812,9.2665,11.3847,9.7202,10.0645,11.3542,12.4902,9.7897,10.6917,11.803,11.4818,12.5522,11.1757,11.7801,10.3621,12.0158,11.5825,13.118,12.3542,12.5029,12.6105,12.0648,10.3656,13.0393,13.2887,12.5,12.4141,12.8863,12.0103,10.7023,12.3409,13.1863,13.3238,13.1349,13.7968,11.9408,11.8701,12.6188,13.8234,12.9576,13.3615,13.1345,11.3255,12.9148,13.1042,13.6547,13.0526,13.2365,13.1298,12.069,12.2432,12.1917,13.6285,14.7984,13.205,14.4115,12.8312,13.0787,13.2731,14.8867,13.7562,12.958,14.5212,12.8811,13.3744,14.2976,14.6946,13.093,14.4577,14.5116,13.2757,13.0218,14.9944,15.0766,14.6819,13.8456,13.5932,12.1536,13.4795,14.1815,14.8495,14.6501,14.8896,15.4057,13.7699,12.9178,13.7113,13.8738,13.9134,14.1079,13.9285,12.1113,12.3005,13.9856,14.5692,14.2678,13.5514,15.0116,14.4284,13.2022,15.2428,14.1477,14.3076,14.1486,14.8604,12.8728,13.815,15.1944,14.3013,15.0511,13.9018,15.0859,13.5211,12.4648,13.7009,0
C-00169,3.0415,3.0808,3.323,3.9208,4.8995,2.2983,3.1753,4.0783,2.8373,3.809,3.1514,2.3118,2.625,1.8321,4.3448,4.5799,4.6363,3.5085,4.4789,1.8391,3.4425,2.9593,4.0779,5.2843,4.4206,4.555,2.6466,3.6431,3.5437,5.5935,4.4577,4.3105,3.643,2.0134,4.4692,4.959,4.325,4.5186,4.7594,5.1001,2.3685,3.2859,4.4383,5.1598,4.9135,4.5647,4.5291,4.4787,3.5969,5.2274,4.5367,5.3155,5.5211,4.7672,3.3335,3.2937,4.8221,4.026,4.0148,4.8597,5.5756,4.009,4.8006,5.2624,4.8788,5.6114,3.7244,4.2208,3.944,4.4828,5.4059,4.3236,5.2707,5.4497,5.4917,4.369,5.0985,5.8424,4.6651,5.5398,5.5889,5.5446,3.3124,4.9483,4.9308,5.4029,4.8882,4.2826,4.5901,3.4979,3.3745,5.3788,5.564,5.7133,5.893,5.5708,3.9664,4.7326,5.6515,5.1532,4.6653,4.2553,5.2747,4.7737,4.3964,5.4374,5.6729,5.8801,5.6357,4.0883,4.1482,4.9107,4.7639,5.6999,4.766,4.6318,5.1024,3.3484,3.6421,5.6683,0
C-00171,13.4217,13.8763,13.2962,13.7473,14.2935,12.5436,12.2814,14.4305,13.6102,13.9839,13.8381,14.0833,13.3382,13.902,15.2786,14.0353,14.4747,15.4235,13.5171,13.2159,13.4096,14.7565,14.437,14.6145,14.1109,14.5081,13.5813,13.0766,15.484,15.1354,14.636,14.9894,14.8951,14.0525,14.2818,14.8219,15.0558,14.7704,14.4334,15.4101,12.9358,13.5612,15.06,14.7576,14.972,14.4651,15.2976,14.0697,14.276,15.4759,15.1665,16.014,16.2192,15.4425,12.8492,13.5631,15.674,15.6624,15.4186,15.9232,15.0155,13.8162,15.0632,15.8771,14.3666,15.7794,15.524,15.9225,13.5588,15.4879,16.2972,15.4364,15.818,15.9299,14.9292,14.834,14.7471,15.5577,15.4826,15.6917,16.4003,16.3521,14.9372,13.9884,15.0614,16.2907,16.056,16.0141,16.2873,14.5222,14.1486,15.4596,15.4594,16.4294,15.5442,15.4389,14.7913,14.2948,15.6918,14.9172,14.8565,15.2782,15.7774,14.9899,13.0448,16.6858,16.5094,14.1146,15.1484,15.3511,15.024,15.2166,15.9234,15.0672,14.1438,16.3433,15.525,15.116,14.0778,14.6514,0
C-00172,10.8432,10.1036,10.0349,11.3371,10.6021,9.8113,8.667,11.0781,11.2603,10.6246,10.7495,9.9628,9.8928,10.4356,11.1188,11.7705,11.2897,11.2428,11.0458,9.977,10.4772,11.3585,12.2177,12.4262,11.386,11.9685,11.7096,10.2124,11.7139,12.1782,11.7582,12.7765,13.4539,12.121,11.8721,12.5031,13.0973,12.6623,12.8219,12.5661,11.8148,11.2302,12.1477,12.5239,12.7855,12.6419,12.5112,11.8577,12.0877,14.2784,13.3113,13.8373,14.0041,12.8943,12.7649,12.7862,12.7772,13.2122,13.4393,13.7972,15.0382,11.7519,13.1463,13.7849,14.3725,13.5924,13.3511,13.3894,13.1159,12.6271,13.8388,13.5148,14.5675,14.1413,14.1617,13.1552,11.8639,15.1161,13.9856,13.8504,13.9145,14.0672,12.1428,13.2659,14.0699,13.7602,13.5131,13.9264,14.2037,13.9468,12.6036,14.5138,13.591,14.5748,14.0112,13.6753,12.3133,12.477,13.4985,14.4357,14.0663,14.281,13.9817,12.2894,12.3909,13.4217,13.9685,13.8489,14.6547,13.9134,12.6183,13.7297,14.9434,14.426,13.4164,14.0226,14.2279,11.4556,11.53,13.7015,0
C-00173,7.958,9.6949,9.1313,9.3721,8.2517,7.2236,7.8938,8.7434,8.2184,9.1606,9.4052,7.953,6.4691,8.1202,7.9079,8.5385,8.4481,9.2691,9.4401,7.4405,7.3305,9.7383,8.8953,10.0352,10.2578,9.1562,8.4303,8.1899,10.2791,9.5553,9.6188,9.153,9.4731,8.4321,8.8516,10.1171,9.6265,9.98,10.3432,9.7936,7.9193,8.0283,9.7458,9.1318,10.0043,9.7565,10.008,8.4681,8.9389,9.5294,9.2251,10.6554,9.9107,9.9136,9.4044,7.6918,9.9842,9.2403,10.5212,10.9831,10.2695,9.0215,9.4196,9.5236,10.7936,9.577,10.3024,8.9263,8.5202,7.4017,10.2307,10.1894,9.8959,11.0641,10.1149,9.0174,9.3685,10.33,10.91,9.4253,10.3936,11.1356,8.482,7.8743,10.1836,10.637,11.0356,10.1096,11.3628,9.2525,8.2508,8.9706,9.4523,11.0311,9.7897,10.4963,8.8019,8.488,9.2914,10.09,10.9672,10.6104,9.6235,7.8709,10.2728,10.557,10.9804,10.548,9.8659,9.9316,8.9307,8.4494,10.1473,10.4193,11.036,9.8314,9.2553,9.0232,8.765,10.5495,0
C-00174,13.3412,13.7266,13.4157,12.52,11.9639,11.5649,13.0987,13.4718,13.9561,12.638,14.3636,14.6771,13.6842,12.3534,13.4504,14.1179,13.4639,15.0567,14.1592,13.7934,12.0986,14.6033,14.6615,13.7363,14.3182,14.7176,11.5337,12.7795,13.764,14.7742,13.7082,13.8018,14.3881,13.4883,13.8967,15.109,15.2876,14.6507,14.8232,14.0385,13.4284,13.6252,14.9516,14.5518,14.865,14.5111,14.4521,13.6317,13.6795,15.2301,15.9779,14.8896,14.9834,15.6546,14.2893,14.7974,14.8236,15.6965,15.492,15.4948,15.1507,13.2658,13.9285,14.483,16.0059,16.1511,16.4483,15.6298,15.0785,14.1764,15.7686,15.4534,15.0513,15.6382,14.6686,14.4904,14.2179,14.7299,17.2141,15.3459,15.2917,15.4532,14.9435,14.6212,15.2891,14.6449,16.2227,15.1661,15.1567,13.3972,14.619,14.5097,15.0564,15.0855,15.9891,15.4472,13.2641,15.849,16.9089,15.0245,15.0794,15.3152,14.911,13.7736,14.6088,15.6101,16.0775,15.9674,16.0155,15.6164,14.8056,13.9373,15.9504,15.9628,14.5446,15.1981,15.9372,13.6886,14.3765,15.653,0
C-00177,6.753,7.6673,6.6217,7.2945,7.1101,6.2603,5.4867,7.8349,7.5281,7.0253,6.9618,7.3438,5.8404,5.8069,7.0968,7.3094,7.0627,8.3694,7.7748,6.3622,6.3825,7.1191,7.758,8.578,6.2014,7.6002,6.8947,5.875,6.8882,8.0715,7.1644,7.6392,8.6013,6.2275,6.3726,7.1049,8.5352,6.4127,7.499,7.522,6.6603,6.1696,7.5102,9.0486,10.0462,7.6731,7.6001,6.9287,7.115,8.9447,8.4492,7.5818,7.8729,7.9142,6.1823,7.3648,8.3989,8.7966,9.5102,7.4241,8.7731,7.2105,5.6205,9.3111,9.4413,8.3012,8.7425,7.867,6.8712,8.4404,8.6563,8.9666,8.3494,7.7142,8.5183,7.1716,6.8864,8.1515,8.9418,9.5698,8.5901,8.1897,8.5333,7.5788,8.7344,8.6334,8.1623,8.9587,8.4419,6.5919,7.5719,8.7246,7.7832,8.6715,8.9431,9.0716,8.2617,7.7316,9.0934,9.2156,8.7943,7.6027,8.7559,7.7731,7.4959,8.7745,8.9795,8.9132,8.3869,8.7152,7.6936,7.6489,9.1486,8.688,8.5296,8.2468,9.2882,7.2137,7.2381,8.499,0
C-00181,12.9316,12.8641,12.6969,12.1236,12.3352,11.7689,11.8893,13.4378,13.7596,13.0161,13.2361,13.8443,11.5485,11.6909,14.0681,14.3332,12.6931,14.4929,13.1987,12.3014,12.3075,13.52,13.6404,13.6305,13.7223,14.3768,13.3158,13.4024,14.1956,14.8267,14.6994,15.3285,14.1129,13.2611,14.9263,14.2057,15.3671,15.7042,15.8864,14.8817,13.6185,14.3382,15.8559,15.4547,15.3606,14.3483,15.9326,13.6138,14.8475,14.6035,14.6763,15.3494,16.4009,14.9412,13.5612,13.7501,15.5482,17.0646,15.316,15.9155,15.9983,15.9893,15.5694,15.8373,16.8989,16.0821,16.32,17.2189,15.5823,15.8553,17.4661,16.9065,16.2299,16.5346,15.9777,15.6305,15.2861,16.6055,16.519,16.2334,16.1278,16.7572,14.706,16.264,16.8138,17.3605,15.547,16.517,17.0662,15.4274,15.4146,15.9991,16.9489,16.7339,16.239,16.9731,16.3588,16.1464,17.8342,16.935,17.3754,16.7607,16.2515,16.9198,15.2769,17.0106,16.2671,16.2313,16.7897,16.2423,15.1155,14.9151,16.8004,16.0288,16.2964,16.1158,16.8109,14.8959,14.7596,15.6448,0
C-00182,4.1003,4.4016,3.4387,4.4735,4.6273,2.0806,2.2211,3.6013,5.2754,4.1194,5.4777,5.191,2.6141,4.651,4.4258,4.772,3.9849,5.0684,4.9958,2.8783,2.6489,4.1676,5.0418,4.6329,5.3188,4.2943,4.5571,2.9186,5.3118,5.7893,5.8315,5.3729,5.0924,3.091,4.9097,6.0983,5.6362,5.6345,5.5912,6.1696,4.709,5.7043,6.0611,7.2486,6.9615,6.1797,5.9324,4.8824,3.7559,7.0522,5.2156,7.3753,5.8234,6.1608,5.5227,4.9735,5.6451,7.1498,6.807,7.7012,6.919,5.5407,5.6102,5.9124,6.3703,6.3809,6.8865,6.4575,5.7812,5.3181,5.2675,5.7826,6.6001,5.7073,7.6245,5.4344,5.0245,6.8422,7.594,6.8005,6.9113,6.5063,5.3309,4.5876,7.7751,6.3841,6.62,6.6092,5.9774,6.6809,5.55,6.758,6.7586,6.8621,7.2965,7.0999,6.0773,6.1271,5.8776,7.3991,5.9628,6.4417,6.7582,6.3514,5.748,6.5724,6.9926,6.2135,7.0995,6.0912,5.0873,3.7575,7.8685,6.7696,6.4494,6.5736,7.5877,5.8715,5.8846,7.1156,0
C-00183,10.9672,9.664,10.313,10.1979,10.476,9.6681,9.526,9.6311,11.057,9.5263,11.1187,10.6756,8.9352,9.8863,11.1086,11.0916,10.9448,11.1443,10.6248,9.0246,10.1841,10.6864,11.2914,9.9374,12.0556,10.4137,9.8164,10.1943,10.6985,11.2832,11.1355,11.1704,11.3793,9.6125,9.9697,12.1054,11.7486,11.4966,11.0591,11.918,10.416,12.5359,12.1621,11.6244,11.405,11.2231,11.8319,11.4809,11.4582,12.5046,12.2804,12.8238,11.6775,11.1314,10.135,10.365,12.7154,11.6446,12.1466,12.3252,12.1898,11.668,10.0124,11.3466,11.7697,12.7333,12.3156,12.5802,10.4548,10.6517,11.8849,12.2334,11.346,13.1938,12.0919,11.4965,11.1956,12.5267,11.0657,11.0731,11.7119,11.5201,10.3074,10.9175,12.5327,12.9079,13.1766,11.3732,12.4316,10.978,11.5381,12.9639,11.6808,11.9463,12.2707,13.564,11.729,10.7667,12.108,12.3308,11.1876,11.8982,12.3085,9.9966,11.162,11.5511,12.7119,12.092,11.9141,12.1647,11.5993,11.8602,11.1187,11.625,11.3925,11.0515,11.6142,10.4655,10.43,12.1018,0
C-00184,4.5109,4.5712,3.9219,4.9555,5.2936,3.4973,2.7633,4.9326,5.0272,4.6048,4.0803,4.4554,3.8699,2.6497,4.5442,4.1701,4.3991,5.4861,4.6075,4.4723,3.9484,5.1441,5.48,6.4416,5.5629,5.2135,4.2292,5.6368,5.9757,6.2442,5.8144,5.8145,5.8172,4.3351,5.2888,7.071,6.3645,6.0821,6.5714,6.0867,5.2605,6.0907,7.3758,6.5606,6.843,6.6376,5.966,4.5634,6.1349,6.4899,7.4667,7.7226,6.885,7.0857,6.0955,5.838,6.8424,8.3663,6.1929,7.6804,7.3394,6.1269,6.3777,7.5865,8.4173,7.6191,7.2081,7.0212,7.0359,7.7014,8.1707,8.5639,7.1344,7.4527,6.7807,6.0255,6.6608,7.7528,5.8552,8.2534,6.956,8.0986,6.7061,6.1862,7.5033,7.109,8.2087,6.8838,8.1916,6.8412,6.5844,8.3017,7.7517,7.7284,7.3989,6.5102,6.2851,6.8164,7.8094,8.0531,7.9085,8.3747,7.5224,6.2941,6.6365,7.9849,7.8975,7.4558,7.5989,7.6685,6.9244,5.1879,8.2703,7.242,7.7168,7.8651,6.8332,5.8747,6.7756,7.881,0
C-00185,3.1632,4.708,4.4985,3.7142,4.1485,2.9244,2.4288,4.3258,3.9025,5.5004,4.394,4.0837,3.5723,3.6859,5.1499,5.4133,5.1599,5.2631,5.5611,2.8744,4.4292,5.5226,5.2431,5.51,6.236,6.1658,5.4791,4.0403,5.7822,5.2907,6.7391,5.5559,6.0324,5.4821,5.5023,6.0288,5.3237,5.9451,6.2341,7.0101,5.3439,5.9535,7.2827,6.4878,7.3769,6.2262,7.2354,6.2739,4.9143,5.5359,7.5239,7.3376,7.394,7.3244,4.8947,6.2673,8.3543,7.1951,7.4632,7.7433,7.9431,5.0581,6.7088,8.4453,8.294,7.041,7.8416,8.0754,5.9012,6.4242,6.7509,7.1167,7.8203,7.6895,7.8322,5.6861,6.4504,8.0631,8.5238,7.3881,8.3886,8.2133,6.7442,6.7011,7.8357,8.7174,8.4871,7.9881,8.7803,6.617,6.6174,7.7756,7.2223,7.9351,6.6118,8.4127,6.5493,6.4381,7.9413,7.9441,7.7934,6.6979,8.2626,6.5807,5.2807,7.9498,7.6629,8.1281,7.9911,7.8675,6.013,5.8006,8.2934,7.2601,7.4839,8.0782,6.9372,6.0756,6.3133,6.9383,0
C-00186,10.1571,9.3592,9.8515,9.619,9.4397,9.5097,10.1136,11.7281,10.1537,10.4662,10.6943,9.4974,8.7302,9.2541,10.5304,12.57,9.9723,10.5897,10.5894,8.576,10.6471,11.4242,9.618,9.6736,10.5087,10.6425,10.0073,10.5553,10.5811,10.9099,10.5753,11.4287,10.0515,9.7096,10.3261,11.2829,11.2886,11.2012,11.4006,11.2431,10.3123,11.0358,11.5743,11.3338,11.2702,10.588,11.6158,9.9712,9.702,11.5299,11.5352,11.768,12.0086,11.799,8.7451,9.7065,11.2371,13.1113,11.1458,12.0039,10.6885,11.3919,10.26,11.0456,11.6817,11.2162,10.247,11.1668,10.5733,10.6179,12.4852,12.27,11.0946,10.7737,13.0867,10.0995,11.8226,11.3257,11.9962,11.1412,11.8488,11.694,10.4175,10.4926,11.3492,12.7802,12.3604,11.8009,12.1905,10.2545,10.3232,12.9589,11.1985,11.7663,11.2117,11.5125,10.1194,10.3114,12.2356,11.6951,12.3917,12.441,12.16,11.4317,10.4918,11.6597,10.7679,11.3946,11.6135,11.1624,11.1615,10.8675,11.0736,11.7926,12.0332,12.0476,11.241,10.5187,10.0734,12.4904,0
C-00187,7.6215,8.9748,9.8053,9.1611,9.4878,8.0467,8.6325,10.1522,10.5544,9.649,10.3543,8.8559,8.4884,7.5964,10.0989,9.2096,9.6892,11.0042,9.962,9.157,8.6267,10.0504,10.9347,10.2624,10.1266,9.7457,9.0009,9.0968,9.9331,10.2691,10.4732,10.5586,9.3755,10.3458,10.1689,11.0966,10.5854,11.4715,10.5747,10.7988,9.8113,9.4657,10.6139,10.6393,11.528,11.1739,11.1307,8.9902,8.759,11.5668,11.8245,10.932,10.6351,12.1434,9.4497,9.1013,10.4407,10.9473,11.3851,10.2493,10.9817,9.4822,9.4774,11.2371,11.864,11.0196,10.9807,11.1819,11.9493,10.6261,10.9234,10.7034,10.9204,11.0,10.9525,9.4128,10.1443,11.3678,10.7337,11.2875,12.182,11.5963,9.8991,9.1879,10.9245,10.9416,10.9426,11.6179,11.8427,9.3113,11.6341,11.6231,11.9587,11.3809,11.8067,11.3476,10.1691,10.1716,11.8241,10.5874,11.5346,12.1174,11.6057,9.037,11.315,11.3864,12.5886,10.716,11.9442,12.1673,10.0858,9.4268,10.6798,10.832,10.38,11.2964,11.707,9.5221,8.8473,10.4835,0
C-00188,11.1019,10.5137,11.2665,10.1143,11.1921,8.9397,10.0409,11.0985,10.2494,11.6833,11.1492,11.3318,10.7378,9.3462,11.0676,11.2871,11.9342,10.8744,12.3716,10.6019,10.8531,11.107,12.317,11.3418,11.6283,11.1542,9.2144,9.8452,12.2308,11.2747,12.2608,11.7565,11.6055,10.7033,10.4353,11.2481,12.7394,11.8366,12.6839,11.7379,10.5546,10.5166,12.1018,12.2821,11.7797,12.5168,11.1539,10.3904,11.9567,12.5244,12.2101,12.3671,12.5239,13.4374,11.939,11.4642,12.5355,12.1969,12.6238,13.5466,12.6139,10.8096,11.5892,12.6922,12.1867,11.4734,13.5786,12.4309,10.8589,11.9774,12.6088,12.3288,12.3572,12.9035,12.1572,10.3877,10.2987,12.556,13.8216,12.3538,12.6148,13.3011,12.1855,12.3733,12.1449,12.1345,13.0313,12.7434,12.6889,10.9213,10.3769,13.8411,12.2088,13.0153,12.261,12.4947,11.1552,10.6129,12.9454,12.3754,12.4369,12.6153,12.29,11.6348,11.3689,12.3854,12.4256,13.327,11.6247,12.6072,10.6796,11.4799,12.4878,12.643,13.1734,13.4047,12.6717,12.1033,10.6581,11.8334,0
C-00192,11.2276,10.4538,11.5112,10.541,10.6428,8.8544,10.4995,10.5185,11.5137,12.6344,11.3232,11.4747,10.1985,10.848,11.5864,12.9432,12.5015,11.7772,11.1536,11.3441,11.5892,12.2659,12.7188,11.7714,11.3057,13.2001,10.2201,11.0833,12.9837,12.8631,13.5688,12.7718,13.7134,12.2462,11.9798,13.0133,13.2913,11.8454,13.2441,12.7138,11.6297,12.012,12.5469,13.6657,14.2055,12.5797,14.1143,11.5482,13.2082,13.2739,14.4268,13.9615,14.2978,13.1584,12.7049,12.8535,13.2862,13.174,14.856,13.918,14.5524,12.002,12.5756,15.5377,13.7494,13.7211,14.3139,14.3311,12.3659,12.9624,13.9972,13.8061,14.4224,14.1683,14.957,12.289,13.7943,14.3891,14.5306,14.2306,14.5573,14.0684,13.238,12.241,13.6617,14.6973,14.7162,14.214,14.4479,13.6346,14.2411,14.2086,15.0153,13.9363,14.7577,14.2067,12.7967,13.1245,15.0522,13.803,14.6385,14.8719,14.2845,12.7862,12.9734,14.2442,14.3448,14.6176,13.1577,13.9805,12.3651,12.0734,14.2151,14.4844,13.6553,14.2351,13.6268,12.8639,12.1708,13.1918,0
C-00194,12.1698,12.486,11.8906,13.3445,12.9109,12.4759,9.8425,12.7201,11.5401,13.3369,12.4668,12.4966,11.9188,11.6567,12.7546,12.368,13.4715,12.7935,13.2248,11.1861,11.4865,12.5889,11.5215,13.2428,12.7906,12.9833,11.2223,12.5062,12.512,12.9082,13.2771,12.9258,13.6823,10.4172,12.4687,12.5907,12.9809,13.562,13.8879,13.5958,12.5182,11.5109,12.643,13.3086,14.2223,13.3187,12.9402,12.1523,11.7721,13.2431,12.6767,13.922,13.6721,13.8008,10.7992,11.9871,13.1161,12.7782,13.1098,13.5295,12.6132,12.0428,11.316,13.9661,12.972,13.5387,13.385,13.1386,12.0257,11.8416,13.821,13.3953,12.9859,12.4271,14.1582,12.9079,11.7199,14.0826,14.026,13.1426,13.6483,13.5564,12.3558,11.9893,13.4453,14.9175,13.3631,13.3613,13.8956,11.4794,12.5938,13.9007,14.6382,13.5931,13.3765,12.7984,12.2145,11.1261,12.71,13.6483,13.7564,12.9245,12.9999,13.2265,11.4301,13.51,13.1234,13.8806,12.6713,12.6136,11.8933,11.6702,12.6822,13.1953,12.5709,13.4891,13.3134,12.5491,11.2274,13.031,0
C-00195,8.8261,8.2159,9.8296,8.353,8.9263,8.0888,7.3913,9.6125,9.5745,8.4468,7.8243,9.6955,7.7825,8.4004,9.1831,9.0071,8.9923,9.5624,9.5565,8.0921,6.9262,9.1037,9.1878,8.9552,8.5676,10.1927,9.0632,8.5053,9.5514,9.8831,9.1458,9.2627,9.5025,8.643,9.2358,9.3832,9.9859,9.7246,8.8298,10.2374,9.5529,8.7076,10.4809,10.8884,9.939,10.0931,10.279,10.0933,8.5744,10.6963,10.3587,10.2938,10.0469,10.1227,9.829,10.2437,10.4425,9.3584,10.3028,10.5565,10.7676,10.2408,8.8397,10.9724,11.0029,11.0362,11.0618,10.2777,9.4078,10.1191,10.0696,10.6318,10.3281,11.1508,11.6721,9.8926,8.8832,10.9928,9.8869,10.5216,10.2692,10.0246,9.4633,10.299,11.3496,10.7435,10.9007,10.953,11.5281,10.0849,8.6906,11.0794,10.6513,10.4899,11.0926,10.9735,9.3396,8.333,9.2092,10.3382,10.3671,10.8588,11.083,10.7524,8.3708,11.7035,10.6293,10.2415,10.9741,10.5049,10.8715,9.4287,9.1816,9.9601,11.4109,10.2905,11.6029,8.9162,9.8371,10.8509,0
C-00197,14.9562,14.5981,15.5317,14.4994,14.1612,13.7469,13.078,14.6626,14.6699,15.2796,15.6721,15.0216,13.7852,13.3866,15.4648,14.9088,15.8408,14.7329,16.0779,13.3125,14.1821,15.725,16.0388,15.5511,15.0962,16.1797,13.2952,15.6163,16.519,15.2417,16.1891,16.463,15.5534,13.8742,15.0387,14.4705,15.1179,16.3625,16.2845,16.0919,14.3936,14.1456,16.7306,15.2182,16.3172,16.1417,15.8398,14.4814,15.0754,16.2552,16.1587,16.0809,15.8557,17.0684,15.3729,14.7762,16.0019,16.2845,17.5313,16.6252,17.5332,13.9481,15.3793,17.1576,16.4767,17.7699,15.7166,16.8591,16.0385,15.8513,15.9969,17.5492,16.475,15.9982,16.9637,15.4582,16.0487,16.3176,17.1202,16.5829,17.6676,17.1993,15.876,14.3308,16.4334,16.9416,15.9354,16.0986,15.6667,15.4862,15.7347,17.5887,16.865,16.771,17.232,16.9112,15.6535,14.7308,17.1619,18.2283,16.8109,15.23,16.4935,15.0332,15.4903,16.5889,17.1809,15.8745,16.737,17.3581,15.2525,16.0106,16.4206,17.0281,16.2971,16.5437,16.5544,15.0975,16.0443,16.0083,0
C-00199,3.3526,3.563,3.3907,2.3728,4.8182,2.3762,3.5555,3.0527,3.7815,2.4585,3.9817,3.9061,2.6413,1.4371,3.7635,4.1169,3.2058,3.5754,4.6295,3.4835,3.2517,4.3625,4.3284,4.9967,4.4725,4.1968,4.0306,3.1045,4.3442,5.6314,4.9089,4.5105,3.7213,3.425,3.2869,3.7574,4.7105,4.3216,5.5417,4.4665,3.6217,3.663,5.1999,3.5979,5.3625,5.0692,4.2438,4.3592,4.0007,4.7109,5.5186,5.473,6.364,3.5306,2.9354,4.2401,5.4538,5.637,5.2213,5.7482,5.5593,4.8331,3.2299,6.4612,4.7796,6.8043,5.3635,4.9915,3.5507,4.305,5.8126,5.3402,5.6902,5.1849,5.9584,4.2753,3.5782,5.7284,5.6616,6.1844,5.5943,5.7647,4.7401,3.7756,5.1909,6.5343,6.2959,5.4817,5.7461,3.5246,3.6061,6.1061,6.28,4.9398,6.1207,6.4622,4.1395,3.3633,5.3908,5.8998,5.1331,5.7943,4.853,3.9937,4.9095,5.4578,5.3194,5.4804,6.7092,5.7929,4.4254,4.1153,5.0152,4.7975,6.4644,5.3948,5.383,4.1657,3.2208,5.1886,0
C-00201,9.8785,9.5077,8.2489,9.2318,10.5725,8.277,8.7311,9.1228,9.8176,9.7325,9.2109,9.9503,9.291,9.1344,10.0856,10.3693,10.7005,9.5567,9.8611,9.6854,8.4547,10.134,10.5477,10.434,10.5092,10.2326,8.8153,9.1783,10.6075,10.5292,10.2511,11.671,11.3778,10.1147,10.3722,11.1724,11.2151,11.2573,11.6767,11.0663,9.7105,10.6651,10.8811,12.004,10.3072,11.5579,11.7329,10.7241,12.0533,12.3804,11.7994,11.6513,11.6929,12.0335,9.992,9.8142,12.2693,12.6103,11.6914,11.7833,12.5938,10.2171,10.902,11.4079,12.4602,11.9759,12.3015,11.3236,11.418,10.8726,11.8911,11.5488,11.7446,13.1718,11.7961,10.4649,12.2338,11.8045,12.4426,13.3468,10.9163,12.832,10.6418,10.6325,11.6008,12.78,12.2843,12.229,12.0818,12.3223,11.2175,13.3924,11.528,13.4343,11.7105,12.7479,11.1519,10.8255,12.0896,12.079,11.924,12.6914,12.2488,10.3287,11.692,12.4797,12.1919,12.1654,11.8442,12.4442,10.1414,11.2447,12.0961,11.8202,12.0524,12.4853,12.2776,10.8096,11.2386,12.306,0
C-00205,9.4604,9.8932,9.3412,8.4378,11.2584,9.258,7.3688,10.073,9.8122,9.2853,9.1312,9.3224,7.5075,8.6411,9.6803,10.0455,9.9849,9.9675,9.5545,9.6165,9.9379,11.3992,9.678,9.1894,9.8158,9.8054,9.5107,8.3373,10.1129,10.5068,10.0997,10.609,9.8041,10.8449,9.5647,10.4075,11.424,11.6542,10.2875,11.9324,9.9526,9.0426,10.9557,10.8347,12.0819,9.5115,10.6758,10.5671,10.621,10.7865,10.9359,11.6878,10.5888,10.3619,8.9532,9.6385,10.8853,10.474,10.7726,10.6678,12.0875,8.8204,9.059,12.5918,11.9583,11.1166,10.8488,11.0797,9.7063,9.4277,10.4812,11.9054,11.5302,11.1939,10.0217,10.0955,9.3934,10.2294,11.2855,10.8713,11.0838,12.1127,9.8231,9.4631,11.5636,12.0657,11.492,11.65,11.005,9.7933,9.675,11.0474,11.5184,11.8008,11.5215,11.7088,9.7056,9.5492,12.2604,10.9871,11.4546,10.2247,11.7652,9.6904,10.3684,11.1897,11.2298,10.9323,10.0996,11.0311,10.9702,11.635,10.9936,10.2976,11.6958,10.7413,10.6889,10.158,9.4145,10.9218,0
C-00206,3.9257,4.0005,3.483,4.8127,5.7889,3.8916,3.8324,4.9423,3.8848,5.2556,3.4514,5.154,3.0842,3.2598,3.9399,3.913,4.4452,4.5275,5.6295,3.7181,3.901,6.4389,4.829,5.1536,5.3623,4.9463,4.3873,5.3297,5.9984,5.2326,5.2162,4.852,4.8875,3.0952,5.081,6.2062,6.0276,6.615,6.3987,5.9611,5.7099,5.0054,5.2622,5.745,6.423,5.8948,5.9213,4.2904,5.3068,6.5748,7.0277,6.4652,6.5963,6.628,4.9552,6.0083,6.9649,7.6123,6.1704,6.2017,7.1739,5.7074,5.3866,6.5293,7.6453,6.3477,7.4751,6.9344,6.9952,7.1102,7.1338,6.4476,7.8153,6.9782,7.0863,6.2326,4.9329,7.282,7.1593,8.0664,7.619,7.2348,6.2069,6.8086,7.6178,7.582,7.5197,7.7195,7.3883,6.2815,4.545,6.8825,7.0159,7.2036,7.1077,6.6582,5.8783,6.7519,7.1287,7.2045,7.0203,7.3894,7.8063,6.4373,5.5926,6.4811,6.9973,6.8313,7.5336,7.3063,5.9636,7.1624,7.1072,7.9214,7.1204,7.6694,5.7525,6.8342,5.8193,6.443,0
C-00208,12.309,12.1858,12.8932,12.0751,12.4246,10.2608,10.8864,12.4439,11.9808,12.7284,12.2215,12.5963,12.2982,10.4734,12.6456,12.4124,12.4292,12.602,13.549,10.8882,10.6966,12.4662,12.7155,14.2209,13.414,13.6823,11.3643,12.9429,12.7543,12.4438,12.9029,13.2262,12.9999,11.4904,11.4326,13.2556,12.2872,13.6768,14.138,13.7216,12.6146,11.2541,14.5032,13.2758,13.0183,12.8784,13.8846,12.6131,12.6382,13.3855,13.2142,14.5875,14.0609,13.5238,12.121,12.8714,13.5907,13.2516,14.6913,14.2767,13.9619,12.7813,11.7202,14.8393,14.9083,12.3898,14.371,13.5215,13.4236,12.1144,14.7515,15.169,14.2135,14.752,14.0777,13.5759,13.8514,14.3869,14.2431,14.144,13.2823,13.7737,12.9385,11.7624,14.2198,14.7669,13.9556,12.736,14.3339,12.7747,13.1978,14.3504,13.4589,14.5492,14.3123,13.1072,12.1275,13.6084,14.5391,14.9447,13.9991,14.5431,13.9444,12.9281,12.3665,13.6869,14.4493,13.1237,13.6889,13.2356,11.9134,12.9764,13.7524,13.9001,14.0729,13.604,14.2687,13.4427,12.752,13.5862,0
C-00210,12.2895,12.5763,12.0364,12.4357,11.7382,10.9725,11.497,12.4215,12.8021,11.972,13.3107,13.2159,10.7358,10.7699,13.4398,13.556,11.038,13.0019,12.4891,11.5342,10.633,11.9019,13.3696,13.6371,12.1535,12.6112,11.9138,11.4826,12.4651,12.5346,13.199,12.6564,13.382,10.3907,10.7358,12.5927,11.9685,13.2197,13.3915,11.9285,12.4427,11.3142,11.9027,13.479,13.5898,12.4021,13.5891,13.9849,11.5193,12.6761,12.3504,13.4621,14.3753,12.2447,11.6196,12.2473,12.9399,13.8613,13.1336,13.3064,12.0032,11.7315,12.8069,13.5568,13.9915,12.7451,13.224,12.662,11.4928,12.2204,13.4332,14.8429,12.8385,12.5619,13.5796,11.5093,12.7515,12.8535,13.18,13.4328,12.8739,12.3987,12.1647,13.2944,13.8118,13.8361,13.7461,13.7897,14.0504,12.7516,12.4864,12.5947,13.0243,14.0481,14.3933,13.1251,12.0573,11.9002,12.9756,13.8916,12.9454,14.3698,14.1323,11.9265,12.1538,14.3,13.9125,13.2265,14.1227,14.0398,12.1461,11.5044,14.4117,13.611,13.4775,13.5864,12.0175,11.9327,12.5306,13.5551,0
C-00211,11.614,11.2755,10.8655,11.2466,9.468,9.2195,9.9105,11.1965,10.8146,11.1287,10.7877,9.6431,11.0185,8.901,10.8569,10.9307,11.217,10.9029,11.528,10.0062,9.7102,11.2869,10.967,11.3095,11.3134,10.9619,10.3142,10.3308,11.8302,11.8081,12.2286,11.4156,12.3698,10.0723,10.7166,11.5285,12.0493,11.5684,11.5013,11.4408,10.7011,9.6676,11.3841,11.9895,11.7871,12.0873,12.0958,10.4778,11.8943,12.9453,12.2899,11.6887,12.3019,10.8438,10.9009,9.6619,12.9287,12.6868,12.5245,11.9239,12.2592,10.9825,9.4582,11.6413,12.2868,12.0692,11.8361,11.9556,11.7622,11.3853,12.4528,11.2798,12.5497,12.1048,12.6133,10.6022,11.7501,10.6653,12.2952,12.2442,12.2028,12.7641,11.2958,10.7942,12.4996,12.2133,12.8526,11.7687,11.5259,10.9594,12.3816,12.3006,11.4869,12.6065,12.0947,10.8624,10.6463,10.2813,11.9778,11.6706,11.7053,11.9644,11.4851,10.5827,11.3264,12.5279,12.1303,12.1221,12.2352,11.6215,10.7485,12.2542,11.5836,12.7225,11.7007,11.7933,11.5262,11.8889,10.2474,11.7201,0
C-00212,3.4706,3.4436,4.4155,4.0471,4.4639,2.5304,2.8944,4.167,4.5858,5.0384,3.7896,2.7674,3.1731,1.6809,4.1504,4.9816,3.6676,4.3594,3.0524,1.3402,1.3047,3.6489,4.6111,4.8706,4.7521,3.6837,3.1507,2.3703,3.9923,3.6184,3.9989,4.438,4.9303,2.8465,2.6965,4.9146,5.0299,4.7091,3.347,2.8408,2.9896,4.015,4.8274,4.9483,5.4366,2.7275,4.7379,3.9542,2.6567,4.1001,5.2277,5.2611,5.0967,4.2248,2.9823,3.5594,4.8065,5.5462,4.4954,4.6443,5.1794,2.8005,3.0463,4.8925,4.8633,4.7341,4.7989,4.4528,4.1061,3.4219,4.7949,5.3098,3.8648,3.7076,4.3837,2.6604,2.7547,3.8237,5.2259,5.786,5.3847,4.7759,3.4584,2.9048,4.5852,5.6401,4.9901,4.8462,4.7294,3.2539,1.8661,4.4114,5.2331,4.3903,4.5505,4.4047,4.4096,3.5458,4.3938,4.5928,5.2172,5.205,5.0168,3.52,2.6872,3.2809,5.0977,5.9348,4.2627,6.4272,4.2696,3.4589,3.8592,5.5849,4.2176,6.0017,4.7272,4.1969,3.743,4.2607,0
C-00214,8.9659,8.9496,8.489,8.0292,9.4608,8.0632,6.8508,9.1326,9.1975,9.5273,9.9277,8.7581,7.6032,7.7122,9.7164,8.6661,9.1587,9.2594,9.8405,8.6229,7.2841,9.8124,9.8722,10.5796,9.0082,9.6654,9.339,8.132,9.6172,10.6748,8.6813,10.0272,10.3961,8.9303,8.7828,11.104,10.3837,10.5,10.5122,10.5462,9.6462,9.6458,10.7467,10.3911,10.8231,9.7732,10.1674,10.6441,8.7111,11.3574,10.0359,10.8493,11.1404,11.5196,9.2293,9.7276,10.9183,10.3296,11.2205,11.0651,11.6035,10.4824,9.5289,11.4328,11.1982,10.7949,11.1922,9.8224,11.3803,10.052,10.7211,11.6242,12.251,11.3206,12.2336,9.5016,10.6197,11.2656,11.5176,12.3377,12.1551,11.7193,10.2894,10.1886,11.9164,11.6166,12.4048,12.0682,10.5878,10.5191,10.9887,11.7689,11.5137,11.5071,11.8899,12.4099,10.5626,10.2674,11.2561,11.6486,11.8842,11.1896,13.6278,9.7959,11.0994,11.2932,11.53,11.0206,11.3261,11.6516,11.5082,10.774,11.4649,11.3101,11.9947,10.8689,11.5845,10.1039,10.5769,10.609,0
C-00215,10.324,10.2255,9.8616,9.1468,9.7324,8.056,8.4578,9.2062,10.3229,9.9503,9.4809,9.8651,8.0233,9.3109,9.8298,10.098,10.0182,10.1275,9.9918,10.3203,9.4216,11.5021,10.0204,10.6621,9.6238,11.9818,8.715,10.7108,11.4867,10.5413,11.552,11.1047,11.0768,11.014,11.1506,11.484,11.7511,12.5445,11.8548,11.4583,10.5208,11.2559,11.7276,11.9567,12.0885,11.5242,11.6101,9.8145,11.8338,12.0685,11.2473,12.2741,12.394,12.0217,10.428,10.4369,10.8693,12.6096,12.3447,11.7847,13.6578,11.3002,9.8482,12.7217,13.3111,12.6411,12.0823,12.8442,11.9547,12.4787,12.9833,13.4713,12.1973,12.9362,11.4868,13.625,11.8267,12.509,12.3269,13.9202,13.7067,12.6029,12.0843,12.5695,13.6902,12.9712,12.4089,12.4992,13.2709,12.6915,11.529,13.2388,13.1908,13.6744,13.3463,13.3126,10.8172,11.015,13.4946,12.6641,13.0989,13.2954,12.7867,12.3557,10.5505,13.162,12.3154,13.5559,13.2175,13.3662,11.7997,11.1382,13.3181,12.6324,12.8246,11.4264,13.1546,11.2493,10.8524,12.4904,0
C-00217,5.2729,6.43,5.0717,5.5689,5.0734,4.1948,3.9578,5.8774,6.6728,5.4578,4.8657,5.1271,4.7314,4.9191,5.8876,5.5704,5.4403,7.0564,6.021,4.6421,5.0875,4.9756,7.2843,6.5646,6.5373,6.1118,4.2214,5.0293,6.8795,6.9229,6.8515,7.0508,7.8919,6.9028,5.7961,6.7774,7.0461,7.138,6.3665,7.4387,5.867,6.0477,7.416,7.413,8.0914,8.3933,8.8016,6.1565,6.574,7.7425,8.1127,7.8814,7.3789,8.3518,7.2912,6.4855,7.5466,8.4645,7.8713,8.1209,8.7926,7.0906,6.9836,7.9716,8.6883,7.6192,8.3472,8.2513,8.0409,7.4175,8.5682,8.1046,9.0328,9.8882,9.0247,7.0519,8.0496,8.8028,8.599,9.0927,8.5662,8.964,6.9853,7.1486,8.7592,8.8035,8.9908,8.5711,8.1677,7.1456,8.1825,8.6643,8.6368,9.4991,9.0299,8.5511,7.4439,7.6976,7.923,8.281,7.5595,9.1228,8.1561,7.1033,7.3793,8.2121,8.9,8.4084,8.4561,8.399,7.9061,8.5355,8.3922,9.0997,8.7848,8.8192,8.414,8.2217,6.5206,8.7799,0
C-00220,8.7093,9.034,7.6567,8.2177,8.924,8.3947,8.3036,8.7146,8.105,9.3193,8.991,10.2929,6.6739,6.726,8.6372,8.57,9.6288,10.0088,8.1496,7.3442,9.2024,9.4991,9.1751,9.1516,10.3349,9.4224,7.7182,7.8971,9.1635,9.2201,8.3946,9.6418,9.4034,9.0958,7.9044,9.299,8.871,9.4404,9.2661,9.8135,8.1354,9.1912,9.2157,8.8176,10.3578,9.9683,9.2604,8.7368,9.5134,10.4106,9.6556,10.4265,9.5672,9.8927,9.1456,9.3211,9.4069,9.8636,9.8237,9.7918,10.0755,9.2828,7.942,9.988,10.0946,10.9036,9.8065,9.5232,9.2142,9.5957,9.7577,9.444,10.2474,8.9202,9.7975,8.238,8.9208,10.3227,9.2092,9.1422,10.0978,9.0523,9.4044,8.6782,9.9985,10.9879,10.159,10.0056,10.2552,8.7013,9.3108,9.3304,10.8984,9.5987,9.6287,10.1831,8.6943,9.2252,10.0156,10.3814,10.1092,9.9328,10.44,8.8104,9.1626,10.1004,9.4883,10.0602,10.0105,9.7063,9.2739,8.1891,9.3778,10.8734,10.3932,9.539,10.3311,9.3371,8.1256,10.0286,0
C-00221,5.0173,6.6782,5.5085,5.0718,6.1879,5.2307,4.9756,6.938,6.2996,6.465,6.5858,6.5474,5.8613,5.0501,7.5321,6.3837,6.8858,6.1541,6.3442,5.2418,5.7803,6.2188,6.214,6.8245,6.0729,6.8217,4.9304,6.0867,7.5096,6.8986,7.666,8.1157,8.195,5.321,6.478,7.518,7.6248,6.263,8.1348,8.0818,7.5781,5.8917,7.9049,7.2879,7.0722,7.5124,7.3072,7.4753,5.0854,7.0985,7.5979,8.3158,8.2333,8.3247,7.7229,8.0716,8.1265,8.5154,7.9034,8.0929,7.9027,6.2054,7.3934,7.1904,8.8582,8.6365,7.5196,8.8861,7.6699,6.7359,7.8023,8.2589,8.1238,8.6404,8.5664,5.7371,7.7917,8.8053,8.4255,8.187,9.9495,8.4569,7.6612,8.2188,9.1602,8.7957,9.7425,9.6431,8.3873,7.3312,6.5969,8.4728,8.4637,7.6422,8.1177,8.2278,7.4041,7.6707,7.8361,9.2763,9.1317,9.0527,8.5263,6.0119,8.0908,9.0133,7.9324,8.2145,8.2014,7.6662,7.559,6.9233,9.8542,8.25,8.807,8.209,8.9644,5.4847,7.1208,6.8876,0
C-00223,6.3338,6.7148,5.3149,6.302,5.5158,3.4899,5.6559,6.227,6.8595,6.0769,6.0272,5.8252,4.4601,4.4662,6.2394,6.0316,6.07,6.1138,5.9755,3.9752,4.769,5.9548,5.3053,6.4547,5.8811,6.4942,5.2002,5.5174,6.2616,6.1616,6.6527,5.7981,6.8626,5.0702,3.8387,5.7219,7.2399,7.1516,6.6655,6.8325,5.8509,5.8703,5.7759,6.7674,7.4963,7.161,6.8924,5.7372,5.8851,7.2507,7.2731,7.3609,7.3527,6.3154,4.9591,5.5543,7.6575,7.7557,6.4611,7.107,6.8431,6.9123,6.2494,6.7704,6.4482,6.7941,6.4388,7.2653,5.8648,7.3519,7.1819,7.3548,7.1352,7.0341,7.7829,4.6556,5.7555,6.8544,8.2238,7.6776,8.4845,7.1652,5.7287,6.4361,7.3033,7.1108,7.4049,6.7382,7.7125,6.5506,6.5669,6.5534,8.1271,7.8996,8.0296,7.532,6.2472,5.7044,7.8685,7.3816,7.4361,7.215,7.9057,5.9699,6.4887,7.6332,7.8875,7.8109,7.5734,7.0256,5.0613,6.2162,7.1785,7.1363,6.7275,6.4166,7.4298,6.0523,5.3174,6.8137,0
C-00224,5.0078,4.1968,5.5614,6.3377,4.8907,4.5026,4.4259,5.9449,5.7701,6.305,5.806,5.5325,4.6141,5.0868,6.472,6.3681,5.8381,6.0113,5.3161,4.4852,3.983,5.7141,6.1327,6.3118,6.8503,6.7936,4.9994,4.2541,5.8685,6.0487,5.9193,5.2421,5.4155,5.0497,5.9711,6.0318,7.9279,6.2556,6.7962,5.123,4.8347,4.6447,6.9662,6.4555,6.1823,7.0361,7.0204,5.6969,5.8861,7.2469,6.4381,6.6411,6.3859,7.3155,6.147,6.2879,6.9521,6.5833,6.6724,7.1882,7.9499,6.0002,5.3756,6.3581,6.4192,7.0743,6.7595,7.3743,5.9905,5.6113,7.8949,7.1771,5.6744,6.8606,7.154,6.0235,4.7214,6.4673,5.7954,6.9873,7.309,7.1963,6.3464,5.0708,7.6896,7.2053,7.1547,6.8803,7.3092,6.4143,6.7884,6.8204,6.8261,7.2216,6.5383,6.6754,4.4453,5.6579,7.0905,6.2274,6.3135,8.1157,6.9753,5.9031,5.9861,6.5894,7.8945,7.133,7.509,6.8564,4.708,5.2972,6.9935,6.754,6.9711,8.1329,8.1689,6.3919,5.9395,6.4519,0
C-00226,10.9982,12.0547,10.8813,12.1343,10.5585,9.2347,10.5931,12.0523,12.3065,11.8976,11.9039,12.705,11.0546,11.286,12.2116,10.5268,11.1375,12.5021,13.3946,10.2505,9.8152,12.0266,12.9523,12.8178,11.7119,12.5878,10.7442,11.0983,12.4266,13.0165,12.0506,12.1484,13.6651,10.3389,11.5137,12.4851,12.7164,13.0974,12.0135,13.3189,11.4561,12.3533,13.3898,13.7987,13.2234,12.8214,13.6475,12.9591,11.6506,12.8665,13.3319,14.1591,13.9537,13.6606,11.8435,12.6532,11.9359,12.4437,13.5171,13.8638,13.7535,12.3233,10.8484,12.8229,13.4698,13.5399,12.4207,13.0512,11.4633,12.5927,13.7102,14.033,14.7265,13.2812,14.2401,13.4259,12.1672,13.7383,14.1286,12.8549,13.5093,14.3896,13.2552,11.7782,13.2775,13.1685,14.1998,12.8884,13.4251,13.0002,12.3529,13.0477,13.429,13.7505,12.4815,14.2707,12.0197,11.783,13.5943,12.8422,14.7836,12.5393,13.4012,11.6571,12.4519,13.0977,13.7086,13.1701,13.7222,13.9718,12.2451,12.1145,12.122,13.3319,12.8484,12.8968,14.0253,12.5223,10.8812,13.7742,0
C-00229,15.5199,15.06,14.0515,15.1831,15.1337,13.8086,13.0655,14.8168,16.8266,14.5983,15.4624,14.3665,13.9197,13.905,14.6566,15.4172,14.8918,14.5054,15.7094,14.4172,14.5816,16.155,15.3457,15.6024,15.1917,15.4828,14.4686,13.9728,15.9616,15.304,16.2526,16.0838,16.2758,14.0254,14.0909,15.1886,15.0933,15.312,16.1868,15.4828,14.7238,15.096,16.5404,16.5151,16.2389,16.5153,15.8672,15.3242,14.4998,15.6584,15.7229,16.6672,16.5182,16.0777,14.8946,14.3836,16.1319,16.4541,15.2553,16.6769,16.0175,15.222,13.8345,16.1254,15.1393,15.8851,15.9189,16.3116,15.7012,14.4358,16.4729,16.6563,17.0714,16.2836,16.2888,15.8158,15.736,16.1646,16.4721,16.5248,16.9103,16.3151,14.9605,15.7873,16.6393,16.3302,16.7,17.2159,17.4258,14.963,14.8702,17.2846,16.4279,15.4848,16.1366,16.2937,15.5819,15.6923,16.4143,17.2821,16.2641,15.7106,17.1988,14.2355,14.966,15.4085,17.1056,16.1039,16.8722,16.7519,14.6776,14.9867,16.5434,16.4404,16.222,16.8871,16.163,16.2323,14.8531,16.3498,0
C-00231,8.5847,9.1562,8.3404,8.0086,9.0035,6.7542,7.4179,8.2186,9.7675,9.4709,7.9227,9.0154,7.9407,7.1702,9.2948,8.2273,8.9354,8.6867,8.4586,7.4542,7.4284,9.2115,9.0614,9.309,8.634,8.9035,7.9947,8.4127,9.2753,9.5694,9.4201,9.4996,9.5881,9.1107,8.7842,9.2134,10.8051,8.646,9.5721,9.8307,7.8701,8.065,9.5537,8.5475,9.5108,10.5028,9.8671,10.553,8.3638,10.6035,10.9295,10.1933,10.3818,10.4685,9.1146,8.4726,10.1624,10.6323,10.1904,10.9275,10.5404,9.737,9.0495,10.7177,10.2174,10.5588,10.2467,9.5079,9.4976,8.9399,11.1783,9.3405,11.4212,9.2361,10.1639,10.6923,8.6533,10.4227,11.8444,10.7098,11.1539,10.8405,8.8341,9.3274,10.5155,12.0309,11.2221,10.2493,11.3625,10.5069,10.3791,10.6328,11.1943,9.8883,10.6633,11.2502,9.548,9.2942,11.1586,10.1461,10.227,10.6506,10.6483,8.4697,9.3621,10.3041,10.8704,10.6378,11.1488,10.0591,8.9907,9.0508,9.9337,10.4344,10.5541,11.4712,11.254,10.1569,8.7318,9.8488,0
C-00232,9.5246,11.3979,10.2644,10.0743,9.7693,9.7669,8.375,10.4566,10.4133,10.96,10.1137,11.125,9.5654,9.0186,10.7566,9.7946,9.5971,11.2838,10.8967,9.9887,9.8704,11.6147,10.9698,12.0938,11.4129,11.1262,9.1395,10.2033,11.8447,10.8035,11.1938,10.7595,12.0348,10.8172,11.1781,12.5886,11.8431,12.0164,10.7904,11.77,9.8474,10.5489,11.6736,11.7652,11.7721,11.9053,12.3147,9.4675,11.5413,11.8242,11.6344,13.0938,13.0464,11.7259,10.4413,11.6877,12.0181,12.2555,11.9602,12.8456,12.134,11.4817,12.575,12.8687,12.8351,12.2901,13.6876,12.5187,11.566,11.739,11.7298,13.0951,13.028,13.2953,13.0321,12.4444,11.6314,12.8081,12.8284,13.2822,13.3622,12.8092,10.7127,12.2403,12.5318,13.6286,13.2258,12.6964,12.7174,11.9026,11.1322,13.2695,14.3699,12.9597,11.8835,13.5805,10.6682,11.2688,12.8882,12.8188,13.2718,12.3156,12.2681,12.2485,12.378,12.5542,12.5325,12.3943,12.7975,13.0299,11.7468,10.8987,12.2656,12.6272,12.8884,12.9686,11.646,11.1903,11.4871,12.0451,0
C-00233,13.8484,13.3313,12.4698,12.6649,12.9654,12.9512,11.7259,13.5026,13.4658,13.8595,13.1025,13.5753,11.913,11.8996,12.7179,13.388,12.6986,13.0965,12.3732,10.7569,11.2226,14.0529,13.6933,13.0592,13.5254,13.385,13.1721,12.5365,12.5766,12.8816,13.516,13.5045,13.8025,11.1259,12.0968,13.85,13.7375,12.8447,13.4624,13.8237,12.5644,13.3983,13.5941,14.1741,13.4337,13.7572,13.9658,12.419,12.3489,13.8119,14.2669,13.4473,13.7325,12.7614,12.9152,12.3531,13.9141,14.6036,14.1807,14.161,13.1714,13.6629,13.0695,14.2373,14.3891,13.8038,14.1493,14.5824,13.2133,12.4301,14.6218,13.0049,13.649,13.2689,14.2992,13.6494,12.7936,13.65,13.9806,14.1097,14.7298,13.835,13.1099,13.357,13.294,13.6618,14.3839,14.4056,13.8996,12.3219,12.8294,15.0194,14.4732,13.8109,14.0619,13.4831,12.3717,13.2486,13.8232,14.4244,13.9024,14.9848,13.3696,12.1636,12.6108,13.9484,13.4527,13.7685,13.8171,14.1215,12.3805,13.2474,13.5253,14.1128,15.0545,14.2567,14.2369,12.6733,13.7642,14.0808,0
C-00234,12.3338,12.3821,11.707,11.2208,11.3703,10.629,11.3265,11.6018,13.0513,13.0784,12.3276,12.0606,11.4253,11.9584,13.2496,12.7815,13.662,12.6061,12.2302,11.5403,11.1771,12.4253,12.6567,13.62,13.3376,12.7556,12.2664,12.5633,13.8693,12.3259,13.2255,13.2355,13.4881,12.1024,12.8261,13.4534,12.3443,14.4209,13.0993,12.6966,12.1479,12.0615,13.4456,12.6401,13.997,14.1003,13.3468,12.5521,11.8496,14.5539,14.3052,14.2184,14.56,12.296,11.2966,12.0313,14.2368,14.1202,13.8889,13.7449,14.0136,12.046,13.1937,13.7387,14.7245,13.3379,14.1539,14.5986,12.9944,12.6786,13.9952,13.403,12.7071,13.6529,14.0256,14.099,12.9115,14.5547,14.1932,13.7165,13.9769,13.3986,11.2686,13.2855,14.5941,14.1955,14.0071,14.5518,14.6353,13.0588,13.1042,14.1463,13.8249,14.117,15.5851,13.4129,13.9818,11.9208,14.9295,15.0909,15.1281,13.8832,14.4341,12.3247,12.5115,14.4198,14.2051,14.9586,14.432,13.3402,13.8608,11.5297,13.7133,13.8513,14.2717,14.0708,13.7163,12.0358,12.6096,13.6126,0
C-00236,6.5341,5.8121,5.7376,6.3387,6.4109,4.5048,4.8476,6.5699,6.9534,6.4215,5.9348,6.5952,5.0103,5.2262,5.6173,5.9315,6.0098,6.2532,5.2155,4.8653,5.1598,6.2377,6.0475,6.188,7.3392,5.6935,4.9798,5.838,7.5075,6.6578,6.5172,7.3334,6.3033,4.6422,5.6805,5.9692,6.0233,6.6208,7.3676,6.2631,5.2795,4.75,6.3546,7.2489,6.8422,7.3181,6.4888,4.3727,5.5811,6.9935,5.7689,7.2601,7.5886,6.2522,5.5174,5.3612,7.899,5.8486,6.8043,7.0922,8.0687,6.3101,6.3089,7.6575,7.4246,6.8515,6.3541,7.7493,6.2625,6.1448,8.0645,6.4212,7.0126,7.5281,7.7552,5.1998,6.0536,6.9877,7.8374,7.4693,7.4368,6.6603,6.0703,4.5465,7.2803,6.895,6.7432,7.1939,6.9117,7.3299,6.1751,7.8162,7.6909,8.1778,9.4013,7.6161,5.1273,4.9237,7.1537,8.5046,7.5442,7.3761,7.4388,5.1747,5.2944,6.7059,6.7938,8.0048,6.899,7.0623,4.7471,6.5792,7.1958,7.8217,7.4436,6.9268,7.1645,6.2016,6.148,6.6577,0
C-00237,4.2546,4.2907,4.5443,5.3834,4.7787,3.9752,2.6965,5.7062,5.1791,4.7468,5.7293,5.1536,5.0318,4.2808,5.8405,5.3255,5.2205,4.5517,5.2006,3.6227,4.5158,4.025,5.7037,5.8228,5.4624,5.4153,3.5404,5.482,6.4383,5.8646,5.4615,5.9452,4.7205,4.0338,4.5827,6.411,6.2973,4.8745,5.7762,5.4482,5.6461,5.6205,5.7627,6.1358,6.5882,6.2411,5.5278,5.6843,3.8943,6.9982,6.2713,5.228,6.6966,5.2285,4.563,5.7268,5.6059,6.9287,6.6895,6.3312,7.1117,4.6256,4.2959,7.2533,6.5566,6.7956,6.9697,7.3315,5.331,5.779,5.9587,7.5299,6.3375,6.416,5.4436,5.2831,5.0936,6.9462,6.6541,7.3868,5.9655,6.5834,5.3847,5.487,7.1017,7.0498,5.5882,6.3939,6.8065,6.4258,6.5004,6.0927,5.7434,8.2357,7.2554,5.9073,5.0388,5.8441,8.08,7.1563,5.9849,6.8388,6.3137,5.8345,5.6367,6.722,6.2117,7.755,5.8561,7.2767,4.3209,4.1014,6.166,6.1896,6.159,7.5607,6.4402,4.7496,5.9254,6.6151,0
C-00240,5.5108,6.8627,6.1213,6.6296,6.0101,6.2646,5.664,6.2197,6.4302,5.9116,5.9254,6.7618,4.8958,5.2507,5.8809,6.1752,6.9888,6.7397,6.7233,5.2395,4.3293,6.5397,7.1705,7.3427,6.564,6.8121,5.8267,6.5091,5.8983,6.8348,7.1,7.7634,7.3141,4.4396,6.3627,7.5928,6.5908,6.7803,5.7645,7.672,4.9623,5.4301,6.7112,7.5761,6.4718,7.7295,6.9886,6.7313,7.7967,7.4142,6.9545,7.5422,6.9734,6.8995,5.2782,6.3164,7.8273,7.5177,6.6905,7.2096,6.6767,6.7643,6.9798,7.0525,8.0286,8.2053,7.3424,8.2758,6.9391,7.5085,7.8018,6.4348,7.036,7.3305,7.2639,6.3769,6.3887,8.0548,7.7825,8.2743,7.0223,7.9003,6.2319,6.9576,7.1249,7.7864,7.2021,7.6536,7.5343,5.9962,7.1597,8.8984,6.6231,7.1335,8.0605,7.8683,6.719,6.5414,7.2789,7.5315,6.5381,7.9448,8.2053,6.7019,6.4464,7.7544,7.5405,6.589,7.5307,6.4636,5.9964,4.7785,7.0394,6.7686,6.8952,8.3021,7.9302,6.2854,6.0864,6.6165,0
C-00241,12.6446,11.7882,11.5603,12.7698,11.6964,10.7914,11.3625,12.5597,12.3897,11.7049,12.9192,11.7927,11.8589,12.7599,13.2702,12.2643,13.0587,13.1126,10.9828,11.1181,11.6716,12.3517,12.2305,12.3685,11.8055,12.8077,12.1536,11.4479,13.2227,12.9757,12.5772,13.5275,12.5321,11.454,11.2827,12.332,14.1675,13.4193,12.3027,12.4644,11.8747,10.8703,14.0475,13.5503,12.8084,13.9183,13.9318,12.3978,12.0653,14.4626,14.0071,13.1848,13.9148,13.3792,12.3891,12.518,13.5525,12.9495,13.8018,14.5373,13.8388,11.5346,12.5418,14.4826,13.5078,13.0453,13.3948,13.5602,12.4792,13.2568,13.4372,14.0207,14.077,13.2498,13.7101,13.8991,13.2296,14.0348,14.1261,13.9617,13.4915,14.3986,12.89,13.5367,13.4148,13.6527,14.4475,14.0815,13.6006,13.3818,13.7606,15.2776,13.368,14.7698,13.9106,14.7161,13.6635,12.917,14.336,14.0686,14.55,13.6489,14.2086,13.4097,12.233,13.3102,12.9697,13.6981,13.3672,13.1962,11.7795,12.9623,13.185,14.2372,12.931,13.9601,13.8548,12.5976,11.3697,14.0225,0
C-00242,5.3827,5.8328,6.0311,5.6999,6.1348,5.3602,5.2143,5.6116,6.4241,5.9842,5.5565,6.1801,4.3423,3.6905,7.0828,5.5267,5.7064,6.8294,6.7452,4.9665,4.9471,7.0876,5.5937,7.128,6.7122,6.9751,6.1309,5.7022,7.0944,6.6022,7.4321,6.6638,6.8343,5.3598,5.3184,6.988,6.8814,7.3555,8.2426,8.3731,6.3446,4.2782,7.615,6.8277,7.23,7.8268,7.5568,5.6052,6.7936,7.5838,7.4468,7.8263,9.0673,7.5338,7.3151,5.963,7.9335,8.8516,8.4591,8.5218,7.8492,6.5529,7.921,7.5106,8.5528,8.1824,8.7487,8.2017,5.8076,6.6271,8.776,8.5461,9.2473,8.1318,8.327,7.6873,7.7792,7.2293,8.1772,8.7947,8.9826,8.1345,7.9118,7.1557,9.0901,8.2858,8.6517,9.1097,7.8054,6.9003,7.3172,8.7819,8.1929,8.581,9.2654,8.5673,8.5215,7.7686,7.4445,9.2224,9.8043,7.3245,8.6864,6.2962,7.4378,9.1069,8.1685,7.6,8.3762,8.3517,7.0361,6.8581,8.1048,8.4844,8.2742,8.5695,8.7365,7.3036,5.9344,8.6049,0
C-00243,3.594,3.5365,3.8288,4.219,3.0941,1.9946,1.0222,4.6385,3.251,2.6917,3.026,4.0302,2.5805,2.1284,3.8849,3.8667,3.3129,3.4843,4.1518,2.9908,2.36,2.4349,3.4751,3.6946,5.121,3.5288,2.9916,2.3739,3.9646,3.0368,4.0115,3.7543,4.0802,1.7641,3.0326,3.4511,4.4915,4.4356,4.1467,4.549,2.8647,3.399,5.3366,3.433,4.6424,3.9955,4.7698,1.8772,2.9434,4.8167,5.0239,4.9097,3.8668,4.9314,1.8917,2.5313,3.7828,4.2693,4.9713,4.198,4.0045,2.8808,2.9984,4.6697,3.8473,4.231,5.9525,4.3195,4.9307,3.1918,4.0503,4.7925,4.2121,4.0856,4.1063,4.9112,1.9343,4.4513,5.0147,4.4627,4.688,5.2992,3.7983,2.6793,4.7389,4.103,4.2935,4.7798,4.1526,3.8853,2.2908,4.5748,4.5166,5.4353,5.2694,5.3104,3.0354,4.0745,4.5749,2.5498,5.3577,3.585,5.4204,3.2646,4.2576,4.231,4.9301,5.0228,4.6108,3.7028,3.5992,3.741,4.7254,4.8969,4.3412,5.6663,3.8069,2.3941,2.6044,4.3312,0
C-00247,12.2154,12.6394,12.2464,11.8503,12.4174,12.5268,11.1832,12.9953,13.7732,13.0229,13.4476,12.3483,11.3839,12.0095,12.278,12.6375,13.5207,13.1235,13.0582,12.5545,12.9357,13.8864,12.9004,14.1148,13.9652,13.7073,13.0274,12.7234,14.4259,13.6751,13.6714,13.4812,13.8854,14.0362,12.1908,14.2366,13.0956,14.4325,13.4803,13.5153,12.16,13.5119,14.6782,14.2686,13.5616,14.6203,15.4448,13.606,15.1227,14.3498,14.8012,14.6619,15.7,14.806,13.6673,13.9408,14.9328,15.1221,14.9548,14.7938,14.7676,14.2761,14.2913,15.2458,14.271,15.8358,15.9158,15.6394,14.0637,14.4469,15.0507,15.0986,15.3529,15.0207,15.3604,13.2669,13.3973,14.3504,15.3293,15.85,15.8119,15.6615,14.1802,12.827,15.0072,15.7519,15.0043,14.7609,16.5778,14.6742,13.3843,16.6658,15.5441,15.2787,14.8439,15.8556,14.5446,13.7977,14.5496,15.6095,15.1132,16.1396,15.2161,13.4146,14.166,14.5548,15.007,15.5526,15.5823,15.5969,14.3562,13.8643,15.3387,15.8656,15.1788,14.3771,15.2655,13.3744,13.8572,13.8523,0
C-00249,3.1565,4.7181,3.2089,3.7727,4.5003,1.8157,3.6473,4.7995,5.5226,5.0282,5.2762,5.6895,4.5588,2.8543,4.1024,5.2784,5.4709,3.9656,4.8627,4.0607,4.0693,6.2618,5.2265,6.3666,5.9415,5.9268,5.1713,4.4978,5.6498,5.7941,7.2926,5.0886,6.0444,5.2911,5.2818,6.3886,7.3284,6.444,5.7743,6.4962,4.1144,5.4766,7.4856,8.3652,7.3686,6.1419,7.3768,4.8416,6.3621,7.1531,6.9218,6.5848,6.7828,6.2035,5.4715,6.5071,7.5569,6.9779,7.9701,6.7309,8.1278,5.9754,5.0297,8.3618,8.277,8.3807,7.5138,7.1768,6.2617,6.8614,8.7079,8.1138,8.7587,7.5511,7.9036,6.6112,6.041,8.5307,8.3019,7.4065,7.3011,8.1113,6.8353,6.6662,8.2424,8.116,7.8989,8.7789,8.2409,5.9097,6.0141,8.9026,6.8533,8.3572,7.9802,7.9013,6.0953,6.7468,8.0225,8.2866,8.4611,7.9573,8.008,6.2813,6.3186,8.3483,7.6041,7.6944,7.4705,7.993,6.5605,6.2743,7.5909,7.1226,7.5521,7.438,9.1246,5.9643,6.2279,6.3414,0
C-00250,12.9913,13.7226,13.4949,14.1287,15.1131,13.5337,14.1992,15.0716,15.1165,13.9486,13.8105,15.545,12.7378,13.0577,15.8112,15.2323,14.0977,14.5943,14.6857,14.2118,14.194,14.2603,14.9098,14.6234,14.7747,14.5114,13.4342,12.847,13.6201,14.6952,14.2884,15.2948,15.1365,13.8786,13.0725,14.9059,15.2248,15.2654,15.0213,14.2486,13.7244,12.0928,15.3705,14.729,15.9963,13.8723,14.2549,13.9799,12.2783,15.1199,15.0228,13.684,15.7664,15.1586,12.7091,13.5295,15.1545,15.9171,14.936,14.8529,15.0571,14.5706,13.6659,15.1799,15.4214,14.3085,14.294,15.5703,14.6937,14.2688,15.6083,14.3218,15.6251,14.7616,15.3559,12.8117,13.6054,14.8371,15.2883,15.563,15.8254,15.6256,14.2144,15.2145,15.2766,15.8356,13.8599,15.8566,15.0474,13.3633,12.6521,14.7257,15.5101,14.9098,15.6546,15.3847,14.2612,13.5218,15.2985,16.0816,15.4363,15.3516,16.4596,14.5896,14.5165,15.3042,15.4197,14.6398,15.5194,15.4535,13.7954,13.323,15.3393,15.525,15.0534,14.661,15.3052,14.2764,12.2853,15.8612,0
C-00251,3.4704,4.0901,5.2702,3.9075,4.9215,2.2897,2.9705,4.8058,4.2341,4.2128,5.2116,4.6151,2.8845,2.6806,5.2139,4.961,4.2886,5.1343,4.1247,4.5332,2.0018,5.4741,5.4301,5.8358,4.1158,4.7028,3.3476,2.9979,4.8797,5.6018,5.6584,4.367,4.7792,4.8105,2.2426,5.0956,4.464,4.5557,6.0994,4.8756,4.2181,3.3727,5.3902,6.819,4.15,4.8655,6.0596,4.6119,4.0556,5.1003,4.9561,5.014,5.5004,5.6171,3.589,4.5858,4.6017,5.2825,6.3869,5.1681,5.1372,5.0411,4.9196,6.317,5.2596,5.6378,4.7251,5.8036,4.5354,4.7973,6.1096,5.4786,5.9224,5.4465,6.0011,5.6571,3.9237,5.7302,5.7915,5.5282,5.6737,5.505,4.0441,4.9113,6.0233,5.8054,5.7237,5.1935,6.2972,4.6245,3.1659,6.486,5.4595,6.7208,5.4851,6.5888,5.1741,3.6372,5.4028,6.2318,6.8233,7.0393,5.5855,4.597,4.6651,4.9868,6.4121,6.1885,5.6151,6.3652,4.6406,3.9946,5.9133,5.2095,5.5969,6.0056,5.8069,5.628,4.749,6.519,0
C-00252,3.9106,3.2327,3.7831,3.1597,3.1828,1.5694,2.3252,3.83,3.3828,3.1734,2.6305,3.3947,1.3359,1.6822,3.6996,4.2238,3.6612,3.872,3.6626,2.9903,1.6034,4.2167,4.7438,4.9187,3.8952,4.212,4.2262,3.2879,4.3805,4.4793,3.5325,3.8973,3.6389,2.2159,3.4938,4.2566,4.0406,5.0827,5.1998,4.3702,3.6775,3.1978,4.4407,4.428,4.0923,4.1304,5.0943,3.4862,4.0434,5.028,4.7892,4.3609,4.1507,4.5887,3.7355,3.2646,4.1663,5.1942,3.3071,5.3376,5.7852,3.5929,4.5195,4.8542,3.9499,5.1433,4.2967,5.553,3.6137,2.7384,6.2552,4.4933,4.0046,5.6449,4.5059,3.2325,4.2501,5.897,4.8089,3.9375,4.7843,4.7939,4.1584,4.1739,5.2399,5.4936,4.5572,4.8859,5.0178,3.4483,3.5002,5.0503,3.9041,5.156,6.4617,5.9009,4.563,4.5056,4.4573,5.6586,5.5565,4.3557,5.09,4.2168,3.7448,5.405,4.3983,5.6063,3.8913,4.8842,3.3078,2.7541,5.312,5.1698,4.7853,4.6711,4.7898,3.2324,3.1986,4.4093,0
C-00253,11.8124,12.1536,12.7547,11.8266,13.3936,11.1261,11.4707,12.1368,11.9528,12.9811,12.2752,13.3795,11.3491,12.081,13.5318,13.5808,13.3255,13.1558,13.3106,11.4051,12.1341,13.5711,13.5107,14.2106,13.4619,13.251,12.4253,13.1849,13.3505,14.4324,14.597,13.6049,13.1833,13.2354,12.1742,15.0797,14.2574,13.792,14.4143,14.5452,13.8128,12.9165,13.906,14.2003,14.5716,14.181,15.2399,13.2252,13.5567,14.4889,14.0548,15.2836,15.81,14.9345,13.3011,14.3,14.9107,14.6874,14.6054,16.1008,15.8187,14.4869,12.9011,15.5411,15.6052,15.9681,14.6604,14.806,13.9266,15.0443,14.7091,14.4427,14.9131,15.8019,15.4077,13.8722,14.4762,15.068,15.4562,14.2333,16.1181,15.133,15.2693,13.8101,16.0807,15.5335,15.385,14.4957,15.1147,15.025,14.3873,15.8391,14.2401,14.9767,15.27,15.0013,13.9353,15.4436,15.53,14.2941,14.9007,15.4349,15.4799,14.1561,13.6966,15.1576,15.5639,15.6638,15.4757,15.0422,14.5758,13.5814,15.2362,15.652,14.2667,14.9825,15.4008,12.8828,13.5538,13.8946,0
C-00255,7.0557,7.3001,7.8786,7.8367,7.1199,5.5139,6.2507,8.1133,7.0817,7.2941,8.3716,7.7753,6.0824,6.6197,8.3511,7.3439,8.724,8.6113,8.2525,6.9331,6.6375,9.3735,9.0976,8.8384,8.1884,7.7578,6.9069,7.3782,8.2703,8.0959,10.2802,9.2507,8.3843,8.8332,8.971,10.3958,9.0946,9.6506,8.2075,8.8152,7.3091,8.0283,9.8456,9.666,7.9055,10.0168,9.23,7.9389,8.32,9.8286,8.5269,9.5173,9.4243,10.0112,8.558,8.7589,9.3019,9.8781,10.7937,10.8234,9.9216,7.2848,8.832,9.1649,11.2994,9.3845,10.9369,10.0416,9.1898,9.2799,9.1495,10.3605,8.7239,10.4755,10.8786,8.6746,8.1727,9.7001,9.9535,10.234,10.3936,9.8206,8.9349,9.1577,9.683,9.6774,9.7453,9.2421,10.3112,8.6745,9.5703,10.1552,11.2483,10.1619,11.2598,9.8271,7.8632,9.535,10.0989,10.1287,10.2086,9.9338,9.7303,10.2451,8.7825,9.7944,9.7773,9.9065,9.8202,10.2774,9.1637,9.6732,9.5357,10.4727,10.0302,8.561,10.7192,7.2392,9.4242,9.7664,0
C-00256,12.3402,13.7629,13.782,12.6158,12.4568,12.9368,11.471,13.6985,12.8671,13.9736,13.9249,13.4459,13.354,12.6593,13.1394,14.4676,13.3944,14.1729,14.2117,11.9585,12.8884,14.0188,14.5976,13.9478,15.1508,14.3503,12.8957,13.0767,13.7906,12.9427,14.6398,13.7171,14.2999,13.8504,13.538,15.1202,14.6154,14.5207,15.0129,13.224,12.8943,12.7553,14.9524,15.2448,16.0594,15.6224,14.3109,13.0496,13.8491,14.3819,14.5097,14.1193,14.8688,15.2375,14.0054,14.6334,14.6329,14.8898,14.8277,14.2901,14.5651,13.6526,13.617,14.1396,15.3557,13.8851,14.9158,14.5278,13.7856,15.0941,14.5989,15.3771,15.255,15.5957,14.7729,14.4181,13.8096,15.6096,15.2952,15.7327,16.4175,16.0423,16.2854,14.4029,15.6644,14.6123,15.5067,16.2617,15.2585,13.3554,14.1152,17.4723,16.278,16.0769,15.7254,14.3119,15.0046,14.9161,15.2512,14.5895,15.601,15.0658,15.7246,14.0925,14.1182,15.3538,15.6577,15.8805,15.1059,15.8831,14.8861,13.5841,14.7278,14.8085,15.6389,15.9835,15.7966,13.4183,13.6087,14.0887,0
C-00257,7.6593,7.1103,7.4851,8.351,7.7292,7.1372,7.5554,8.2196,8.7187,9.5762,8.1262,8.7677,6.807,7.0086,8.9378,10.473,9.1335,9.2584,9.6365,8.1575,8.4293,9.7765,10.0112,9.5426,7.9141,9.5199,7.4268,8.0282,9.1836,10.2728,9.7486,9.216,10.9908,8.8846,9.6377,9.4761,10.671,11.3075,10.0375,10.8403,9.544,9.8298,11.1683,10.8049,11.2171,10.5583,10.9566,8.5196,9.8422,9.7386,10.6582,11.1391,10.9502,11.7515,9.7423,9.0658,11.0288,10.7024,11.4973,11.1174,12.1092,10.2966,10.1393,10.8443,11.2186,11.4717,11.7092,11.1041,10.1266,10.9019,11.4162,11.5185,11.2619,11.1881,11.7729,10.32,9.8741,12.2155,11.33,12.1902,12.3647,12.1312,10.5374,10.9636,12.0552,12.22,11.0743,12.4629,11.4649,11.5857,12.1701,12.2918,12.1978,12.2303,11.7438,11.7927,11.3217,9.3918,11.2303,11.2941,12.9948,10.8621,11.4328,11.1911,9.895,11.6386,11.6508,13.0545,11.848,11.606,9.3189,11.2629,11.5455,12.0233,11.4786,10.6557,10.9698,10.841,10.8147,11.0796,0
C-00258,13.5808,14.6654,13.9413,13.7015,14.1326,14.476,12.3992,13.7181,14.0369,14.9257,13.8272,15.5554,12.4875,13.391,14.1567,15.836,14.8435,14.8829,15.255,12.4996,12.2024,15.0573,16.0741,14.2924,15.2132,14.9823,14.384,12.8748,15.0786,16.2094,13.9423,15.3623,16.1542,14.983,13.5302,14.8854,15.6481,15.6724,16.1839,15.8792,14.2962,14.6942,15.7743,15.2128,15.767,15.3671,15.7123,15.0181,14.5032,15.7853,16.3852,13.9734,15.7431,15.6685,13.0239,14.3654,15.2704,16.1756,16.1692,16.3824,14.5302,13.0208,13.4901,15.439,15.7062,17.0701,15.3729,15.1304,14.3364,15.0013,15.8763,15.9423,16.5401,17.0538,15.7636,14.6441,16.0817,16.4646,16.1818,16.3017,16.2344,16.3909,15.4843,16.7405,15.6851,16.101,15.8765,16.1381,15.774,15.7105,15.0853,16.8945,16.0409,15.9534,15.9814,15.2748,14.2501,13.7498,16.1022,15.5613,15.2234,15.4728,14.9006,15.6369,15.6081,16.5755,16.4218,16.3565,16.0202,15.9533,16.1066,14.8293,15.9023,16.2507,16.3899,15.8659,16.126,14.4886,14.6468,14.6676,0
C-00259,7.818,8.8122,7.5437,7.461,8.7983,7.6961,8.0213,9.2048,8.6265,8.928,8.9999,9.635,9.0171,8.0111,9.5198,9.0732,9.4249,9.0104,9.2588,8.0078,8.4549,9.5356,9.9749,9.7161,9.4946,10.7837,8.6999,8.8916,9.0041,10.0504,10.2007,9.8643,9.1982,8.7664,10.1577,11.567,10.2467,9.7065,10.7014,9.8357,10.0101,10.1102,10.7619,11.337,11.7023,11.106,10.5467,9.4914,10.1374,11.166,10.919,10.9836,10.6164,11.3299,10.8525,9.9164,13.0471,10.7037,10.7381,11.9593,11.8356,9.9197,10.0845,11.4112,11.8062,11.8033,10.4623,11.9054,10.5667,9.2176,10.8527,10.8709,11.5729,12.3553,12.3736,10.5258,10.7181,12.0391,12.5796,10.4702,13.3477,10.7346,10.0455,11.3115,12.4499,12.0018,11.3666,12.2479,11.7557,11.3117,10.3044,11.7094,11.9877,10.777,12.6822,12.3838,10.6963,10.6949,11.5789,12.0235,11.5678,12.4563,11.8476,9.5938,11.9269,11.3796,11.2922,11.2257,11.4913,11.0493,9.7606,9.8809,12.5592,12.6488,11.5901,11.1266,10.4265,9.1726,9.648,11.2169,0
C-00263,6.7772,6.8468,7.1165,7.7768,7.256,6.3683,5.5633,7.6265,6.4447,7.0679,7.2245,6.3196,5.2956,5.2955,6.194,6.6382,6.7634,6.6664,7.3135,5.2851,6.0452,8.3378,7.1981,7.1682,7.7403,7.881,6.0056,7.0714,8.4904,6.6798,8.3972,7.2468,5.91,6.0755,6.5994,6.975,7.7744,8.1812,8.0489,7.1366,5.6519,5.5669,7.116,7.3826,7.9039,8.5304,7.7998,6.8792,6.7782,8.1078,7.2254,7.4505,7.9764,8.0012,6.6706,5.9289,7.5493,7.9893,7.9464,8.5,8.3119,5.7829,6.2046,8.5103,8.1753,7.936,7.6078,8.5296,5.9245,7.0966,8.3929,8.5302,7.5908,8.2701,7.4526,5.8673,6.3275,8.2759,8.3413,8.2898,8.0889,8.1219,7.4042,6.0996,9.0478,7.4854,8.8682,8.123,7.956,5.6939,7.2097,7.578,8.1672,8.3268,7.6736,8.2833,5.4693,6.7908,7.6452,8.4297,8.1076,8.4393,7.3535,7.4111,7.6112,7.7503,8.1306,8.4975,6.9943,8.3772,6.7245,6.016,8.0941,8.4678,8.0146,7.3684,8.0083,5.4928,5.6479,6.9789,0
C-00264,12.1773,12.1082,12.5346,12.6332,13.2387,11.317,12.1405,11.6216,13.5719,12.9812,13.3209,13.8733,12.1516,11.8312,12.4946,13.3983,13.4583,13.7872,13.1465,13.3621,12.3355,13.2335,13.6452,13.5344,13.0914,14.4752,13.7551,12.6259,14.0197,13.3349,14.4413,13.253,14.5412,11.3002,12.3764,13.9957,13.7373,14.4061,14.4512,13.9758,12.2226,13.1391,14.628,13.5717,14.094,14.4253,14.9948,12.7882,12.9346,15.0572,15.2733,15.1452,13.9229,14.6758,13.3607,14.5107,14.7939,15.7333,14.4143,14.8676,14.4237,12.5923,13.8179,15.4645,14.875,15.8456,15.2382,15.2686,14.2912,13.9613,15.1016,14.3467,15.0273,15.8488,15.007,13.9814,14.9556,15.1534,14.6971,15.2273,14.6966,15.002,14.9148,14.8086,15.4211,14.9531,14.4196,15.7321,15.3063,13.4476,14.8189,16.3275,14.857,14.6287,15.8163,15.4631,15.039,13.5068,14.6979,15.0038,15.0996,15.4763,16.0353,13.4452,14.6395,15.7858,14.3507,15.7444,15.9645,16.2706,13.5279,14.1104,15.0348,15.7461,14.9402,13.1361,15.8075,14.4046,13.7921,14.542,0
C-00265,5.6153,5.9032,6.2288,6.7434,4.3379,4.0104,4.6242,6.1338,6.0334,5.9972,5.9257,5.8135,5.8107,5.5192,6.8038,5.9985,5.1064,5.7098,6.2925,4.2733,5.8695,6.1205,6.2497,6.8621,7.4852,7.1473,5.3898,5.6958,6.8162,7.2323,6.1824,6.2807,6.6795,4.9709,5.3458,6.3748,7.5068,6.5473,7.1129,6.9963,5.0946,5.821,6.5699,8.0434,7.3311,7.3234,7.1941,7.8594,4.9892,8.028,7.5574,7.6641,6.9303,7.3977,6.5745,6.1935,6.7414,6.3138,7.6449,6.3557,6.2986,6.3988,6.372,8.2398,8.6472,6.9309,7.2359,7.3184,5.5019,5.5244,7.5193,7.2065,6.4383,7.7881,7.5426,5.9756,6.0726,6.8883,7.0664,7.7211,8.1971,6.389,7.1863,6.0351,7.1056,7.674,8.6853,6.239,6.7849,5.2398,6.2336,7.8709,7.4077,8.5836,7.1948,7.1897,6.8452,7.0208,7.3322,7.7071,8.0931,6.8643,7.5934,6.4278,6.8666,6.9457,7.2862,7.344,7.3662,6.8736,5.7891,6.1519,7.1685,7.3712,6.7807,7.6035,8.4074,5.5906,7.0326,6.7068,0
C-00267,13.7812,12.9022,13.6701,13.0134,13.124,12.9716,11.6421,13.1092,13.5602,13.7928,13.4032,13.8153,11.6502,12.8352,13.3379,13.5307,13.2836,14.0274,13.835,13.603,13.328,13.6508,15.8974,15.0379,14.8035,14.5991,12.3596,13.7455,14.7001,14.9038,14.841,14.4064,15.3408,13.3465,14.4958,15.1012,15.1533,15.1928,15.975,15.0282,13.8887,15.4392,15.5522,15.4935,16.4969,16.1325,16.0646,14.4262,13.2831,16.3091,15.3806,15.4632,16.8132,16.2138,15.6964,15.1662,15.6886,15.9439,16.1175,16.9339,15.7572,15.173,14.8911,16.7112,16.6129,16.786,16.7276,16.2887,14.5758,16.0432,16.2333,16.6384,15.5723,16.1057,16.6995,15.1578,15.2307,16.9792,17.2855,17.7619,17.0185,16.7297,15.6706,15.4667,16.8168,16.7736,16.8172,16.3164,16.9042,15.1971,15.476,17.6747,17.0129,17.3988,17.0702,16.7317,14.8681,14.9062,17.2672,17.5448,17.1189,15.9342,17.1424,15.6646,15.5248,17.642,16.7579,17.2993,17.4322,15.9046,16.0508,15.6645,17.221,16.6094,16.1178,16.1138,16.5198,14.3565,14.7192,15.7528,0
C-00270,13.8751,14.8249,14.6132,15.1492,14.0822,13.1489,12.9621,14.035,14.6318,14.7623,14.3777,14.8651,13.7794,11.8731,15.4207,14.2409,14.4997,14.3661,14.1467,12.4135,13.5862,15.4996,14.8102,15.3161,14.3614,15.3009,13.2955,14.3908,15.3675,15.4285,14.9506,16.2994,14.7424,14.5442,15.1175,15.8225,15.5125,15.3906,15.1566,14.7588,14.8945,15.2915,16.3209,17.1783,16.114,15.6184,16.2204,14.3876,13.8533,17.3872,15.7845,16.7118,15.1604,15.3021,13.899,15.2648,15.9465,16.2754,15.8508,15.5987,16.4961,14.2903,14.279,17.2091,17.2336,16.7318,16.9091,17.5062,16.1524,15.6229,15.8702,16.2945,17.1257,16.579,16.4268,14.5414,14.4281,16.5393,16.085,17.1308,17.2947,17.1678,15.5364,16.476,15.9046,16.8638,16.5768,17.2533,16.193,15.1944,16.5493,16.2924,16.7778,16.1162,16.0839,16.6675,15.7403,16.1419,15.8119,16.1331,16.8935,16.8305,16.7919,15.3212,14.8618,16.4801,17.8365,16.5761,16.908,16.2101,14.6127,14.1542,17.5563,16.5612,17.2766,16.3917,16.998,14.407,15.0288,15.8555,0
C-00273,2.545,3.6865,3.9211,2.4447,2.696,0.6319,2.3233,3.3344,3.7246,3.5318,3.4558,3.3565,2.4531,3.7022,4.0502,3.704,5.1173,4.4365,3.5119,4.2842,2.5503,4.4215,3.9408,5.346,2.9691,4.5389,3.6885,2.8392,4.8641,4.4571,6.077,5.8708,5.9067,4.1618,3.9055,3.9859,5.0319,4.5781,5.4829,5.3977,3.2434,5.2241,5.9247,5.6855,4.8487,5.3901,6.079,4.564,3.925,5.6316,6.7183,6.1722,5.661,7.2422,5.0458,3.8166,5.5037,5.9829,6.4639,5.6136,5.9671,3.3563,3.8337,5.8243,6.2249,6.8289,6.5632,6.493,4.4638,4.1414,6.0693,7.1521,7.0699,5.9278,6.4969,6.1028,5.2208,6.5642,5.997,6.4514,6.4762,6.7421,4.3455,4.7001,6.9548,7.5785,5.7882,5.6891,7.036,5.4008,5.7732,6.2324,6.9236,6.3561,6.5083,6.2077,4.0329,4.9521,5.8073,6.3189,5.6437,5.0527,6.2799,6.2044,6.3079,6.5607,6.9177,6.1799,6.3991,6.9726,4.4046,4.2235,7.311,7.2383,7.1328,6.3836,5.8492,5.7328,5.2443,5.8085,0
C-00281,9.2413,11.3389,11.0693,10.7884,10.6818,9.4168,7.9989,9.9373,10.9271,11.0821,9.5226,10.7959,9.1406,10.3495,10.9225,11.0445,9.7695,11.8962,11.1976,8.8028,11.0052,10.9753,10.679,11.2407,11.4957,11.0836,9.1468,9.9851,11.484,10.7797,10.5055,10.9998,11.6017,9.1684,9.7636,10.9965,12.0396,11.4687,12.1012,10.06,11.0657,10.0826,11.3792,11.0598,11.0195,11.4702,11.0762,9.977,9.2567,10.7524,10.8889,10.3743,12.1535,11.8152,10.339,11.664,11.9806,11.5976,11.5955,11.772,11.6622,10.4065,11.1241,10.8572,11.5553,11.388,12.4914,12.1362,10.2,9.0234,12.1854,11.934,11.6045,11.3569,12.0209,11.0177,10.8024,11.382,12.5092,11.745,12.1143,12.8759,11.197,10.7948,13.0592,11.8753,12.4684,11.6835,12.1661,10.5408,12.1854,11.4506,11.0837,11.2175,12.774,11.6576,11.0661,11.5262,12.3728,12.2106,11.7697,11.2287,11.666,10.5869,10.0172,12.4966,12.1867,11.655,11.4116,12.2288,10.4471,11.0954,12.3194,11.6628,11.1669,12.7831,11.5215,9.8878,11.4637,12.3194,0
C-00283,6.6678,7.3233,6.7706,6.2813,6.9245,5.9572,4.6004,8.2727,6.6254,7.9196,7.5122,7.5285,6.4183,5.9604,7.5127,7.7295,7.495,7.578,7.2845,6.8076,6.9323,8.1608,7.9321,7.4586,7.7118,8.7919,6.78,7.1259,8.8652,8.3494,7.801,7.6847,8.7823,6.7008,8.5325,7.9931,8.2692,9.3478,8.2645,8.7494,7.3684,7.4187,8.5502,9.7217,8.6978,8.6348,8.3527,7.5704,7.5346,9.5549,8.8483,9.6396,9.9803,9.629,9.1698,8.9912,10.5649,9.7368,9.5766,8.8296,9.6901,7.8278,8.4755,10.7004,10.3051,9.5799,9.5937,9.8301,9.0704,10.1514,9.7986,9.7486,9.0977,9.4962,9.4702,8.5704,9.377,9.9926,10.9549,10.2431,10.5284,10.9012,9.6526,8.1925,10.0615,9.8635,9.9693,10.0474,10.943,9.7107,9.0213,9.3558,10.9753,10.4825,10.58,10.0434,8.858,9.1047,10.4259,10.4101,10.4035,10.9689,10.8936,9.4982,8.3302,9.6466,9.5401,10.4983,10.1067,10.6848,8.8568,9.0395,10.1869,10.2788,8.6434,8.9208,9.5265,9.2261,8.2201,10.1741,0
C-00284,7.1312,5.5967,5.4456,6.0841,6.2321,4.6898,5.7912,5.7267,6.4271,7.6963,6.5782,5.7379,5.1071,5.4533,6.3197,6.3645,6.5917,6.7771,7.0711,5.9554,5.215,7.6806,6.9438,6.7121,7.1229,7.0735,6.0091,4.7044,7.3887,6.9657,6.4954,7.6533,6.926,5.7614,6.4375,8.3402,7.4559,8.0861,6.9736,7.5746,6.1315,5.5348,5.9082,8.4391,7.6961,8.0518,7.4806,6.7584,5.7255,8.4223,7.9544,7.6334,6.8905,7.6162,6.3765,6.6915,8.3258,8.5033,8.0951,8.2198,7.9803,6.7629,6.9874,8.3924,7.8516,6.6602,7.6609,7.9887,6.6063,7.5469,8.5687,8.3032,8.6466,8.6245,8.4402,6.915,5.8392,7.6699,7.9451,7.1262,7.5612,7.6022,5.7778,6.5192,7.2377,8.2851,7.9917,8.4157,7.8013,6.71,8.2162,7.862,8.4147,9.1032,8.4248,7.356,6.3112,6.3151,8.5157,8.1095,7.6329,7.3238,8.1154,6.2661,6.9298,8.2735,8.6856,7.7059,7.0805,8.5067,7.3332,6.4636,8.1181,7.3789,6.8847,8.3519,8.3222,5.7469,6.7179,8.2684,0
C-00285,13.7245,15.1182,14.5349,12.9343,14.6008,12.0942,13.4511,13.6277,13.2919,14.1597,15.0186,13.7371,13.5514,13.7898,13.099,13.2042,14.5593,14.8873,14.9226,13.2899,12.636,14.8029,15.2441,14.9451,15.3034,14.4967,13.5821,13.0344,15.828,14.8437,15.2991,15.1662,14.6378,13.8095,13.512,15.0019,15.1123,14.8372,15.058,14.8762,14.7358,14.5866,14.8678,14.2111,14.4806,15.1402,15.9144,13.2536,13.3269,16.4949,15.0306,14.3459,15.8953,14.9165,13.785,13.9949,15.7599,15.152,15.3961,15.4075,15.3749,13.7156,13.2058,14.4855,15.0713,15.5146,15.4307,15.6936,14.4752,14.9203,15.5505,15.9427,15.024,16.2125,15.5256,14.7458,14.3833,16.1019,15.4555,15.4363,15.5211,16.0644,14.411,14.9298,16.1877,15.4934,15.1493,16.7398,14.6157,15.0205,13.8626,15.5371,15.436,16.1381,15.5728,16.4639,14.3375,15.3653,15.2113,16.4808,16.6862,16.7063,16.3084,15.8105,13.4302,15.6652,15.6166,16.2324,14.9113,16.4393,14.7749,14.877,16.1341,15.8712,17.0624,15.6203,15.2181,14.905,15.6179,16.0246,0
C-00286,8.9674,9.4033,8.6436,9.0177,10.0008,8.5515,9.6711,10.0632,9.6503,9.3385,10.1354,9.4856,7.533,10.4262,9.7158,10.7786,10.6299,10.4306,10.5862,9.4649,10.0486,10.6436,10.7038,9.7944,11.3089,11.3783,10.1688,11.1142,10.4859,11.4488,11.4887,11.2918,11.697,10.0928,9.5272,11.7118,11.8965,11.5753,11.514,10.2539,10.3518,9.8802,12.786,10.9288,11.4514,12.0934,11.6535,10.7023,11.6808,11.5775,11.6848,12.0647,12.6415,12.2155,10.4369,10.8201,11.592,12.2213,12.7948,12.411,12.9515,11.4641,10.444,13.2321,12.5852,13.2333,11.6139,12.3828,11.807,10.4071,12.3749,13.0472,12.6666,13.9747,13.3527,12.0302,11.4352,13.0305,12.3188,12.8576,12.8916,12.7677,10.7877,10.1999,12.8832,12.8776,12.8981,12.8165,12.3492,11.7221,11.529,13.4656,12.4958,13.0238,12.4787,12.7,11.1936,11.3218,12.2458,12.1412,12.0823,14.0017,12.0043,12.0007,11.871,12.6667,12.4415,12.5743,11.8412,13.2273,11.4759,11.7986,12.8743,13.6339,13.6485,12.588,12.3668,10.1477,11.2843,12.9469,0
C-00287,10.8907,9.856,11.1022,10.1922,9.5416,9.1341,8.1514,9.7995,10.8458,10.6324,9.4669,11.3254,9.378,7.6857,11.4446,10.3568,9.7788,10.6177,11.7097,10.2684,8.8617,10.6013,11.109,9.8008,10.639,9.8517,10.2329,10.4358,11.3531,11.4689,10.9225,10.2041,11.1284,9.1926,10.2614,10.5565,11.2858,10.9681,10.0784,9.2814,10.6758,9.8772,11.1268,11.0863,11.3893,11.632,11.5315,11.1482,11.9865,11.7495,11.6956,12.2924,11.5451,11.9691,11.1113,11.0501,11.7384,11.8194,12.4594,10.792,11.972,11.4453,10.2027,11.6598,12.0061,12.3299,11.1592,12.0097,11.6712,11.456,13.0664,11.7132,12.7337,13.0979,12.8611,10.5114,10.9477,11.807,12.4049,12.1859,11.1832,12.1833,11.2649,11.4531,11.4632,11.0844,12.0607,13.0639,12.0534,11.3149,12.0533,13.4261,12.798,12.9189,12.2096,12.4708,10.3946,11.2846,13.0918,12.3666,11.9411,12.5466,11.577,11.106,10.5365,11.5661,11.6801,11.7305,12.7233,11.0367,10.8414,10.9445,11.9021,11.7564,11.4979,12.3879,13.6607,11.2384,9.9631,12.028,0
C-00288,6.355,4.6265,6.0978,6.3997,6.0147,5.5682,5.0571,7.52,6.5858,6.8339,6.3113,7.0167,6.3188,6.0404,6.9162,6.4225,5.7077,6.4277,6.47,6.0556,4.3922,6.6465,8.0572,7.4636,7.8878,5.9481,4.9521,5.4875,6.58,6.6871,6.9091,7.8877,7.0368,5.9494,6.6527,6.8124,6.7287,7.7406,7.8393,7.9183,6.9099,6.2821,7.242,8.175,8.3961,7.5803,8.8732,4.6475,6.1529,8.0849,7.6968,9.0269,8.1373,7.7297,6.359,6.2668,8.0756,8.9197,8.4778,6.9616,7.6678,6.5329,6.7896,7.26,8.8241,8.4814,7.8152,8.0154,7.9544,6.4388,8.7281,7.846,8.3664,8.6238,8.2789,6.0666,7.2607,8.4716,8.4132,8.8313,8.2449,8.1386,7.8776,6.5434,8.1422,8.1567,8.4303,9.2267,8.9312,5.8019,7.6449,7.5396,8.1256,8.4871,8.0823,8.6653,6.5038,7.0431,8.4232,7.8092,9.0094,7.5692,8.6756,8.3644,5.4176,8.4227,9.0112,6.92,7.9589,8.6075,8.153,7.4148,8.4766,8.1286,8.2503,7.1322,7.1569,8.3313,7.2236,7.9038,0
C-00290,3.2266,3.8421,3.252,2.9087,3.6212,3.4301,1.9893,3.8512,3.3212,3.8195,3.3486,2.9643,2.3213,2.9215,3.3182,5.0249,3.7231,4.3601,4.5195,2.0619,3.3608,3.7883,4.1773,5.6942,4.0059,5.1969,2.4278,2.9954,4.7509,4.6675,3.5169,4.135,4.5443,3.2156,3.2908,4.8824,4.8887,4.822,4.6308,4.5942,3.3517,3.437,5.8256,5.1081,5.9948,4.5628,5.3173,3.7012,3.4925,4.4622,3.9678,5.1525,4.8949,5.7171,3.9966,3.9857,5.4872,5.3659,6.2478,3.8778,4.8308,3.6102,4.9984,6.1472,5.344,5.247,5.2837,5.7265,4.4207,4.6368,5.0417,4.8395,6.2752,5.123,5.4291,3.7096,3.6272,4.0528,5.724,5.1755,5.4938,5.4293,3.6021,3.9917,6.083,5.3854,6.0481,6.4299,5.051,3.1296,4.2841,5.5794,5.9458,5.507,4.2836,5.3651,5.4929,5.4027,6.5849,4.3317,5.9899,5.0145,5.6229,4.6908,4.4562,4.4242,3.8193,6.5965,6.2855,5.4632,4.4045,4.5122,6.3663,6.1432,5.5744,4.5943,5.5464,4.2033,4.3905,5.5005,0
C-00291,9.3124,9.1097,9.1094,8.795,9.9851,8.8586,8.2428,9.8464,10.9146,9.691,11.0459,9.8425,8.7414,8.0273,11.3356,9.3818,10.2017,9.968,9.7942,8.6413,8.7858,10.1598,10.1227,11.4374,11.1203,11.1558,9.1405,9.7847,10.8105,10.2594,10.6346,10.304,11.5852,9.7918,9.5845,10.7628,11.2175,10.4174,10.2211,10.0671,10.65,9.4808,10.9305,11.0175,10.2819,11.7764,10.9699,9.5347,10.1033,11.6927,10.8351,10.295,12.1783,10.9044,9.5137,9.7167,11.3647,12.1852,10.7953,10.9594,11.8841,9.8459,9.8953,11.356,11.4173,11.0393,12.5891,12.3847,10.79,10.6893,12.4027,11.8996,12.0374,11.1959,12.6101,11.0891,8.9401,12.3766,11.2439,12.0718,12.3629,10.9297,10.1129,11.8124,11.582,11.5291,11.7364,11.5106,12.6786,10.1619,10.8268,13.4573,11.6774,11.9255,12.6399,11.8574,9.8474,11.0619,11.247,11.6854,11.6395,11.5345,11.8379,10.5313,11.0384,11.1281,10.9135,11.441,11.9854,12.1494,11.2366,11.0393,11.1784,11.8296,11.4664,10.6748,12.3953,10.8652,9.2905,11.7651,0
C-00294,12.2792,11.8249,12.611,12.761,12.1673,10.1711,10.3915,12.3369,12.6692,12.1066,13.1096,12.301,11.7323,10.2633,12.3896,12.633,12.3881,12.5082,12.8495,12.4409,11.3804,13.0529,13.1014,14.0836,12.2212,13.0627,11.0559,10.9446,11.7088,13.5126,13.3428,13.5831,12.1684,12.2143,12.5003,12.8238,13.0046,13.7261,13.4585,13.8678,13.5018,12.0838,13.8868,12.7456,13.519,13.4097,13.5447,12.4305,11.5572,13.3072,13.4779,13.2987,14.3832,14.4448,13.2388,13.3513,13.1864,13.0565,13.424,14.2902,13.9682,13.6736,13.2233,14.5956,14.0928,14.4088,14.1395,13.3575,12.9268,12.0616,15.2058,13.4969,13.5356,14.2701,13.4229,13.0778,12.4045,13.491,13.3438,13.3798,14.6851,14.7849,13.0052,13.5883,14.0682,14.0528,14.1775,13.5422,13.5859,12.9248,12.9417,13.2395,15.5006,14.7591,14.1612,14.866,11.7042,12.4484,15.0191,14.8533,13.525,14.2382,14.7367,13.356,13.4573,13.9087,13.8445,13.8434,13.4173,13.2217,12.2254,13.2071,12.6889,14.723,13.3619,14.2956,14.8083,11.7398,12.8908,13.3388,0
C-00296,7.0739,7.3664,7.7024,8.2045,7.418,6.811,6.0784,8.485,8.4714,7.538,8.6496,8.11,6.0322,6.3787,8.0926,8.1109,8.9045,8.3039,8.5698,7.7003,8.2149,8.3562,8.8537,8.4168,8.5516,8.9594,7.389,6.5826,9.2849,8.8907,9.9683,8.6541,9.8279,7.3265,8.1424,9.2621,8.7381,10.5293,8.9487,9.4406,9.1575,9.761,10.3639,10.3776,8.9505,9.8515,9.8769,8.7378,8.7819,10.8185,10.3428,10.6045,9.595,10.7652,7.929,9.1365,9.853,9.7774,9.4488,9.9757,10.7712,9.7372,8.9057,10.5329,11.1914,10.7615,10.4811,10.6374,9.2319,10.1467,9.7941,9.9471,11.3512,10.136,10.9857,8.7951,9.7166,11.4828,11.471,11.3528,10.5933,10.1751,9.2303,9.6886,10.7131,11.0647,9.7263,10.9467,12.0394,9.0524,9.4353,10.508,11.0427,11.1447,9.6761,10.384,10.1815,9.2922,11.4456,11.0418,10.9321,11.9931,10.6686,8.9973,9.5231,11.6381,10.9249,11.0275,11.8322,10.1849,9.5961,10.4531,11.2124,11.1028,10.865,11.15,9.2899,9.1404,9.4878,10.0467,0
C-00298,11.4465,12.0423,12.2703,12.1304,11.8648,10.0327,11.3646,12.0831,11.9388,10.9718,11.7393,12.5735,12.525,11.2509,12.5204,12.7024,12.5273,12.0711,12.7816,11.4315,12.0999,13.0314,12.2703,12.2229,12.852,13.3788,12.4466,11.1448,12.4781,13.5782,13.9422,12.6512,13.895,12.0182,12.0941,13.0544,14.0015,13.7529,13.7437,12.8737,12.8492,12.0741,13.892,14.6336,13.3506,14.7291,13.6974,13.4625,13.8733,14.1075,14.4237,14.4165,14.6738,14.8192,12.762,12.5509,15.0257,14.961,13.7484,15.4909,14.7277,12.2616,14.0483,13.6581,15.5546,14.3723,15.0604,15.5406,12.9439,13.9484,14.7075,14.713,15.3833,14.1437,14.3475,14.5072,13.4523,15.1168,15.1042,15.0488,15.5433,14.1825,13.539,14.6206,14.1604,15.0074,15.0094,14.7882,14.7756,15.2422,13.8855,14.9585,15.5108,15.1775,14.0224,15.2423,12.9711,12.6674,14.8971,15.8792,14.6764,14.415,14.8286,12.6315,14.4247,15.5441,14.2145,15.243,14.7611,15.4805,13.2968,13.1164,15.3379,14.6022,15.692,13.7602,13.6386,13.9047,13.2969,14.3059,0
C-00300,7.8235,8.6486,8.2409,7.4911,7.5829,7.3231,6.1281,7.6351,8.0351,8.5915,7.9383,8.4986,6.9212,7.2405,8.4829,8.3256,8.4212,9.1343,9.1822,7.2715,7.2089,8.4811,8.8274,8.2851,9.6959,9.9032,7.7647,8.2305,10.5441,9.1422,9.6168,8.979,9.6374,7.8513,8.4959,9.6391,9.2038,9.045,9.1387,9.4999,8.8172,7.6704,8.7278,8.9498,9.9478,9.6709,9.3874,8.4746,8.3497,9.3999,9.0244,10.0922,10.5159,9.2036,8.176,9.0714,9.8135,9.6152,8.8829,9.1478,10.961,8.0608,8.4494,9.531,9.9184,9.7835,11.1629,9.4878,9.8584,8.8399,9.5397,10.0532,9.2168,10.4438,10.0616,9.7744,8.5918,9.1418,10.1203,9.8471,10.2647,8.9606,8.3447,8.2457,9.0353,10.1645,9.0869,9.9905,9.5722,8.4107,8.9523,9.5636,9.9555,10.6352,9.5608,10.0743,8.586,7.8902,9.2399,9.9211,9.1311,10.4506,10.1046,9.2715,9.1656,9.8639,9.3833,9.8425,9.8923,10.6486,8.0522,9.2628,10.3661,10.237,9.6037,9.065,10.3617,8.8737,8.5347,10.3937,0
C-00301,12.2859,10.8975,10.8081,11.3239,11.0134,9.1658,9.8059,12.787,10.9148,12.7487,12.0958,11.0808,10.4508,9.8046,11.0799,12.7401,12.5195,12.1477,12.4994,9.4599,11.3043,13.0512,12.576,12.5838,13.0289,12.7255,11.3497,10.9316,12.9221,12.6115,11.6075,13.2359,12.3554,11.2148,12.2675,12.8819,12.0252,13.5836,12.3965,13.4252,12.3716,10.7068,12.9469,12.5022,12.1452,12.8891,13.6169,11.2313,12.102,13.2723,14.437,14.7174,14.3724,13.9082,12.446,12.6011,13.6124,13.8914,13.7088,12.8608,13.2367,12.9221,12.9647,12.8607,13.7122,13.8676,13.8301,13.0618,11.2684,12.6624,12.7435,13.3008,14.5805,14.3831,14.5302,12.2698,11.7204,14.0929,13.8603,14.6431,14.2486,14.1964,12.5126,12.8497,13.876,13.4753,14.0845,13.9874,13.3372,13.033,14.1006,14.2523,13.1915,13.911,14.3958,14.7477,14.0083,12.7785,14.8818,14.3687,13.632,12.8471,13.4334,12.0976,13.5409,14.258,13.0554,13.0363,14.0316,13.6609,11.8128,11.6909,13.8977,14.0039,13.8592,13.5124,12.6351,12.004,12.7587,12.5864,0
C-00302,8.5635,8.7784,8.9261,9.0751,8.3047,8.1927,7.7808,8.0542,9.2291,8.9628,9.5159,9.3049,7.5747,7.2542,9.23,9.6502,9.8226,8.9683,10.2922,7.1911,8.5628,8.8647,10.5427,10.2123,10.0977,10.2142,8.5616,8.2204,11.3027,10.3886,9.7075,10.1647,10.3207,8.8934,9.6616,11.1709,9.0692,10.4977,10.1539,10.7471,9.6787,8.9927,10.7605,10.7457,11.3099,11.9644,10.2961,10.8508,9.0666,11.3529,10.4036,11.17,11.3279,11.1337,11.0366,10.3741,11.9986,12.0752,11.3135,12.1955,11.4724,11.0134,9.9877,11.6601,10.6211,10.87,12.5468,11.8408,10.5541,9.9296,12.9857,12.5362,12.0466,11.0369,11.9847,10.3004,10.4041,11.8622,11.5325,11.4524,12.0605,12.5998,10.9496,10.6502,11.8108,12.7786,11.2601,11.6573,12.9919,9.022,11.1021,11.7269,12.1013,13.0512,11.897,11.9198,11.6272,11.6558,11.6425,12.8119,12.337,11.961,13.0431,10.3049,9.7172,12.2226,11.9032,12.587,11.787,12.1299,9.4151,11.2284,12.0853,12.2571,11.2735,11.671,11.4776,9.777,10.997,12.2772,0
C-00305,7.182,8.2832,8.1388,8.839,7.6108,6.3811,6.4809,7.6741,8.5031,7.8649,8.1922,8.1143,6.2654,7.1007,7.1767,9.2814,8.0311,8.6987,8.6172,7.6536,6.7213,8.2131,8.9773,8.9412,7.9152,9.066,7.2084,7.2964,8.8329,7.6923,8.4975,8.9759,8.3562,6.7608,7.2076,9.3965,8.65,9.2703,9.3157,8.4434,8.4771,8.3097,8.8,7.9774,8.4553,8.7315,9.9593,6.8446,7.5691,9.5031,8.805,9.6118,8.3088,8.3278,6.7295,7.3868,9.6066,8.7467,8.0698,9.2636,8.2134,8.3288,8.6386,8.6575,8.9299,7.7133,8.4441,8.6816,7.0516,7.1834,9.8392,8.2665,9.5012,9.5412,9.6241,8.6053,8.1198,8.857,8.5571,9.5245,9.0296,9.3882,7.6704,8.0493,9.7508,10.0594,9.8674,9.1485,9.3343,6.931,8.6513,8.7374,8.0874,9.4459,10.2987,10.3761,8.27,6.52,8.7596,8.7324,9.4992,8.6703,8.94,7.1959,8.4546,8.1657,8.8072,9.0932,8.6704,8.1761,7.1036,7.6182,8.3642,8.3688,8.6212,8.2086,9.2614,9.0503,8.4646,8.1467,0
C-00306,5.8202,5.8984,4.2751,5.5004,6.2935,4.4873,3.9356,6.4779,5.7488,5.8322,6.2554,6.6489,5.9941,7.5817,6.7774,6.9142,7.1171,7.2816,6.653,5.407,5.8706,7.2153,7.8369,7.7772,7.174,7.7209,6.3719,5.608,7.5491,7.6147,7.5781,7.8224,7.5197,6.7117,5.0259,8.5285,6.6926,8.4448,7.969,7.6446,6.7561,6.4288,7.555,7.5242,8.0006,7.9968,7.9019,7.5368,6.3389,7.4372,9.0507,7.1687,8.3825,7.3979,8.6946,7.7728,7.7912,9.6345,9.0283,9.3647,10.0109,7.598,7.2231,8.0736,8.6722,9.7855,8.3713,8.4814,8.4757,8.1653,9.4075,10.1421,9.1429,8.8569,9.5846,7.6707,7.861,9.4255,9.4192,8.9908,8.7074,9.9072,7.2532,6.463,9.5457,9.4108,7.8094,8.4234,8.9589,7.7969,7.9924,10.3474,10.0909,10.2948,8.791,9.1398,7.4777,7.5212,8.933,9.8909,9.144,9.115,9.7791,7.6513,7.5032,9.1359,9.7017,9.6161,8.4981,8.6884,8.2754,7.3284,8.7822,8.5922,9.6658,8.5468,10.4039,7.1979,7.5265,9.065,0
C-00310,4.701,3.775,5.0154,4.8188,4.663,3.6779,2.8664,5.4111,4.8273,4.8983,4.8909,4.898,4.6427,3.0042,5.3366,5.7933,4.3002,5.9156,5.9744,3.5419,3.1949,5.9572,5.9716,5.4067,5.6328,5.8803,4.2401,5.1071,5.2211,5.1521,5.8724,5.1042,6.6731,3.8116,3.7086,5.4005,6.2556,6.1036,5.6965,6.4022,4.9465,4.8498,4.9733,6.3318,5.0875,5.7686,5.6179,5.1301,4.8111,6.1075,4.4617,6.3435,5.6174,6.5515,5.6063,5.3229,7.1644,5.6537,5.7707,6.3464,5.3611,5.8256,5.7749,6.9094,7.3153,7.6475,7.2717,7.0731,5.9205,4.324,6.7959,6.4083,5.833,6.915,6.4372,6.3678,5.0183,6.795,6.955,6.3324,7.0407,6.7981,6.3431,5.5567,7.6256,6.3727,6.715,7.5264,6.5734,4.7327,5.3438,6.2457,6.2461,6.2944,6.9261,6.349,4.8921,5.9626,7.1741,6.706,6.3845,6.2629,6.7244,5.8029,5.3281,5.5959,7.5161,7.0658,6.0356,6.7631,6.2379,5.7349,6.3365,6.1161,7.7321,6.3864,6.6618,4.409,4.7527,5.3308,0
C-00311,6.7263,7.2085,6.7494,6.4928,6.9475,5.8751,6.3211,7.1876,7.2993,6.8908,7.5968,7.0676,5.7069,7.2643,7.8576,8.5699,8.4255,8.2834,7.9258,7.0767,6.7551,9.0278,7.897,9.161,7.5415,8.2471,6.8926,7.5376,8.3493,7.982,8.8735,7.9811,8.8276,6.9501,7.2921,9.1963,8.4097,8.2154,9.4946,9.0555,8.218,7.613,9.398,9.9857,9.7333,9.8518,9.6617,8.2688,7.3938,9.2348,9.6383,9.3455,9.6623,9.2603,7.9181,8.3052,9.643,9.1546,9.2986,10.2662,10.0481,8.4097,7.7522,10.1496,10.1762,10.3468,9.8992,9.7603,8.1425,9.074,9.7858,9.0274,10.6725,10.8424,10.2872,8.7929,10.1756,9.6807,10.3707,9.9177,10.0443,9.9647,7.5303,9.6883,9.926,11.0711,9.8213,10.3545,10.6176,9.0402,8.5191,10.6629,10.2921,10.8837,10.6313,10.5277,9.208,8.2511,9.8029,10.1631,10.3987,9.622,9.2617,9.6546,8.6477,10.1361,9.551,9.3802,10.4036,10.666,10.1498,9.7926,9.2477,10.7837,9.9575,10.202,9.7491,8.351,9.373,9.8694,0
C-00313,8.4069,7.3192,8.2022,8.3786,7.3071,7.1713,6.7703,8.3216,7.2059,7.412,8.6365,9.3002,6.7624,8.5287,8.2919,9.0484,8.2749,9.103,9.6013,7.4869,7.6783,10.1148,8.8298,8.4326,8.4313,9.5457,6.9939,8.3084,9.477,10.0533,9.7703,10.3231,9.8917,7.8591,8.6005,9.2776,9.0028,10.2606,9.3149,9.7831,9.1516,8.9392,9.9988,9.1434,9.1458,9.3879,10.7134,8.5003,8.7263,11.1024,9.6503,11.4189,9.8906,10.8167,8.4416,8.958,10.0531,10.4409,10.7077,9.5088,10.3333,10.3379,8.5488,10.5166,10.4684,10.8187,10.5445,11.136,9.8155,9.6759,11.6782,10.7478,11.4396,10.1381,10.5138,9.2767,11.5419,11.9959,11.2637,11.9718,11.1829,11.0475,9.5563,10.3227,9.7973,11.4081,10.1666,10.4274,10.2712,9.5142,9.859,11.1422,11.6311,11.5553,11.0571,10.8504,10.0322,10.299,10.8396,10.3888,10.9285,11.1985,11.3514,9.3182,10.4758,12.3699,11.2421,10.799,11.6834,10.8952,9.9733,9.0057,11.2641,10.1722,10.8399,10.486,11.5486,8.7803,9.8412,10.1082,0
C-00318,9.4713,10.3193,11.0606,10.3482,10.7976,8.8046,8.2769,9.6588,10.0528,9.6555,11.2996,10.4551,10.3018,8.3287,11.5904,11.6396,11.4064,11.0656,11.0615,9.9692,9.6986,11.4392,10.1888,10.5318,10.895,11.2888,10.0911,9.1151,10.9469,10.834,11.528,12.5985,11.7334,10.8788,9.938,11.737,10.9606,10.6007,10.3063,12.0637,10.6629,9.8544,11.7043,12.5087,11.2656,10.8981,12.7829,11.4382,8.6188,12.3781,11.2112,11.7109,11.3371,12.9418,9.759,9.955,13.0393,12.4168,11.6925,12.5936,11.747,10.8222,11.7218,13.0804,12.4613,12.7326,11.9062,11.9657,10.9414,11.5051,12.5283,12.6425,12.4813,11.8973,11.943,10.9106,9.798,13.0734,12.606,12.2921,13.4491,12.6094,11.9971,9.8275,13.0224,12.3054,13.0188,13.4428,12.8312,12.2319,11.9358,13.5292,11.4271,13.0708,11.1285,12.7686,10.4539,11.5724,13.2157,13.1005,13.659,11.8483,12.2989,10.8996,11.1065,12.8306,12.3556,11.8241,13.2401,12.56,11.7608,11.3751,12.3537,12.4934,13.1375,12.8356,12.0767,11.5745,10.3618,12.6433,0
C-00319,9.5552,10.2443,10.7876,10.1538,11.3435,7.931,8.3699,9.3556,11.1474,10.6824,11.2023,10.7706,9.93,9.546,11.7294,10.7378,10.2677,11.4295,10.6264,9.7933,10.3045,11.6705,11.8966,11.0433,10.3801,12.0272,10.3669,9.229,11.7267,13.0493,12.3715,12.9069,11.5351,9.8117,10.4517,11.5414,12.6236,11.207,11.2087,13.1366,10.4665,10.4176,12.0066,11.5251,11.094,13.3435,11.3694,11.4821,11.2337,12.1234,12.1433,12.6587,12.8432,12.6671,9.926,11.4526,12.1476,11.5885,12.7428,12.6827,12.6529,10.9933,11.7882,12.7434,13.1413,12.6554,12.8631,13.216,11.2291,11.2351,13.5519,12.6135,12.9184,12.4294,13.5436,11.1805,11.0135,12.9486,12.2057,11.661,13.5759,12.3553,11.2902,11.0612,13.1669,13.9214,12.5652,12.9499,11.9535,11.741,11.7634,12.898,13.1104,12.535,13.179,12.2825,12.2252,11.3982,13.7736,13.3009,13.3814,12.9648,12.8153,11.648,12.0868,12.5548,13.0474,12.9331,12.5915,12.6591,10.7819,11.1967,13.384,12.3135,13.1995,13.2799,12.7036,11.3286,11.1174,14.0067,0
C-00321,8.4639,9.1067,8.0247,9.5556,8.6181,7.9945,7.7191,9.0987,7.9691,9.9056,8.329,8.4543,7.706,7.9348,8.0571,9.7488,8.9397,8.4741,9.7908,7.7285,9.0877,10.3674,9.9128,9.1759,9.5175,9.4122,7.2427,8.7301,8.8619,10.2365,9.7468,9.9861,9.9897,8.6701,8.6266,10.2393,9.8218,9.8212,9.5397,10.5655,8.0718,7.4691,11.2038,10.1954,10.569,10.7592,10.7332,8.9956,9.7081,10.4768,10.1969,9.9669,10.8157,10.281,8.0232,9.5038,10.1915,10.12,10.3555,10.9794,10.7731,10.6639,8.2496,10.4199,9.7601,11.0646,10.027,11.3331,10.1651,10.6376,10.6589,10.7751,11.6723,12.1035,10.1192,10.275,9.6601,11.0247,11.5549,12.2493,11.2858,12.3844,8.5228,8.8618,11.6948,10.9223,11.6183,12.6601,10.2119,9.2877,8.8262,11.6068,11.6366,9.4505,10.9149,11.7704,11.4879,10.5138,11.0149,11.7219,10.9362,12.2521,10.1934,9.3386,10.2124,10.7261,11.2851,11.4459,10.8038,11.957,9.8701,8.9583,10.8952,10.6662,11.097,10.9428,11.3537,8.8987,9.7835,11.6422,0
C-00322,10.7064,12.6594,11.0885,11.657,11.8855,10.8699,10.7915,11.8986,11.5803,12.5935,12.1652,11.8415,11.6985,10.3836,11.1539,11.9657,12.6196,12.2696,12.886,12.2423,10.6454,12.287,12.0093,11.2951,12.1395,13.3275,11.317,10.5582,13.2475,12.8084,13.0956,12.1364,14.0773,12.3418,11.6123,12.1682,13.2436,14.318,13.3157,13.6179,11.4384,11.9926,13.7663,13.7937,13.7894,13.3852,14.6887,12.91,11.9507,13.9424,12.6826,13.7667,14.1009,14.0663,12.7064,13.472,14.5558,15.0289,13.8957,14.5939,13.6917,12.8001,12.5314,14.0389,14.4774,15.5118,14.6564,14.3057,12.593,12.7993,14.6615,14.7877,14.5969,15.357,15.3543,13.4278,14.0471,15.1416,14.5404,15.0154,13.5888,13.8043,13.4617,12.8289,15.0207,14.7245,14.1279,13.8676,14.6644,12.93,12.0393,14.4641,14.4773,14.8773,14.2708,14.1027,13.1298,12.9548,14.7204,14.9511,14.7355,14.5459,14.4576,12.8241,14.8388,14.6125,15.3981,13.6051,14.5777,14.495,13.0116,13.1523,14.3494,13.049,15.1271,13.5166,14.595,13.0054,12.5714,13.9354,0
C-00326,7.8111,9.0147,9.0569,7.8399,8.4624,7.4289,7.8704,8.6287,8.3773,10.0889,9.1312,10.2545,8.5342,9.3879,9.6771,10.9903,9.5577,8.5695,9.9802,9.6371,8.0799,9.9937,11.0825,10.1664,10.3083,10.3396,8.7442,9.8777,11.2638,9.875,10.6833,9.9403,10.2754,9.6536,10.022,10.3826,10.208,10.7506,10.7149,11.6293,10.9776,9.619,10.5647,11.2554,10.3373,11.9807,12.1293,10.4568,11.0174,11.3933,11.4951,11.2485,11.5686,12.0093,10.1964,10.0245,12.4141,11.956,11.0071,11.1152,12.8516,11.5831,10.4844,12.1416,12.5777,12.0049,11.1095,11.8724,11.9183,12.3764,11.9517,12.0889,12.3416,12.8585,12.8954,10.1794,10.8854,12.7901,11.3858,12.7001,12.1946,12.5948,10.1351,10.6163,12.9639,11.0505,12.4068,12.9942,12.0093,10.3124,11.6589,12.4118,12.5776,11.5243,12.181,12.3421,10.478,9.4387,12.0728,12.7986,11.3891,12.706,12.2962,12.1594,11.5199,12.7256,12.5684,12.0083,13.2379,13.0473,10.671,11.5581,11.9171,11.3908,12.0578,12.5193,11.4217,9.7602,11.1734,11.8014,0
C-00327,5.6045,3.8193,3.9334,2.8567,4.2156,3.6302,4.5453,3.9409,4.8925,4.591,4.4182,4.7243,3.3975,3.6941,4.4993,5.4131,4.8033,4.9106,4.3246,3.3377,3.0929,4.4373,5.6351,4.6771,5.5468,5.3018,4.2134,4.4682,5.3013,4.7406,5.844,4.3113,5.4184,4.3582,4.2796,5.1284,6.0373,5.9077,5.2541,6.3505,4.4953,4.174,4.8764,5.5024,5.0348,6.4231,5.7869,3.3992,5.6705,4.9583,6.3236,6.7106,4.9523,7.1054,5.0998,4.205,6.179,4.674,5.4424,6.2801,6.5029,6.2065,4.7378,6.8403,7.5954,7.9244,6.9287,6.8895,4.7561,5.2189,6.1408,6.4998,6.9534,6.694,6.5379,4.3453,4.8729,6.7204,6.2408,6.2834,6.6984,6.6306,5.4463,5.356,5.9327,7.0195,5.8638,6.5188,6.8829,4.6261,5.6198,7.3939,6.8672,7.0158,6.1262,6.2205,5.1549,5.6128,5.3833,6.4848,6.5378,7.2614,6.5542,5.5876,4.0208,6.3759,6.7501,5.9413,5.9964,6.0579,5.669,5.8335,7.0434,6.4642,6.4743,6.057,5.9482,4.7807,5.1211,5.9211,0
C-00329,4.4391,3.7478,4.2008,3.9397,3.7726,2.9017,1.8207,3.842,4.039,5.207,2.7822,4.2284,2.7353,2.7247,3.7651,4.41,5.1311,5.3475,3.317,4.4782,3.075,3.8685,4.3507,5.4003,4.6618,4.475,3.3547,3.3534,4.4339,3.9653,5.7163,5.8531,4.7532,3.2601,3.6326,6.2701,5.7539,5.2923,5.471,5.7139,4.597,4.4954,5.6998,5.8936,6.065,5.4475,6.1961,4.2704,4.8164,5.2892,5.7123,6.1173,5.6981,5.8922,4.6463,4.4427,6.3805,6.6519,6.0058,6.1638,6.1606,5.42,4.0123,6.5087,6.3819,5.6911,6.4351,6.4058,5.2108,5.2215,6.8998,5.8103,5.4338,6.536,6.3836,4.9508,6.285,6.6024,6.9808,7.1495,6.6429,6.5457,4.1748,5.0781,6.5636,6.8227,5.834,6.2496,7.0148,4.4922,4.8133,7.1097,6.5121,6.4673,6.3987,5.6319,6.6108,5.6046,5.6488,6.3533,6.5841,5.9842,5.8276,4.6598,4.9171,8.5273,5.956,5.7112,6.7329,6.299,4.8376,4.1695,5.7538,6.5331,6.0222,5.6963,6.511,4.3391,5.6613,7.0369,0
C-00330,8.2992,8.2772,8.6461,7.9391,8.4136,6.3712,7.619,8.7294,7.9267,10.2012,9.4668,8.8003,8.1735,6.6953,8.6232,8.4206,8.4655,9.0568,8.4299,6.1899,8.2365,8.9581,8.9456,9.7745,9.4763,9.4823,7.9405,7.0646,10.0056,9.4701,10.1162,10.1539,10.0095,7.5875,8.1949,9.9834,10.7421,10.1294,9.4446,10.015,9.3458,8.421,9.2916,9.2154,11.2695,9.8193,11.4578,8.2538,9.2115,10.0178,11.0466,10.4674,10.8233,10.2482,8.6842,8.8501,10.6462,10.4891,10.4064,10.3534,10.1048,8.5652,9.3879,10.3206,10.2841,10.1361,11.1504,10.7835,8.9453,9.3715,10.116,10.1582,10.5098,11.1636,10.566,9.3509,8.7505,10.434,10.5104,10.6102,11.557,10.3075,9.4926,9.7161,10.8707,11.2667,11.2122,11.752,10.8055,9.7928,9.9585,10.5855,10.4892,11.1671,9.9373,11.4048,9.3859,9.1307,11.1583,10.214,11.5957,11.0943,10.3702,9.369,9.2668,10.1488,11.5295,11.0174,10.9711,11.3439,9.7507,9.2619,10.8113,9.868,11.4322,10.4799,10.0412,9.0603,8.4079,10.6364,0
C-00331,12.497,12.8311,12.1309,12.6577,12.9918,11.3828,10.9838,11.8837,12.7909,12.1477,11.5029,12.6624,10.3006,11.1148,12.3069,12.8154,12.5433,11.3936,12.2478,10.9187,11.8147,12.5482,12.0464,12.9785,13.3467,13.715,12.0005,12.2266,13.7102,13.2204,12.8782,12.6565,13.8565,11.7344,10.931,12.9333,13.1098,13.224,12.6769,12.8808,10.9691,11.3349,13.3162,13.0897,13.4397,13.0357,13.6385,11.6873,12.5943,13.872,13.9818,13.0335,13.8941,13.241,13.2016,12.6177,12.9002,14.0477,14.6234,13.6139,13.8858,11.9385,12.5466,14.1707,13.0908,14.3754,13.7497,13.7952,12.0879,12.3514,13.9035,13.5438,13.9346,13.2169,13.7379,12.4766,13.3155,14.3508,13.676,13.448,14.2124,13.6583,12.1052,13.6298,12.8039,13.478,12.8594,12.3894,13.174,13.6566,11.9633,13.2494,14.0813,14.1904,13.9981,12.7657,11.5023,11.2734,13.0932,12.7207,14.0469,13.1921,13.3985,13.7275,12.0439,13.4623,14.0538,13.4159,14.2057,12.728,12.7141,13.7231,14.2457,12.7958,12.4596,13.2811,13.7036,11.8332,12.0781,14.0541,0
C-00332,12.1944,13.4167,12.6916,11.677,13.1166,11.2836,11.6568,13.0802,13.387,12.9882,13.3202,12.8236,11.4948,12.3262,12.8921,12.7519,14.2256,13.4534,13.2383,11.4409,11.9702,13.1253,13.3939,14.4912,13.243,12.8096,12.0339,12.5281,15.3283,13.5543,14.0064,14.0992,14.7666,12.3354,12.9596,14.5515,14.7207,14.1927,14.4843,14.9813,13.6127,13.2328,15.5372,14.8327,15.5478,14.5235,14.7479,14.3288,13.9052,15.9407,15.8984,15.2294,15.2912,15.1723,14.7055,15.2427,15.473,15.7813,16.366,14.5254,15.4178,14.3089,13.3846,15.8457,15.2744,15.7068,14.9247,15.6934,14.961,14.5547,14.4221,15.1894,15.3167,15.4393,16.0387,14.3203,14.4362,16.6508,15.5268,16.149,15.0633,15.0788,14.2451,14.6488,15.3907,15.1681,16.7915,15.6966,15.6425,15.0514,13.4589,15.2201,16.7785,16.3011,16.0396,16.0028,13.7954,15.1463,17.005,15.9289,14.8631,15.3349,16.182,14.6217,14.4744,15.1285,14.5686,15.5216,15.4196,14.6752,14.7286,13.8941,15.1926,16.5889,15.1661,16.0879,15.5972,14.8884,14.2281,15.4137,0
C-00334,9.9242,11.0997,10.4584,11.6052,10.8601,9.5324,9.8119,11.8297,11.1296,10.4178,11.2157,11.0787,10.4592,10.0984,10.7065,11.2302,10.5043,10.7631,11.099,8.6594,10.3961,11.4598,11.6346,12.0443,12.5357,10.6606,10.8488,10.7825,10.1135,11.3953,12.0129,11.9276,11.6478,10.6034,10.1135,12.4293,12.4681,11.6582,12.7974,11.8923,11.3909,10.7975,11.6417,11.4695,12.3436,13.9637,13.2296,11.0568,10.4519,13.155,12.5577,12.551,13.0633,12.5854,11.2413,11.2903,13.0648,13.2131,12.3867,12.1839,12.7174,10.2689,11.9366,12.6659,12.3817,13.5311,13.1256,13.5924,10.6325,12.416,12.4029,12.974,12.3727,12.7836,12.6827,11.7303,10.5887,12.8234,12.7919,13.5645,13.6925,13.3648,13.109,12.7884,12.7863,13.2522,13.3662,13.723,12.8662,12.4113,11.6271,12.9449,12.6147,14.199,12.0041,13.4073,11.4862,12.0918,13.5921,13.3683,14.0623,12.2707,13.7824,10.6601,11.7273,12.5139,13.6659,13.2994,12.8326,13.9436,12.8255,10.9613,13.1571,12.1499,11.212,12.3595,13.8137,10.3676,12.6545,13.3746,0
C-00335,13.6898,13.4566,13.6333,15.1015,14.6026,12.0744,13.8047,15.0598,13.0832,14.2173,15.8616,15.4049,13.8064,13.1334,15.5445,15.0411,15.8351,14.8186,13.4901,13.61,14.3329,15.0167,14.4961,14.8855,14.3286,15.3308,14.7934,14.2712,15.2117,15.7516,16.5029,14.7689,15.6383,13.6784,14.4119,15.5802,14.2677,15.1774,15.5945,15.2362,14.0075,13.7754,14.8046,15.7872,15.5242,16.2841,15.8676,14.9253,14.5326,16.0845,15.5008,16.2759,15.9541,16.1191,15.1524,14.0301,16.7496,16.9249,16.1862,15.5358,15.2333,14.9936,14.9204,15.9908,16.3232,17.2331,16.2393,17.4002,15.8283,14.4426,16.6706,16.6252,16.2252,15.8747,15.8012,15.4439,15.6916,15.718,16.0917,16.8363,16.8081,17.0103,15.215,15.3229,16.1426,16.7848,16.0133,16.3222,16.8085,16.1205,15.9382,16.9487,16.6442,16.0692,16.7195,16.6665,14.9915,16.1073,15.8572,15.9138,16.005,16.675,17.0236,15.0629,15.7162,16.5064,15.3317,16.1325,16.7633,16.5864,14.4562,14.8373,16.3686,15.5686,15.7022,16.5202,16.5058,13.7037,15.1953,16.1579,0
C-00336,6.945,6.8224,7.0058,6.603,6.1779,6.4593,4.7737,8.1971,6.9752,7.1795,8.1672,7.1853,4.7682,5.3079,7.2786,7.2851,7.3678,6.6717,7.6805,6.1496,6.1015,7.2657,8.1127,8.3008,7.9157,8.3948,6.4526,5.9294,7.7501,7.5272,7.7194,8.852,8.0154,6.3198,6.0692,7.5809,8.5727,8.977,6.9759,7.6095,6.1125,7.5758,9.6122,8.889,8.1645,7.7089,7.7815,6.9567,6.9799,7.8951,8.6262,7.9353,8.7768,8.463,7.0689,7.973,9.887,8.8488,9.3212,7.9282,9.1734,5.8609,7.8584,9.3038,8.5638,7.8159,8.1268,9.0107,7.8107,6.9555,7.3137,8.4323,9.2647,7.9539,8.8916,6.3541,6.8269,8.4993,8.5596,9.5574,8.7113,8.5931,7.7262,7.2601,7.8068,9.418,7.5249,8.6952,9.5754,8.3094,7.9597,8.8734,8.9073,9.2277,7.6201,8.2505,8.182,7.3355,8.881,8.7274,7.4066,8.8612,8.8363,6.8739,7.0142,9.4288,8.454,8.1883,7.8885,8.859,6.6063,7.6205,7.7,8.2761,8.2254,8.4328,8.7319,7.3767,7.8917,8.3681,0
C-00337,9.4551,7.6384,8.3383,9.1131,8.331,8.2119,5.7956,8.646,7.6094,8.7362,8.476,8.6411,8.3687,8.1415,8.6468,8.9862,9.3873,8.5078,9.5584,8.9217,8.1918,9.7532,9.196,9.4424,8.9588,9.7942,9.0631,9.1732,9.7407,9.7823,10.1917,10.4345,10.251,10.1783,9.6992,9.9669,10.2787,10.3695,10.5882,10.5435,8.7974,9.6783,9.8221,10.6553,9.9414,10.674,10.2902,8.8021,8.9606,12.4087,10.3769,10.5977,11.1865,10.6969,8.9457,9.3,11.6506,11.3002,10.3034,11.3237,11.1639,9.7339,9.3912,11.8307,11.4924,11.4034,10.612,11.7509,9.5605,10.9113,11.6575,11.1193,11.616,11.3298,11.7113,9.9519,11.3162,10.8611,12.1826,12.6279,12.099,12.054,9.5429,10.0507,11.9974,11.1559,11.501,12.667,10.8661,10.2676,11.4495,12.1799,11.5981,11.6701,12.412,10.949,10.7425,10.6528,12.2821,12.2846,12.2988,11.687,11.8066,10.0157,9.8734,12.3843,12.0045,11.8346,11.1748,12.4001,9.4725,9.8964,11.0193,11.4933,11.6958,11.447,11.763,9.8235,10.6332,11.818,0
C-00340,4.4181,3.5973,4.9341,3.6496,3.9032,3.8661,3.2748,5.358,3.3605,4.3356,3.7485,5.7697,2.9008,3.992,4.6244,5.7478,4.4678,4.9241,4.7691,3.6014,3.083,5.5491,5.0889,5.761,6.1036,5.3213,4.3126,3.9397,4.7429,4.8726,5.3675,5.1195,4.8485,3.4135,3.0442,4.8369,5.3229,5.1471,6.0585,4.9128,4.4193,4.1045,4.6724,5.3359,5.2716,5.4478,6.1217,3.603,3.4981,5.0247,5.5368,6.164,6.8824,6.6894,4.3372,4.4073,5.8197,6.3137,6.4072,5.9687,7.3245,5.0988,5.7428,5.7802,6.4199,4.9388,6.3692,6.3043,4.2961,5.6763,5.575,6.3761,6.2055,5.7265,7.2832,5.0671,6.3001,6.1522,5.8119,6.1452,6.1328,6.6903,4.7137,5.2296,6.0915,6.0693,5.9517,5.6485,6.2667,6.2349,4.5798,5.7949,5.4378,5.3056,6.0635,6.551,4.2493,3.4561,6.997,4.5115,5.8804,5.6944,5.5549,5.0866,4.1423,5.0319,5.4577,5.9928,4.9085,5.7507,4.3549,3.6856,5.5161,6.6161,6.5155,6.666,6.483,4.7128,5.5879,6.4324,0
C-00342,4.1104,4.2179,4.9714,5.6569,4.3271,4.4002,3.0453,6.289,5.2978,5.2337,4.4482,3.9122,4.3047,4.3559,5.0241,5.275,5.3401,4.9114,5.9603,5.3135,4.0713,6.032,5.8255,5.1173,6.6284,5.4856,4.8175,4.4073,5.8845,5.6104,5.8435,7.3867,6.4277,5.1086,5.497,6.5268,6.7448,7.1686,6.4329,6.309,5.2933,6.1084,6.4112,6.3715,6.6035,5.5732,6.5631,4.8038,5.7598,6.4488,6.5275,7.1185,7.4823,8.5545,6.8097,4.0049,6.8102,7.0061,5.457,7.4442,6.5357,5.871,5.7619,7.083,6.691,6.7702,6.3796,6.8127,4.9241,5.7719,8.1957,7.9846,7.2669,6.6017,7.5123,6.0088,6.7262,6.2133,6.9712,7.1871,7.4495,7.8651,6.321,6.5845,8.4507,6.9765,8.1644,8.4802,7.1411,6.9869,6.3705,8.1172,7.4154,7.2561,7.4767,7.3634,5.6866,6.2824,6.8691,7.5477,7.0069,8.5801,7.7856,5.4713,5.2799,7.0298,7.4585,7.1588,7.9029,7.4562,6.5722,6.8689,6.3285,8.522,7.7971,8.0766,7.259,7.0385,6.1429,7.0289,0
C-00343,3.8523,3.61,4.5533,3.6445,4.4815,2.7838,3.1421,4.4299,5.1724,4.6904,5.19,5.292,4.0525,4.3817,4.6048,5.2734,5.6186,5.0023,6.3543,4.0568,4.3368,4.7483,5.1928,5.6427,5.0234,6.4664,3.0398,4.8289,6.2253,6.5704,7.0199,5.29,5.857,3.8002,4.1472,6.8303,6.0585,5.6777,5.5071,5.5421,5.4593,5.742,6.2361,6.6975,6.7353,7.1757,6.9947,6.0656,6.7523,7.1475,7.303,7.8656,7.37,7.0132,6.0961,4.939,7.5983,7.4322,7.6299,7.5194,7.2125,6.2389,5.291,7.377,6.7785,7.6748,7.1877,7.6084,6.1651,7.2835,7.5181,7.9368,8.8607,7.5331,8.1138,5.8271,6.1572,8.7206,8.8674,8.3804,8.1113,8.5609,7.2063,7.3869,7.4856,8.1197,8.6245,7.2718,8.0744,6.3105,7.0794,7.5893,7.9055,7.8576,9.0638,8.9112,8.0855,6.3331,6.8706,8.8084,8.2805,8.6049,7.6847,6.9896,7.4072,8.1872,8.3586,7.7604,8.357,7.8808,5.8177,6.0452,6.7002,7.7671,8.7179,7.7275,7.4848,7.2338,6.2476,8.1577,0
C-00345,9.4557,9.345,8.9434,9.0016,8.5426,7.3592,8.6803,9.2526,9.0693,10.0188,8.5488,9.8539,8.9068,7.3374,9.4732,10.8785,10.6819,9.3554,8.758,9.1883,9.8613,9.7262,9.6607,10.2288,9.7878,10.0081,8.8958,9.3395,9.3351,9.7894,9.5846,9.4354,10.6878,8.9509,8.6049,9.8535,10.1022,10.2044,10.4251,9.0603,8.9502,9.6212,10.5404,10.2608,10.775,11.3348,10.5736,8.6142,9.9434,10.885,10.3906,10.6854,9.4002,10.8053,7.6961,8.7179,11.8338,10.6406,10.978,9.9715,10.6635,8.5244,9.7517,10.4364,10.7856,10.1775,11.2314,10.2044,9.4265,8.8226,10.5214,11.1236,11.218,11.2101,9.8537,10.5307,9.5234,11.3196,11.4415,10.4282,10.5715,10.7051,10.2605,9.2041,11.0068,11.6515,10.426,9.936,11.4782,10.3635,8.5939,11.6309,10.3652,11.4557,10.859,9.8141,9.4399,9.5638,10.4269,10.5366,11.0761,11.3973,11.1176,9.6069,10.0359,10.3882,11.5194,10.1136,10.6781,9.9235,10.1543,9.6283,10.2903,10.2333,10.4625,11.2733,10.6055,10.4536,11.1285,10.2857,0
C-00347,8.0936,7.6399,7.4129,9.3481,8.2128,7.7106,7.9179,8.2242,10.147,8.5643,8.8046,8.1734,6.9107,7.3002,9.4527,8.6293,9.0477,8.438,9.1743,7.2472,7.6024,8.3483,9.7242,8.7649,8.5339,8.5853,7.8233,9.1441,9.3659,9.0535,8.5675,8.2853,10.2481,7.2319,8.5086,9.0627,10.2869,8.6889,8.6282,9.1102,7.2308,7.5564,9.9783,10.0328,9.3867,9.7167,9.4805,8.2489,8.7127,9.0048,9.472,9.3578,10.0239,10.0683,8.8427,8.0135,10.5174,9.7357,9.188,10.1875,9.5584,9.2649,8.4369,10.2359,10.2211,8.784,9.2965,9.5716,8.3721,8.6902,9.9896,10.4319,10.4537,10.7994,10.0284,8.1782,9.4413,9.8877,10.2645,10.7888,10.9201,10.6467,10.2691,7.7876,10.8225,10.439,9.3664,10.3337,10.3737,8.7632,8.9408,10.0889,10.6496,9.6514,9.4397,9.7975,8.4007,9.7487,10.1531,10.0225,10.3749,10.6512,9.6979,9.9728,8.6149,8.8241,9.4018,9.5375,9.6367,9.4753,9.5368,8.4356,10.5433,9.3798,10.7416,9.2417,10.7959,8.6783,8.872,10.036,0
C-00348,7.7816,8.7436,6.7601,8.4954,7.9884,6.8906,7.0819,9.2365,8.1384,9.8003,7.5773,9.1062,7.6234,8.1366,7.8051,8.1896,7.9847,8.6066,9.2031,7.1022,7.2699,8.5483,9.4301,10.4326,9.5575,9.7338,7.4524,8.1669,8.1792,10.0096,10.2951,9.6327,10.1988,7.7187,8.3801,9.7084,9.7896,9.1717,10.7107,10.1059,8.971,8.2295,10.522,9.9866,9.817,9.808,9.6166,8.7826,9.1112,10.9195,10.8239,10.8192,10.1798,9.9123,8.3407,8.4639,11.0001,11.3073,10.0466,10.7138,11.4545,9.9522,9.4209,10.6737,10.921,10.9332,10.9709,11.5189,8.824,9.8575,11.1563,12.045,10.5973,11.6912,11.5866,11.3081,10.0974,9.9206,12.0287,11.0583,11.1306,12.2351,9.8358,11.292,10.7919,10.0269,11.0821,9.9647,11.4214,10.722,10.2933,11.0507,11.1407,11.2018,11.6188,11.45,10.6019,9.4738,11.4516,11.5397,12.0499,12.4822,9.647,10.5297,9.5285,11.262,10.2792,11.4928,11.1777,11.3924,10.3421,10.9485,10.7108,11.3852,10.6331,11.1313,11.3332,9.3914,9.3638,10.6597,0
C-00349,4.2811,4.6391,3.2191,3.7853,4.3387,1.7369,3.9271,4.1214,4.3029,5.2091,3.8973,4.5615,2.8058,3.1262,3.5604,2.7787,4.9397,3.7585,4.0084,2.8104,3.6711,5.7827,4.5067,4.5652,4.3876,4.0975,2.104,2.9077,5.4082,5.0015,5.2618,4.6126,4.0098,4.2637,3.1052,3.9359,4.5731,5.275,5.2638,4.3662,3.7804,4.1552,4.9203,5.6817,4.9038,5.7809,4.665,2.8516,4.7138,5.4132,5.3546,4.442,4.4593,5.1691,3.1951,3.8916,4.5069,4.8963,5.0606,4.9992,5.3122,3.9447,2.8358,6.2631,4.9376,4.1329,5.2414,5.7441,4.5582,4.0682,5.1633,5.8409,5.1627,5.249,5.7125,3.6565,5.1969,4.7058,5.9086,4.7493,5.6292,4.8983,3.4716,4.4122,5.1247,5.617,6.3776,5.1346,5.4566,5.218,3.991,5.0434,4.2028,5.5072,4.9631,4.9579,4.5521,4.3244,6.221,5.67,4.0983,4.8769,5.4932,2.7891,4.0928,6.0136,5.4304,5.503,5.7489,5.2665,4.3219,3.1857,6.0479,4.6322,4.979,4.7794,6.2222,4.2303,4.157,5.094,0
C-00352,9.8159,9.4949,10.5826,9.7876,8.9952,9.1338,8.6874,10.2974,10.2468,10.4875,10.2138,10.3662,8.2758,9.7839,10.6064,10.4111,10.3455,10.6559,11.687,9.3378,10.5968,11.2824,10.5425,10.3397,10.8166,11.4507,9.8868,9.8857,11.5312,11.2663,11.8213,11.6602,11.7565,10.7094,9.6285,11.5771,10.2638,11.7293,11.1538,11.2134,10.6493,9.7093,11.4003,11.6346,10.8346,11.8979,12.6452,10.2403,10.466,12.1853,11.6199,12.1517,11.6624,12.2273,10.5,11.2598,12.8984,12.1022,12.4651,12.6233,12.835,11.081,11.0532,12.9075,13.5808,13.2786,13.0612,13.1553,10.1821,12.4346,12.3089,12.0725,11.8374,13.1111,12.0677,11.513,10.3562,12.3149,13.167,12.3175,12.3183,12.262,11.516,10.9571,11.9982,12.3525,12.8275,11.943,12.5914,11.0889,12.2644,12.0035,13.6953,12.8145,12.4642,13.0314,11.9715,11.0126,12.4792,14.4872,12.196,12.3961,13.7918,11.875,12.3257,14.1618,12.6353,13.5214,12.4056,12.4244,11.3606,11.753,13.6368,12.1216,11.461,12.7875,14.1503,12.2826,12.5869,12.5238,0
C-00356,14.3267,14.5579,14.4839,14.0169,13.851,13.1465,11.5695,14.1953,13.6889,13.1307,13.9834,14.2296,12.7404,12.3063,13.4157,14.9589,13.5969,14.3527,14.7009,12.5217,12.6996,13.9844,13.5282,13.886,14.2966,15.1754,11.7579,12.8244,15.6708,14.9791,14.0469,13.8472,15.134,11.8114,13.516,14.3103,13.3775,14.8636,15.3984,14.0452,12.3529,13.0243,14.7243,14.145,14.2487,13.4668,14.8299,13.7826,14.4095,14.161,15.0905,14.5377,14.2357,15.2532,13.1914,14.082,14.6143,14.5709,15.3163,13.3665,14.6992,13.7352,12.4069,15.2753,15.6055,14.2288,13.9531,14.35,13.7076,13.4421,15.1528,14.5087,14.3192,15.2669,15.2904,14.201,13.7275,14.6644,15.0967,14.3044,14.7083,14.1229,14.1259,13.1065,15.1792,15.5078,15.1657,14.8579,14.9282,13.0963,12.9959,15.5443,14.8049,14.0949,15.2888,14.2024,12.8396,14.5319,14.4837,14.5391,14.3461,15.2701,15.6233,13.9723,14.7978,14.1802,14.4518,13.9401,14.4052,15.4367,13.0196,11.8739,14.1481,16.0829,14.2265,14.6694,15.4147,11.8638,12.4529,15.3373,0
C-00357,5.5066,4.6006,5.2142,5.0774,4.3504,4.1295,4.3281,5.1607,4.7592,4.8597,5.9692,4.8147,3.847,4.0428,3.8349,4.4646,4.6846,5.2526,6.0044,4.7578,4.2508,4.9719,5.781,4.4133,5.8807,5.985,3.8989,4.7226,5.5079,5.8725,5.8667,6.2889,4.8789,4.8558,5.4624,5.133,5.9846,5.9632,6.2073,5.5419,3.3394,4.2436,5.5105,5.9048,6.4104,5.6359,5.9869,4.1107,5.7077,6.5427,5.5995,5.8685,6.7842,4.1162,4.1617,5.7272,5.5925,6.8237,5.9904,6.0736,5.944,4.5156,5.8167,6.569,6.6484,5.9291,6.6749,7.1283,4.6823,5.4979,7.3759,4.8076,5.0962,5.9754,5.9561,3.8384,4.3932,7.5543,6.8386,6.0569,6.0463,7.0063,4.949,4.5475,7.1587,7.1477,6.7041,6.717,6.2041,5.5549,3.8546,6.1359,6.4112,6.1243,5.8114,5.6906,5.1484,5.1311,6.3837,4.9097,6.8112,6.1997,5.612,4.2428,4.5373,5.1815,6.3486,6.0927,6.4096,6.5558,4.6511,4.9083,5.7052,6.5082,5.7171,6.6619,6.1001,4.0016,4.8651,6.493,0
C-00358,9.5039,10.6211,10.0331,10.8692,10.4453,10.4561,8.8733,11.0076,9.6835,11.2424,10.927,10.8968,9.179,9.3864,12.1556,11.2995,11.9878,11.9315,10.7356,10.0506,9.0294,10.9115,10.6117,11.7352,11.6168,11.7212,9.3736,10.1771,11.3939,12.3803,11.9351,12.1922,11.3138,10.8803,10.7586,11.1723,11.3992,12.194,12.0909,12.0257,10.5704,11.1852,12.2325,11.7075,12.1868,12.704,13.0734,11.2583,11.9349,13.0772,13.755,12.302,13.1656,12.3894,10.2002,11.9764,13.0,12.9271,13.2232,12.4144,13.7905,12.302,11.6421,12.2825,12.6785,13.262,13.6703,12.839,12.4699,12.9154,12.7849,13.121,14.1288,13.3581,13.6193,12.9419,10.5216,12.8483,13.016,13.572,12.6923,12.8902,12.7367,12.481,13.9413,13.6385,12.9078,12.9054,14.6746,12.8038,12.371,14.1753,14.1303,13.1242,13.3709,13.7733,10.6699,12.9049,13.4592,13.0176,15.2571,13.3867,13.8872,12.6768,12.1664,13.1851,13.1229,13.9529,13.1417,13.6685,10.8657,11.3309,13.5651,14.0369,13.3156,13.6286,12.6537,11.0481,12.4973,12.8466,0
C-00359,4.4593,3.6588,4.0963,3.7156,3.052,3.0443,2.3121,3.2925,3.9411,3.9589,3.8101,3.1959,2.7737,3.097,4.1779,4.5879,3.9319,3.6443,4.4123,2.2555,2.7965,4.6966,4.2006,4.6987,4.9224,4.9148,3.4233,3.1676,5.5008,4.4299,4.4216,5.5933,4.3235,4.6424,4.8124,4.5861,4.5862,4.4705,5.3552,5.4953,4.454,4.7273,4.3043,5.3784,4.8722,5.8563,4.8259,3.9232,3.208,6.037,5.0263,4.5856,5.0542,4.5834,2.503,3.6574,5.8343,4.2411,5.6567,5.3886,6.2036,4.5903,5.0917,6.1227,6.6633,5.1512,5.8491,4.6808,3.5579,4.0837,6.1069,5.4497,5.4385,5.6463,7.0653,5.0419,4.1342,5.6294,6.0363,6.2063,5.797,6.9946,3.6072,4.6837,6.7497,6.5841,6.0602,5.2116,5.4978,4.917,5.7182,6.3706,5.5547,5.4575,6.9262,4.4795,4.6811,4.4979,5.322,5.735,5.2414,5.0695,5.3997,3.5535,4.9985,5.5322,6.055,5.1539,5.2731,6.2901,5.5361,3.6083,5.4262,4.8923,5.8256,5.7574,6.4371,4.4762,3.8305,5.3463,0
C-00361,13.3631,13.5452,13.531,12.8099,13.3139,13.4463,11.4793,13.5854,13.9671,13.1849,13.9496,12.9516,12.4178,12.478,13.744,14.3999,13.0121,14.3335,13.7118,12.5293,11.9349,13.1645,13.4124,14.9264,14.3827,13.8361,13.887,12.1758,12.9982,14.3797,13.6495,13.9148,13.7059,11.4003,12.1701,14.5132,13.7835,13.5174,15.2208,14.8276,14.0547,12.7207,14.7161,14.8094,14.004,14.7426,15.8998,13.3452,13.2914,15.0606,14.0408,14.0208,13.9216,14.5125,12.8134,13.8996,14.5576,15.0851,14.9213,14.7575,14.6615,13.8988,13.2484,14.6685,15.3809,14.5287,14.1454,14.6247,12.9672,12.9812,13.911,14.6679,14.9675,14.5055,15.4158,14.3497,11.782,14.9083,14.5827,14.8357,14.707,14.1839,14.4961,12.5355,15.7624,13.9133,14.6329,16.0771,15.3045,12.706,14.6641,14.6821,14.7386,15.0291,14.9886,14.7665,14.108,13.7,14.1277,14.8052,14.547,14.8748,14.9766,13.2633,13.4243,16.0532,14.0319,13.3668,13.999,14.3754,12.6669,12.3992,14.6259,14.2901,14.3493,14.7462,14.1689,14.6618,14.0505,14.5958,0
C-00363,10.1817,11.2367,12.0011,11.545,11.901,10.7286,10.6634,10.6604,11.0932,12.492,11.0475,12.5711,10.8723,10.7521,11.6326,11.6269,12.1783,12.2372,11.9366,11.4485,10.883,12.1872,12.2592,12.4608,13.1878,12.5023,11.1856,10.1598,12.4979,12.7563,13.3694,12.5352,12.7795,11.4562,10.457,12.254,13.3484,13.1369,13.3103,12.7099,12.5303,11.2121,12.3114,11.1714,12.8781,13.2303,12.7913,12.6993,13.0695,13.1747,13.2359,13.0099,12.7875,12.8348,10.9519,13.0179,13.0861,15.182,13.9411,13.9315,13.3644,11.611,12.1872,13.5775,12.6644,12.7522,13.503,14.1571,10.9437,11.9226,14.4083,13.4561,14.6898,14.2007,13.7735,12.1262,12.8018,12.7683,14.2451,12.9767,13.1278,13.9623,11.9726,12.5884,13.8914,12.5066,13.3504,13.9715,14.0404,12.4081,13.7439,13.9042,13.4622,13.9415,14.251,13.2532,12.1174,13.4856,13.4752,13.8249,13.4504,13.291,13.7886,12.9324,12.6644,14.3245,13.6544,12.5522,13.0915,14.292,12.807,12.0258,13.6655,13.7744,13.6083,13.39,14.1972,13.6585,12.2735,13.0436,0
C-00364,11.2145,10.6018,11.4565,11.1068,10.7661,8.9212,8.868,11.2854,10.9124,11.3292,11.9948,10.8005,10.1888,8.7545,11.646,11.4775,12.2355,12.2326,11.8015,10.3415,9.8716,11.0654,11.3586,11.4145,10.9858,12.0326,10.9364,11.3614,11.7219,11.4064,12.0911,12.4078,11.6564,11.039,10.0938,12.7039,12.729,12.0983,12.0471,11.6704,11.4194,11.251,12.2411,11.9462,11.5931,12.1723,11.5281,10.362,11.3198,11.4071,11.6769,11.9747,11.8467,11.6933,10.5843,11.4251,11.9941,11.7769,13.4191,12.2839,12.4523,10.7979,11.752,12.7726,13.3802,12.4293,12.0686,12.2951,11.5533,11.4329,13.6317,12.9773,12.8434,12.8915,11.7513,11.1742,11.1609,13.1637,13.7897,12.9944,11.7254,13.1085,10.9534,11.8661,12.6021,12.9101,13.5632,12.4406,13.0476,12.5299,11.6651,13.8347,13.6683,12.4288,13.3702,12.9442,12.6101,11.2126,13.0235,12.0277,12.272,12.9835,13.6789,13.0393,11.5156,11.5219,13.0934,12.3694,11.8023,12.4208,11.2383,11.3768,12.3272,12.9753,13.0991,12.9185,12.155,11.0212,10.9097,13.2011,0
C-00365,4.4344,3.2366,3.8849,3.9384,4.6364,3.624,2.9819,5.1451,4.1825,4.1891,4.3354,4.8634,3.9802,3.5822,5.1353,5.5539,5.4531,4.336,5.3716,4.2704,3.9147,5.8415,6.0819,5.6274,5.4178,5.3912,4.817,5.4543,6.1497,6.1678,6.7683,5.6061,7.0613,5.0691,5.0008,6.9711,6.1176,6.7388,7.3818,6.4054,4.1128,5.4318,6.5237,5.8902,6.3251,7.1764,6.5172,6.1943,5.5555,7.1029,6.7537,7.3271,6.8584,6.5058,4.5905,5.763,7.7251,7.7866,8.2664,7.2209,7.8641,6.0722,6.8764,8.4705,7.0653,7.02,7.8783,7.1922,6.506,6.9801,8.5793,7.408,7.0722,7.0121,7.9031,5.6428,6.437,6.7534,7.4776,7.2184,7.7063,7.0251,6.2462,6.7931,9.1924,6.7588,7.1741,9.2684,7.939,5.7717,6.6687,7.9898,7.8052,8.2412,7.2157,8.3896,6.4972,6.2841,7.0403,7.5432,8.4081,7.6498,8.2303,6.8565,7.346,7.2247,8.2521,8.3881,8.7902,7.6841,6.4365,5.8259,7.8648,7.2973,7.9368,8.8112,8.234,6.002,6.6212,6.5022,0
C-00366,9.7134,10.7327,9.9467,10.2127,10.7539,8.8563,10.0064,10.902,10.7376,10.0419,9.8712,11.3317,8.6517,8.6883,10.0601,10.3945,11.2643,10.5926,10.3171,10.0137,9.1445,9.788,10.3686,11.053,9.9281,11.2854,9.6693,10.7648,10.4719,10.7794,11.5089,9.8654,10.0656,9.824,9.4703,11.069,11.0673,11.2571,11.192,11.2709,10.313,11.0362,11.2838,11.0311,11.9356,11.5104,13.1457,10.6201,9.6627,11.9051,10.9974,11.0631,11.7897,10.8778,10.4065,11.4347,11.7648,11.0559,11.6295,12.0539,11.341,10.8337,10.0073,12.0921,11.3636,11.822,11.561,12.5125,8.9396,9.7148,11.8221,11.6734,11.3049,11.485,12.3627,11.0851,10.7096,12.1098,12.5128,12.1288,11.1102,11.0489,10.8748,9.5595,12.503,11.8762,12.0247,11.2537,11.7517,11.0953,11.657,12.8164,11.9485,12.3452,11.3711,12.0527,10.3334,10.811,11.8738,11.3469,12.562,10.8631,11.8391,10.6527,11.1996,12.4542,12.7879,11.7639,12.2027,11.2585,10.8123,10.9746,12.4692,11.4296,11.7874,12.7968,11.9722,10.6505,9.5628,11.254,0
C-00367,10.7314,11.6465,10.0853,9.6881,10.3485,8.9749,9.6191,11.3107,10.5065,11.1763,11.9299,11.101,10.5348,10.5053,12.51,11.8662,11.71,11.118,12.8533,10.563,10.3924,12.0952,11.7737,11.8315,11.8773,13.3156,9.8433,10.374,11.9299,11.2976,11.8471,12.156,13.116,10.3557,10.2077,12.8569,13.3046,11.6939,12.1132,12.4751,11.7328,10.5558,12.3037,12.0593,12.1894,12.6792,12.1758,11.5756,10.1489,12.535,13.5235,12.4663,12.622,12.7469,11.2089,10.8984,12.6006,12.8399,13.5424,12.9538,12.9913,11.3817,11.3536,12.3116,13.4689,12.9547,12.9445,13.6859,11.9164,11.3898,12.8336,12.3401,12.5086,14.0798,12.6263,12.4759,11.9433,11.757,12.3552,13.3175,12.9857,13.5769,10.6642,11.7425,13.2288,13.0011,14.0746,13.0552,13.0862,12.642,12.3231,14.2078,14.2818,12.7701,12.8718,13.5223,13.1109,12.8477,13.5519,13.3797,12.4213,13.6186,13.4996,11.7036,12.5188,13.9925,13.5124,13.4002,13.0275,12.8268,11.5399,11.4715,12.9643,13.5242,13.1322,13.59,13.4926,11.7965,11.7965,12.4064,0
C-00368,7.0007,6.5159,6.1357,7.4255,6.5328,5.3196,6.176,7.3734,6.6756,6.7016,8.1611,6.6249,5.5566,6.4762,6.5901,6.8998,8.1445,7.4956,5.4628,6.4984,7.0484,8.1156,6.9309,7.5537,7.6503,7.2826,6.1159,5.5143,8.3456,8.195,7.7792,8.0999,8.1253,6.3983,7.0444,7.0846,8.0831,7.2164,9.1791,7.5527,6.3857,7.953,7.4319,7.6065,8.4478,7.992,7.8542,6.8212,6.3567,8.4506,8.5402,8.1006,8.1184,8.4205,6.2894,7.3546,8.493,8.3005,7.5633,8.6873,8.4511,6.5675,6.8622,7.4438,8.6128,7.8326,8.4609,8.829,7.3524,8.1821,8.6133,7.1082,8.0393,8.419,9.0311,8.1409,6.6103,8.6078,7.4537,8.8767,9.5008,8.3631,6.2756,7.1395,8.524,8.1454,7.8863,9.2371,7.508,7.4955,7.3324,8.4051,9.5472,8.6052,8.0126,7.7278,7.0939,8.2042,8.3561,9.0405,8.3066,8.699,8.1071,8.0467,7.3969,8.5624,8.628,8.334,8.6115,8.4808,6.7278,6.265,7.5621,8.3601,8.1875,8.019,8.9336,7.8492,7.1585,8.1147,0
C-00369,4.3251,4.6412,4.6504,4.7633,4.1267,4.2361,3.0508,4.6947,4.2704,2.9439,4.4131,4.9716,2.7877,3.2293,3.8677,3.2045,4.9087,4.5825,5.0549,4.0804,2.4075,5.3521,4.7287,3.9453,3.5137,4.5326,4.5071,3.5228,4.8035,4.6283,4.4179,5.2911,4.4696,3.7716,3.6942,5.9049,5.0636,5.3739,5.2446,4.6802,3.9692,4.8686,5.1805,4.4635,3.9278,5.72,6.2089,4.5687,4.4739,5.3328,5.7182,5.5652,4.907,6.1679,4.1481,3.095,5.1261,5.1999,5.47,6.1235,5.9844,5.3304,3.046,6.2322,6.3824,5.6924,5.3035,6.875,4.3867,5.2622,6.4221,5.7312,5.9114,5.834,5.1307,4.4675,4.7739,5.6318,6.1054,5.4278,5.9062,6.6946,3.4704,4.8175,5.9996,5.7473,5.355,5.8318,5.9386,5.0484,4.9684,5.3235,6.0716,6.2768,5.8432,5.6058,4.9832,4.4766,6.04,6.5184,6.0416,7.1897,5.4095,5.3864,5.9016,5.7593,5.9118,5.0223,5.8024,5.6226,3.7273,6.3986,6.09,5.8296,7.3319,5.6748,5.7659,3.9532,4.4202,5.8435,0
C-00370,14.0169,14.0661,13.6974,15.8238,15.3525,13.7906,14.5538,14.6853,15.0205,15.7824,14.8184,14.6941,13.3505,14.1889,16.2108,15.4125,16.9378,14.8607,15.7846,14.7698,14.5342,16.4614,15.6714,15.2345,15.2814,15.6494,14.4964,13.8363,16.768,16.1634,15.874,16.447,16.2751,15.2536,14.4864,15.9824,15.1614,15.3214,16.0586,16.1649,15.2506,14.2588,16.8551,16.2077,16.5986,15.3007,15.5263,15.8547,15.3895,16.0233,15.8503,15.486,16.5685,16.7586,15.8767,16.3377,16.2981,16.4105,16.4089,16.9982,15.9049,14.8709,14.5838,16.055,16.0526,16.9197,16.6974,15.989,15.099,14.5439,16.0047,17.8424,17.4375,16.4245,15.7537,14.8337,16.9712,17.0231,17.3562,15.2497,16.6233,16.3647,15.2941,15.6443,15.8866,15.7166,17.2044,16.1148,15.8155,14.8773,16.0972,16.9148,15.7386,17.1529,16.1672,16.4479,14.7063,15.472,17.4208,17.5624,16.6534,15.9,15.9734,14.9732,14.0329,16.267,15.9378,16.7333,16.165,17.3797,14.8285,14.7685,16.8943,15.8207,16.8662,16.7112,15.9964,14.9755,14.5317,17.594,0
C-00372,13.9519,14.5655,14.4576,14.2627,14.1552,13.9894,12.4446,14.4338,14.5411,14.2125,14.0803,14.1206,12.9119,13.7626,14.3216,14.6089,14.7283,14.2909,15.7078,13.2009,12.5472,15.0084,15.7801,15.4614,16.3409,15.5541,14.4586,14.1039,14.9646,14.9395,15.4747,15.6955,15.1537,13.8864,16.1391,16.3602,14.9416,15.9491,16.8556,15.9718,14.1887,15.1337,16.2794,16.6323,15.431,15.8934,16.499,13.6934,15.4822,16.2893,15.3886,15.9159,15.8382,16.379,14.6175,15.2547,16.3601,15.7366,16.1746,15.4845,17.2452,15.7988,15.638,16.6751,16.6533,16.9427,16.5739,17.0609,16.3055,15.8858,17.0501,15.1755,16.5807,17.1682,16.9955,14.9267,16.3645,15.7295,17.5562,16.9309,15.6511,16.8064,15.9774,14.3102,16.7322,17.6663,16.547,18.023,16.4433,16.241,15.2987,16.9318,16.1974,17.9223,16.3919,17.0115,16.714,16.0249,16.6399,17.0928,16.7675,16.8872,15.7185,15.9431,15.4084,16.8927,17.7195,17.0508,16.0651,17.0408,15.8721,16.0929,15.9941,17.1462,16.7498,16.6597,16.9642,14.2977,15.9765,16.5395,0
C-00375,5.5154,4.5437,5.4387,5.2517,4.2168,3.3952,4.0572,6.383,4.7129,4.3316,5.5289,4.306,3.5078,4.9866,4.899,5.4868,5.3528,4.9591,5.2027,4.7811,4.1143,5.3774,7.0036,6.2954,5.7444,6.3635,3.4521,6.1149,5.5396,6.8963,6.1065,6.3965,5.6139,4.9564,5.0576,6.1088,6.8635,6.3173,7.7061,6.3276,4.6462,5.1456,6.4428,6.6525,5.7028,6.285,6.1751,5.4113,5.7003,7.1644,6.4281,7.5315,6.6902,7.387,5.9872,4.8111,6.5693,6.9501,6.8314,7.0673,7.2018,6.2758,5.4067,6.571,6.839,7.787,6.7052,6.5697,6.4776,5.6993,7.85,7.0117,7.0004,7.0127,7.5141,5.0572,5.5779,6.5485,7.867,7.0944,6.8717,6.5618,5.0414,5.1578,7.6493,6.5246,7.2614,7.5296,5.8061,5.9497,4.6759,7.3338,7.3909,7.2888,7.5336,7.4253,5.6659,7.7577,7.1906,7.8043,6.6845,7.4065,8.2434,5.7864,6.6939,7.0049,7.3272,7.2488,6.8112,7.7467,5.6042,5.8386,6.3155,7.2765,7.071,6.8139,6.3309,6.1074,5.4034,6.2959,0
C-00379,14.4275,14.0171,14.9809,15.5194,15.7428,13.2829,14.2082,14.6221,14.9534,15.9077,15.2349,15.6876,13.9327,12.9517,15.0128,14.5134,14.7238,15.5801,16.026,14.4848,13.8497,15.1081,14.2059,15.2234,15.0679,16.804,14.7761,13.7166,15.997,15.6647,15.2347,15.922,16.4309,15.6013,15.4049,15.3052,16.1268,16.2527,16.5491,16.2081,15.8633,14.1603,16.5933,14.4797,16.4487,16.1915,16.5969,14.8654,16.531,17.3636,16.0575,16.1792,17.0745,16.61,15.2009,15.1815,16.0964,16.3825,16.3299,17.3251,17.1249,15.8841,16.2148,18.3022,16.7078,17.3408,16.9209,18.2918,16.7324,16.7807,17.4503,17.2105,16.8244,17.0265,17.494,17.5418,16.6135,17.3787,17.1591,17.4745,17.4703,17.9608,16.8266,16.4355,17.0039,17.9712,18.8712,17.6839,16.8443,16.1429,15.7752,17.4488,17.2155,17.3641,16.7969,18.042,15.6268,14.8267,17.6794,18.0656,16.5857,16.85,18.5383,16.3335,15.6191,16.595,16.8334,17.4189,17.1745,16.1779,15.9353,15.5403,17.8099,16.6555,18.5983,17.2765,17.6544,15.3661,16.298,17.1863,0
C-00380,12.4454,11.9783,11.8798,12.4962,11.5642,12.8091,9.647,12.9012,13.1362,13.3608,11.8146,13.4704,11.8112,10.9981,12.9838,12.6838,12.7238,12.6788,12.6566,10.5498,10.9252,12.4412,12.428,13.2068,12.3846,12.3228,12.0443,12.196,13.4417,13.0134,11.8386,13.1375,13.4067,11.6345,11.146,13.2843,12.0299,12.8104,13.0392,14.0597,11.0562,12.941,12.8797,13.8437,13.4462,13.2549,12.9164,11.6915,12.1054,11.9868,13.4135,13.8603,13.0595,13.8769,12.4906,12.4023,13.7412,13.4619,12.3275,13.5705,12.5214,12.773,12.0345,13.1725,13.8914,13.0993,12.5778,13.0177,11.2688,11.363,12.772,12.6807,13.2983,12.5775,13.1508,12.9751,11.9778,12.8598,13.7193,13.3952,13.695,13.971,11.855,10.4896,12.8028,13.5159,13.9839,13.2588,13.295,11.5921,11.1692,13.7863,13.229,12.9938,13.6864,13.7277,11.0038,11.7257,13.5716,14.1987,12.6784,13.0085,13.705,12.4963,12.4842,12.5422,14.2822,13.7151,14.1794,13.4688,11.817,11.7573,12.2507,13.5759,12.901,12.5962,13.0926,11.1687,11.1551,13.3033,0
C-00381,6.7985,5.8703,7.3113,6.6895,7.4241,4.3053,5.7872,7.2147,6.8888,7.2526,8.276,7.7291,6.9524,5.7437,8.4283,7.3632,7.9705,7.463,7.5092,6.6959,5.4545,7.2815,7.1894,7.509,7.07,7.8881,6.6051,7.0494,8.5939,7.5133,7.2401,7.5166,7.8657,7.2011,5.9823,8.421,8.1706,7.4082,7.5996,7.939,5.0494,7.7604,6.6068,7.6106,8.1329,9.0259,9.3153,5.7835,6.3107,7.8767,8.1709,7.4313,7.7736,7.3433,6.7879,5.8393,8.5919,8.8182,8.6012,8.3086,8.6445,7.5069,6.6504,8.6044,7.5485,7.4053,9.1981,8.575,6.9514,6.859,7.5244,9.1193,8.6488,8.5365,8.7336,5.6438,6.9784,8.5871,8.5589,8.2144,8.9884,8.4578,8.1498,8.2794,8.7329,8.9588,8.7867,8.5498,8.2775,7.7775,7.4196,8.7016,8.7717,8.5441,8.0652,9.0382,6.2092,7.5072,8.1384,8.4774,8.8572,8.5299,8.5375,8.064,7.4168,7.7372,7.6906,9.2481,8.828,8.3944,6.343,7.3168,8.8342,8.7956,8.3345,9.3567,7.9103,6.7991,7.4677,8.2789,0
C-00387,12.5142,12.6625,12.3288,12.7251,13.0686,10.1429,11.1156,12.8397,12.6012,12.0429,12.6334,12.6227,11.3257,12.0773,12.9756,12.5392,12.8473,11.7773,13.2178,11.2211,10.8748,12.6591,12.5078,13.603,12.5537,12.0242,11.8763,10.4803,12.0282,12.5248,12.7993,12.0216,13.6666,12.8424,12.5011,12.44,13.2043,11.93,12.667,12.4632,12.2957,11.6275,12.984,12.6771,13.9717,12.3836,12.4701,11.6049,11.9657,12.3223,13.3119,13.8988,13.1463,13.3543,12.3236,11.343,13.3432,14.2879,12.8476,13.2581,13.5288,12.2953,10.6462,13.913,12.8764,13.4847,13.3847,13.0869,12.2403,11.4827,13.3611,12.8837,13.6349,12.3943,13.9033,12.1631,12.4338,12.973,13.119,12.7454,12.7242,14.1668,11.9312,12.8306,13.6335,13.2361,13.4502,13.4844,12.9739,11.221,11.4851,14.4899,13.5212,13.6911,13.9016,13.0794,12.6151,11.8284,13.3963,13.9377,13.0559,13.2277,13.042,11.6858,12.459,13.1392,13.3384,12.8788,13.6236,12.7509,11.9667,12.4294,13.2984,12.4929,13.5364,12.5191,13.5397,12.1783,10.7075,13.7664,0
C-00388,13.4325,12.2232,13.598,13.682,13.943,12.6566,10.8983,12.4756,12.2537,12.7591,12.8007,12.9038,11.8234,12.2714,13.434,13.1261,12.224,12.9237,13.6402,12.164,10.9908,11.0746,13.7313,14.1257,13.134,13.4539,11.3807,11.5199,13.185,13.623,13.5978,12.8747,12.7885,11.5184,11.6642,13.0391,13.3665,12.3712,12.5206,13.964,11.8762,12.9685,13.7028,14.0597,12.9959,12.9372,12.9626,12.5207,12.4124,13.7305,12.7891,13.3229,13.41,14.0393,11.5512,13.5005,14.5633,13.6656,13.3578,14.4797,14.0684,11.2633,12.5578,13.306,12.8543,14.5389,13.0825,14.1574,13.5127,14.0224,13.2083,13.8054,13.8333,13.9238,12.9001,13.1639,12.5313,14.2425,12.8752,13.9322,12.7238,14.3715,12.0702,11.3797,13.4518,12.6607,14.3131,13.7468,14.5729,12.0991,12.1804,14.1524,13.9336,14.5677,12.657,13.2792,12.867,13.0942,13.6549,14.0264,13.5498,14.326,13.3998,13.4167,12.7934,13.9009,13.688,13.8223,13.745,13.4765,13.1559,12.117,12.6103,14.0599,14.3655,12.6537,13.2916,12.6895,13.2481,13.3458,0
C-00389,12.8137,13.1434,12.9846,13.9663,12.7476,11.9529,12.3773,13.0883,12.4823,12.3576,13.9407,12.9076,13.1357,11.9047,13.3273,13.6554,13.5613,13.614,13.2274,11.937,12.98,14.2518,14.1375,13.8226,14.4549,14.481,13.5517,12.6111,15.1895,15.6037,14.6458,14.1221,13.8698,14.0936,13.2525,14.4375,14.8339,15.3833,13.8239,15.3443,14.7675,14.3917,14.4418,14.7845,14.5078,15.1097,14.1794,14.1545,14.0604,15.621,15.6933,15.0849,14.9204,15.4859,13.6981,15.409,15.7539,15.2386,16.3497,16.3521,15.791,14.3908,14.2974,16.5968,15.5206,16.304,15.2846,15.5237,13.7024,15.4314,16.25,16.9048,15.7013,16.5,15.885,14.1321,14.4697,15.8557,15.8745,16.578,15.789,16.126,14.9373,15.7767,16.5337,16.8417,17.0399,16.6739,14.945,15.5921,15.5332,16.3312,16.6688,15.8239,16.6278,16.0408,14.23,15.5369,16.0136,16.955,15.7377,16.4687,15.996,13.4112,15.3545,15.9485,16.073,16.1109,16.0515,17.0184,15.6414,15.1843,15.8566,15.4103,15.1132,16.2278,15.6538,14.2317,13.102,15.939,0
C-00394,14.0437,15.1401,15.3811,15.7629,14.8361,14.0664,14.748,15.364,15.591,14.8556,15.4913,15.6884,14.0257,14.0257,16.2019,14.1449,14.5107,15.5267,15.5196,13.4589,15.5688,14.9945,14.9693,15.3328,15.6396,15.5521,15.2057,14.8215,16.5068,16.6627,16.9547,15.3607,16.4378,14.1758,14.3743,15.987,15.7563,15.6586,14.9017,16.0311,14.1119,14.3535,16.4941,15.4269,16.5316,15.746,15.3189,14.6607,15.3068,15.9081,15.8012,15.9329,16.2831,16.0993,14.9613,16.2707,16.3306,15.9557,15.9698,15.6689,16.8279,16.4573,15.4149,16.4715,15.063,17.1405,14.9692,15.8534,15.2487,16.7001,16.0068,17.3466,16.1152,15.9835,16.2573,14.5815,15.2129,16.7569,16.8087,16.7748,15.9404,16.5502,16.0286,13.974,16.0391,16.4933,17.3845,16.8132,17.3775,16.1459,16.4996,17.2961,16.8861,16.0085,16.9482,17.1186,13.8329,14.8654,17.4301,15.7636,17.1549,17.414,16.6,14.5661,14.7165,16.6251,16.043,15.7125,15.9181,17.0543,15.9914,14.9986,16.385,15.8454,16.423,17.0476,16.0538,16.3174,15.7485,16.0777,0
C-00396,7.018,7.5892,7.6045,7.7147,9.0834,7.0737,6.4883,7.8185,8.0117,7.1125,8.0906,8.4838,6.2742,6.5485,7.8602,8.296,8.8189,8.1648,9.1266,7.6387,6.7784,8.2087,7.416,9.5675,9.0677,8.687,8.3446,7.193,8.4352,8.0155,9.2628,9.6392,9.69,7.4234,7.1746,8.8252,9.9612,7.872,9.4037,9.2503,9.1963,8.3265,9.7624,9.9359,10.3054,9.7916,9.811,7.8295,8.0774,10.5333,10.2784,10.1512,10.0888,9.3674,7.5325,8.4979,10.3294,10.0716,11.9576,10.9057,10.0944,8.8096,9.9969,9.9815,9.5656,8.8219,10.1717,10.6163,10.3264,8.7058,11.2723,10.0854,10.3132,9.7243,11.2177,9.0841,9.3328,10.9024,11.6319,11.072,10.8074,10.3892,9.8431,10.0174,11.1679,10.6986,11.1475,10.5042,10.3655,9.6847,9.3872,10.2077,9.2946,10.3351,11.5727,10.2592,8.4044,9.6136,11.0361,9.798,9.7214,10.1667,10.6254,9.4555,10.4366,10.0983,10.4651,10.3003,11.1126,11.3873,9.7083,9.3358,10.7948,10.38,9.7258,11.361,10.3056,9.99,9.1623,10.0339,0
C-00397,10.7721,11.5828,11.4501,11.7437,11.4542,11.1413,10.0788,11.5313,12.2512,11.5349,11.9703,11.4828,10.3901,11.1373,11.2653,12.08,12.2032,12.4898,12.1858,11.4889,11.3516,13.6247,11.1574,13.0727,13.1125,12.0886,11.8354,11.0392,12.7414,13.0359,12.785,12.9436,12.2181,10.1017,11.8278,12.4253,11.7099,13.2924,12.0746,13.6352,10.9966,12.381,12.6119,13.5284,13.5651,14.0681,14.1969,12.1912,12.2281,12.9416,13.5488,13.5474,13.1583,13.6143,11.999,13.4395,14.5322,12.9514,13.2098,12.114,13.9619,12.3067,11.9224,13.3396,13.5026,13.423,13.8811,13.7435,10.8362,12.5577,13.8565,13.4297,13.4523,14.9783,14.2115,13.7528,13.5345,13.8018,13.6698,14.3098,14.4259,13.7387,12.8405,12.7389,14.6461,13.7167,14.056,13.8733,14.61,12.5153,12.4277,13.6234,14.3977,13.5655,14.6022,14.064,13.547,12.3257,13.9691,13.8504,12.9311,14.8897,13.6487,13.4493,13.3942,13.4112,13.5628,13.7914,14.0315,13.0298,13.0579,13.3354,13.7445,14.3722,12.5635,13.1605,13.4409,13.1606,12.9572,14.6164,0
C-00398,5.608,7.1403,6.5606,7.3735,6.0859,4.4943,6.3991,5.6351,7.0015,7.8049,6.4678,7.1293,4.3643,6.704,7.1148,6.6772,7.8436,7.3559,6.7276,6.6564,5.5876,7.2886,5.8006,6.2121,7.9815,7.5053,7.5501,5.1924,7.9773,7.3829,7.3626,7.7936,7.09,5.992,5.9137,7.4744,7.4158,8.3978,7.3479,7.9025,5.7083,6.427,7.7162,9.0459,7.3919,8.7682,8.5481,7.0864,6.3305,8.8097,8.474,8.8693,8.8363,7.814,6.4278,7.2424,8.9727,8.5046,8.8289,8.3132,7.6189,6.8366,7.0246,9.4427,7.8556,7.7561,9.1053,8.9582,8.1016,8.5849,8.1933,8.4414,8.1588,9.3719,8.5916,6.5414,8.29,9.279,8.5332,9.7192,7.9181,9.2959,8.7162,8.2043,9.0637,8.6327,9.3252,10.1749,9.4047,7.6825,7.7359,8.0975,9.0176,9.0194,8.2006,8.4332,6.8916,7.0352,7.6797,10.2377,8.1521,9.0067,8.2827,6.5485,7.9212,8.6623,8.3897,8.8994,9.0845,8.5387,7.1762,7.2362,8.7614,8.1635,9.0477,8.077,7.43,7.3974,6.8431,9.4833,0
C-00399,12.6798,12.0076,12.9372,12.2777,12.3084,10.9861,12.4266,11.4515,13.3434,11.8184,12.8356,12.9096,11.9739,10.1752,13.8571,12.4543,12.6104,11.7988,13.6488,12.0294,11.9868,13.1999,12.6967,13.0266,12.0494,13.2846,11.2308,12.8437,14.468,13.6431,13.9954,13.8969,13.5346,12.1539,13.7798,13.2569,14.1716,14.0438,13.8,14.3086,13.9703,13.26,14.1311,15.6075,15.2658,14.8413,15.6495,12.4768,12.9263,14.8664,15.8784,14.3175,15.5156,14.418,13.426,13.559,14.5282,13.9216,15.1174,15.2793,15.2187,13.1013,14.0814,15.762,14.9371,17.0738,15.9845,14.6397,15.0182,14.622,16.0392,15.1034,14.5252,14.8453,15.4967,15.1775,13.9445,14.8503,15.4967,16.7231,16.4446,15.0492,14.1826,14.143,15.261,15.8631,15.9165,14.4432,15.8223,13.7474,14.5795,15.7185,15.663,14.6829,16.1686,14.4607,15.3765,14.8999,15.1044,15.2522,14.9462,15.7015,15.6764,13.8059,15.4623,16.6494,16.6615,15.4461,15.9081,15.847,14.4051,13.2975,14.9908,16.73,15.0663,15.2372,14.938,13.8923,13.9855,15.0102,0
C-00401,8.8498,8.643,8.184,8.5045,8.0411,7.8239,7.2853,8.7404,7.9404,9.4414,8.7169,8.5855,7.6212,8.2031,9.3537,10.5167,9.575,8.7773,9.6507,8.6712,9.3026,11.0736,9.5276,9.5329,10.4687,9.0965,8.4181,8.6453,10.2717,9.5865,9.3585,10.3067,9.9227,9.2057,9.4703,9.9116,10.5977,10.9929,10.3762,10.5241,10.1244,9.4104,10.8515,10.5892,10.229,10.8226,11.4134,9.9325,10.0832,10.7632,11.3299,11.4987,12.0136,11.7987,11.416,9.9454,11.6166,11.0618,12.6898,11.1227,10.7567,10.2627,10.4078,11.6253,11.5404,12.2175,12.0893,12.2947,11.1114,11.4251,12.1482,12.8917,11.3454,12.0666,12.0114,10.1345,10.6214,11.3807,12.0192,12.1372,10.7534,11.99,11.3433,11.0009,11.6935,12.2344,11.9923,11.9731,11.2418,11.6148,10.2622,11.4981,12.0223,11.862,11.0775,11.4323,11.075,10.6935,12.1549,10.1645,11.4292,11.2362,12.1018,11.1309,9.9461,10.8853,11.3244,12.4719,10.36,11.6371,9.7953,10.3668,11.5109,11.469,11.3007,11.9506,11.7939,11.0353,10.744,11.202,0
C-00402,14.1331,14.4202,14.3268,14.1344,14.6098,13.9019,11.17,15.7189,14.675,14.9449,13.8607,15.1994,14.1752,15.2177,14.7705,15.7157,15.7683,15.0628,15.9172,14.4059,14.8221,15.2317,14.496,15.6293,15.4533,15.9649,14.1788,14.1562,16.0903,15.8852,15.189,16.5689,14.8866,15.7142,14.3506,16.5341,15.6596,15.7879,17.2242,17.1345,15.6009,15.4242,16.5127,16.7054,16.4479,16.3248,17.1052,15.5128,15.0538,16.9948,15.7302,16.4277,16.5493,17.6842,16.1189,15.3143,17.3993,17.2533,16.4509,16.7173,16.8775,15.6848,15.2312,16.8229,17.6493,17.1192,17.9371,17.3855,17.011,14.8924,17.0458,17.2017,16.6434,16.3579,17.3923,15.2683,16.6645,17.0574,16.8505,17.375,18.0936,17.2626,15.9716,17.0399,17.4101,18.4488,17.8171,17.2233,17.456,17.089,16.1281,17.0149,17.6235,18.2082,18.5785,17.3166,15.3582,15.8949,17.8845,17.2762,16.9749,16.8224,18.1648,16.713,16.4079,17.0724,17.3986,17.7738,17.2627,17.5255,15.436,16.5359,18.079,17.2504,17.2815,17.3336,17.0726,17.4842,16.0789,17.3718,0
C-00403,14.5154,13.4988,14.4407,13.8185,14.2237,12.9786,13.8386,14.9677,15.4376,14.6788,15.3029,14.1305,14.4662,11.7872,14.9845,13.5583,14.6809,14.4727,15.7345,13.3749,13.7103,15.253,14.3223,14.9288,14.8483,15.8032,13.4106,13.6631,15.5129,14.8067,15.6803,15.7917,14.3633,14.7094,15.715,15.3591,16.5755,15.1237,15.4555,15.6919,15.0723,15.3326,15.9541,15.1748,16.202,15.0415,14.3853,14.8113,14.8224,15.9382,14.3798,15.8595,14.9449,16.1682,13.9375,13.5128,15.6956,15.3878,15.3628,15.43,15.4093,15.1976,15.1285,15.6963,16.0521,16.5955,15.9926,16.2488,14.1,14.8497,15.1839,16.3217,17.2116,16.7235,16.0615,15.2431,14.7219,16.2973,16.0755,16.4273,16.7764,15.9455,14.0037,15.5985,16.2961,15.8325,15.8558,16.0406,17.1548,14.5153,13.5696,15.5731,15.8857,16.0645,16.7525,16.1552,15.1795,14.93,16.0867,15.8432,16.0257,16.5071,15.6597,15.4086,14.1861,16.5658,15.8929,14.1835,15.6082,15.4888,15.4245,14.6137,15.5909,16.405,15.8416,15.3844,16.1512,14.5849,14.8094,16.1062,0
C-00404,11.333,12.1712,11.686,12.5678,12.24,10.1371,10.5812,12.8743,12.1542,11.1431,11.359,13.0475,10.589,10.4323,12.5664,12.8674,12.7144,12.1196,12.9557,10.5384,11.91,11.8064,13.5035,13.624,12.7647,12.5164,11.1718,13.007,13.0401,13.3697,12.2991,13.806,14.4898,11.7167,12.4485,13.3492,13.0327,13.6918,13.2255,13.5801,11.5221,12.1239,13.8901,13.3286,14.7056,12.9989,13.4163,12.5673,12.0861,12.807,13.2114,14.581,14.5623,14.7285,12.9265,13.5408,13.0668,14.7368,14.879,13.4539,15.7691,13.4146,12.6473,13.8793,14.4064,14.2056,13.5058,14.1645,13.1811,14.0337,13.7609,14.1914,14.3689,13.7876,13.6577,12.53,14.5513,14.7339,14.5109,14.1278,15.3887,14.6904,12.7565,12.8888,15.1756,14.0836,14.9398,14.001,15.2612,13.6485,13.3861,14.2736,15.0246,15.0606,14.5297,14.1591,13.3075,14.4746,14.5211,13.8696,14.2242,14.7445,14.6167,12.8887,13.5044,13.9775,14.1929,14.0515,14.3569,14.3441,13.2016,13.1517,14.2001,15.1555,13.832,14.4635,14.183,12.3567,13.4538,14.1131,0
C-00406,8.9858,8.9891,9.3161,9.42,10.6454,7.1208,7.9395,10.2812,8.864,10.0093,8.9401,11.1038,8.4045,7.8835,9.7722,8.6572,8.7885,9.4044,9.2652,8.8619,6.9849,10.3836,9.7006,9.1607,10.3011,10.7253,9.6675,8.8116,9.1902,9.8437,10.1109,9.4241,9.7419,9.1344,8.8802,10.3088,10.3794,10.3641,10.463,9.6367,9.0425,8.1853,10.0871,9.3973,10.666,9.7157,9.5346,7.3486,9.9077,10.6717,9.9623,9.3326,10.0462,10.3053,9.8373,9.0118,9.7638,9.5885,11.9315,9.4875,9.5385,8.5753,9.4645,10.4209,10.2257,11.2824,10.5832,11.2659,8.8009,8.9754,10.451,10.8923,9.3434,11.2679,10.3675,9.9009,9.4594,10.9441,10.6345,9.5957,11.5088,10.5079,9.2525,9.8403,10.6413,10.7468,11.1373,9.9739,10.6167,9.5795,9.4001,10.8448,9.8584,10.5894,11.0736,10.2005,9.7724,9.8381,10.2551,9.301,10.3874,10.5,9.9711,9.3059,8.8139,10.5994,9.4664,10.4939,9.4662,11.2416,8.4302,8.3945,11.2283,11.5301,10.6959,10.3785,10.4425,9.4609,9.0246,10.1156,0
C-00413,5.07,4.5618,4.6952,5.4691,5.6212,5.8005,4.7077,5.6486,5.0712,6.1211,6.0223,6.819,5.2828,5.1506,5.6117,6.5478,5.8034,6.696,6.349,3.5398,4.821,7.7624,7.3349,6.3268,7.2764,6.9873,5.5497,4.5796,6.0017,6.6889,7.2768,7.7731,7.2441,6.5116,5.5204,7.277,6.7045,6.9592,7.3351,7.3299,5.3869,5.2042,7.4894,8.4116,7.2297,6.6582,7.0567,6.5441,4.8275,8.3315,7.3716,8.0936,9.4372,6.5451,6.4769,6.1746,7.7627,7.7927,8.1621,7.8371,7.9444,7.2025,6.7964,7.8625,7.8033,7.6083,9.0035,8.3346,5.545,7.64,7.8113,8.0176,8.8416,8.2983,8.1648,7.466,7.4352,7.4981,8.5862,7.9174,8.5855,8.6198,7.8371,6.5294,7.4983,8.6773,9.4189,8.9954,8.5396,8.1761,7.6868,7.5552,9.1035,8.0722,7.7611,8.1679,7.9868,6.9688,8.4891,8.2072,8.694,7.7187,8.1697,5.7716,7.3551,8.2638,8.8533,7.9511,8.3289,7.9968,6.443,6.3472,8.291,8.3884,8.0754,8.0745,8.3623,6.9305,8.272,8.5099,0
C-00416,9.7872,9.32,10.3077,9.0846,9.9471,8.2242,8.9489,10.0817,10.2352,10.4977,10.7992,10.3205,9.2426,9.0494,10.885,11.3232,10.6126,11.4536,11.1613,9.005,11.5189,10.7331,10.8107,9.8435,10.1276,12.1794,10.4648,10.2403,10.7186,11.9315,10.634,11.1173,10.396,10.2739,10.4498,12.4653,11.6283,11.7079,11.9745,11.3802,10.4384,9.1464,12.1043,11.7616,11.8254,12.0823,12.1037,10.6857,10.7255,11.1414,12.3899,12.1106,11.8471,12.2251,10.4075,11.2822,12.2903,11.4394,12.4496,12.792,12.418,10.5759,11.6676,12.3635,12.7867,13.0369,12.3814,13.0691,12.2183,10.4276,12.0628,12.3256,12.7062,12.661,12.7976,11.3144,11.7399,12.2152,13.158,13.2449,12.1841,13.102,11.8394,12.6857,13.7682,13.3271,13.0315,13.0884,13.2947,11.0725,11.6336,11.8782,12.5796,12.6231,12.8443,12.9715,10.7301,12.0514,11.9406,12.6257,11.9528,14.4382,13.0601,12.6236,11.6077,13.2446,13.1986,13.1131,11.5598,13.5296,12.6036,11.9949,13.0826,11.6346,13.4125,12.2598,12.8332,11.8059,11.4734,12.2816,0
C-00417,6.1881,5.7412,6.174,6.6591,6.0749,5.2287,5.2857,6.8429,6.0618,5.1307,6.1807,5.4728,5.9997,5.5464,6.4661,6.4102,7.5944,6.8943,6.4054,4.9985,5.5133,7.1204,6.6175,8.5607,6.7917,6.7157,5.8652,6.0418,7.1778,6.8877,8.4018,6.5694,7.4967,5.652,7.4625,7.9987,8.4221,6.9733,6.7642,7.3122,6.416,7.9538,7.9549,8.7284,9.3472,9.1246,8.9343,7.1097,6.6761,7.3575,8.1397,8.9327,7.7839,8.2568,7.817,8.0971,9.5059,9.1907,9.7142,9.2248,8.8253,6.7613,7.0993,9.5449,8.6038,8.5181,9.3678,8.655,7.0265,7.6751,8.6739,9.7779,9.1991,9.1746,8.863,8.6596,7.6936,8.4137,8.455,8.6887,8.4723,8.7644,8.8521,7.2877,8.9223,8.8825,8.9832,9.8779,10.8622,10.039,7.503,10.2107,9.0995,9.6594,9.0376,9.4464,7.3684,7.9859,8.9164,10.4365,9.0643,9.5203,9.6459,8.7346,7.9346,9.2602,9.3121,10.0648,10.2372,8.0284,9.1018,8.3305,8.9706,10.0561,10.6759,9.359,8.7739,7.2824,8.1654,9.1726,0
C-00418,7.8706,9.1219,7.9258,9.5861,8.2413,7.3991,7.0602,8.2494,9.11,9.3915,9.1816,9.3184,8.7925,8.7662,10.2691,8.7068,9.0733,8.6642,9.2102,8.0505,9.3087,9.9698,9.0144,9.4458,9.6605,9.8267,7.4493,9.6515,10.3723,9.2088,9.6656,10.0331,9.2314,8.3293,9.519,9.3192,10.4606,9.3878,10.8096,10.1077,8.4016,9.8953,10.2842,10.2829,9.6453,10.5545,9.9588,8.8992,8.9122,9.9643,10.2739,10.0877,10.2322,12.0146,8.2365,9.3257,10.7664,10.6498,11.1709,11.2122,11.8688,9.8171,10.7125,10.8074,11.674,12.1498,11.1716,10.8321,10.2804,10.5611,11.7227,11.4228,12.8537,10.7486,12.2488,9.8057,9.2413,11.5431,11.046,11.3349,11.3418,11.8787,9.7028,10.0528,11.1019,10.0541,12.1651,11.0933,11.6291,10.0076,10.5518,11.5992,11.9892,11.57,11.7176,11.5746,10.0192,10.0728,11.1452,11.2699,10.6032,11.5418,11.725,9.7793,10.757,11.5706,11.5097,12.0879,12.5144,11.1265,9.4376,10.4083,10.8109,11.539,11.5172,11.0025,10.6948,10.4208,9.0222,11.8637,0
C-00419,5.008,4.6648,5.0327,4.8723,5.0691,4.0009,3.2804,5.767,5.8488,4.8742,5.3513,5.0041,3.8622,4.0116,4.8772,4.9025,4.9501,6.4909,6.0895,4.8698,4.8459,6.1855,5.9278,6.185,4.7891,6.2087,3.236,4.7865,7.0266,5.4505,5.441,5.9608,5.2147,3.5943,6.4262,6.7401,7.7529,6.6925,6.1478,5.9607,5.1763,4.798,5.4081,6.5311,7.3363,6.4413,6.5805,4.9047,4.6505,6.8699,7.4064,7.0632,6.8887,6.2457,5.9103,4.5553,7.0803,7.7159,7.202,7.1526,6.712,6.3619,6.2078,6.0923,7.282,6.6986,6.2625,7.2773,4.3813,6.4182,6.0784,6.3816,6.734,6.622,6.902,4.9574,5.9834,8.0266,7.7349,7.8751,6.9227,6.7639,5.8701,6.0848,7.244,7.0781,7.3517,6.7409,7.3553,5.3581,5.134,7.2752,7.942,8.4042,7.8904,7.6108,6.5849,6.599,6.9126,7.5329,7.4842,6.9063,7.0216,5.4815,5.7922,7.9159,7.3647,6.7702,6.8119,6.8313,5.5705,4.5353,6.7585,7.2901,7.548,6.1747,7.0678,6.3048,6.3412,6.2293,0
C-00425,11.3142,10.8493,11.7226,11.266,11.3282,10.677,9.8292,11.7192,10.7278,11.6506,12.3199,12.2441,10.4885,10.3291,12.9869,13.089,12.5488,11.7351,12.55,10.9729,11.6177,11.6187,12.364,12.9566,13.6096,13.1927,11.2425,11.3246,12.6667,11.9928,12.7436,12.2994,13.8519,11.9122,12.9885,12.3723,12.4765,13.0216,13.5817,11.7722,11.2153,10.8825,12.7146,13.9634,12.9645,13.007,13.3583,12.3714,11.4157,12.5184,13.3813,13.9012,13.6944,12.8641,12.0863,12.6906,12.5154,13.1013,13.2103,13.961,12.8101,12.9316,12.4054,14.1755,15.1466,13.0862,13.4259,14.237,12.6212,12.2449,13.9909,12.9502,13.4055,13.8092,13.6643,11.757,12.5233,14.3857,13.9507,14.1183,14.5052,14.0006,14.0028,12.3978,15.3894,14.5513,13.6649,14.6388,14.1777,11.9892,13.5933,14.8165,14.0722,13.8829,13.3849,14.1913,13.2959,13.4447,14.795,13.81,14.4588,13.5046,14.2328,12.9668,13.4226,14.2378,14.2243,14.4617,13.6391,14.1346,12.7797,13.0203,14.139,13.8732,13.2098,14.0345,14.0735,12.8377,12.5362,13.2477,0
C-00426,14.3299,14.8497,14.8433,15.564,14.6278,14.0919,14.7032,15.0834,14.7994,15.6179,15.3989,16.0771,14.4858,14.8683,15.4612,16.1178,15.3364,15.6751,15.9166,13.7286,15.2706,15.6291,16.3595,15.9118,16.4568,15.283,14.8187,15.6935,16.2488,15.7324,16.2848,15.6845,16.4118,16.2428,14.9652,16.7695,16.1207,17.3759,16.2652,17.0037,15.5327,16.1822,17.0569,17.4269,16.9365,17.2852,16.9982,16.7503,15.8624,16.7365,16.5709,16.9462,17.6927,16.5568,17.1381,17.6066,17.9464,17.3178,17.1497,17.5756,17.3256,16.9263,15.2395,17.465,17.1181,16.9697,17.5874,19.3273,18.1286,16.5398,18.133,18.2583,17.4606,18.9696,19.5378,15.8984,17.0777,17.1015,17.5591,17.9915,17.9609,17.7748,16.6422,16.4462,17.0642,17.7234,18.217,18.5808,17.0365,17.7113,17.3023,18.0556,17.8097,18.2007,18.6624,18.1554,17.5393,17.2138,18.9522,18.2062,18.2263,18.5014,20.0431,16.5921,16.548,18.4277,17.374,18.3337,17.0927,17.5399,16.4616,16.8142,17.1989,18.8741,18.4796,17.9204,17.4339,16.0072,15.9935,18.7133,0
C-00427,6.8738,6.1833,6.0626,5.5823,6.3483,5.5751,5.9549,6.7173,6.7988,6.8432,7.2659,6.8518,6.6125,5.6025,8.0888,7.6373,8.1011,7.5899,6.9704,5.7805,6.6169,7.1172,8.1753,7.5481,7.0131,8.7832,5.2415,6.9177,7.3631,8.8908,7.8296,8.3243,7.6812,7.0213,6.7663,8.3197,8.8048,9.0081,8.0662,8.9494,7.7665,7.1666,8.5969,7.8492,8.1846,10.3954,8.2324,7.5191,7.1192,7.3195,7.666,8.8125,8.7948,8.5556,7.1684,7.8325,8.6079,9.3633,8.3434,9.759,9.1339,7.1063,7.9473,9.2255,9.6116,9.2983,9.3772,10.1595,8.4998,8.0205,9.8535,8.7519,8.78,9.5398,9.3813,8.1085,8.3423,9.051,9.6778,9.9497,9.9387,10.4914,6.4117,8.6859,9.5173,9.3653,9.3067,10.143,9.4021,8.9519,7.9946,9.1755,9.3592,9.2937,9.682,9.8866,7.0941,8.7899,8.7518,9.0934,8.5651,10.3012,10.1567,8.8402,8.3115,9.7535,8.4807,8.5072,9.3202,9.5486,8.6881,8.57,9.1173,8.9995,9.0205,7.8983,9.2642,7.7958,8.6516,9.4082,0
C-00428,6.455,6.3187,5.9949,6.2867,5.5635,3.324,4.858,6.1945,6.2189,5.8537,5.7651,5.6044,5.2419,5.0785,6.5194,6.4607,6.2516,6.6352,6.6216,3.8909,4.9908,6.8898,5.5366,6.2389,6.0562,7.0678,6.1634,5.7421,7.3094,5.7938,6.4931,5.6234,5.8705,5.4246,4.3924,6.4124,6.9286,7.1218,6.6722,6.1947,4.4323,5.3512,7.3856,6.7725,7.5799,7.1961,7.2936,5.7872,4.9825,7.6898,6.8803,6.845,7.2334,7.5668,5.4891,5.5849,6.6674,6.3597,6.5008,6.1019,7.5444,5.5696,6.0369,7.3648,7.3748,8.0208,7.5253,7.34,6.4713,5.5984,6.3362,7.5259,7.6697,7.2911,8.4214,6.464,6.8982,7.8252,7.0379,7.753,7.0351,7.7946,7.1422,7.0719,7.9455,7.9534,8.3515,7.1582,6.936,6.8775,6.1771,7.2171,7.2282,7.5086,7.5643,7.638,7.3143,6.0653,7.5911,7.2844,8.3239,7.4889,7.8937,6.3987,5.8814,7.0396,7.3887,7.1078,7.3775,7.4571,6.7583,6.8867,7.863,7.4629,6.479,8.4376,7.5325,4.9278,7.4565,7.6562,0
C-00429,3.4992,3.669,3.5532,4.4914,4.1257,2.7079,2.033,3.8551,5.1354,5.1378,4.5983,4.0634,2.4921,3.3499,3.7346,4.4914,4.5433,4.7762,4.2755,3.7289,4.3099,5.1584,4.3671,5.8007,4.5258,4.1513,4.7289,2.1882,5.5165,5.1556,5.4622,5.2723,4.8779,5.1167,4.3492,5.5332,5.3917,5.0532,5.6885,5.8075,5.15,3.4249,5.3613,5.9105,5.1409,6.2868,5.4012,5.5084,4.586,6.007,5.971,6.471,6.1923,6.5358,5.2917,6.1446,6.437,6.1846,5.9516,6.9031,5.456,5.5444,6.6484,5.8571,5.7103,7.0811,7.369,6.6059,4.5187,5.4143,7.2268,5.0508,6.823,7.2086,6.351,5.7427,4.2214,6.1815,6.9603,7.3321,6.7313,6.075,5.2367,5.0627,7.2642,5.8044,6.7161,7.3708,7.4178,5.4456,7.4147,6.8487,6.2991,6.7681,6.9854,6.2137,6.9251,6.2412,7.457,6.2384,5.7395,7.0116,7.45,5.5467,5.6511,6.8866,6.6221,6.0012,7.2168,5.8308,5.599,5.259,6.6055,6.0691,5.9737,6.4657,6.9187,4.2154,4.3445,5.6451,0
C-00433,2.4632,4.554,2.994,3.3517,2.9851,1.5395,2.0797,4.2383,3.1995,4.5062,3.7053,3.7896,3.1179,2.0943,3.836,4.0364,4.6838,4.2558,4.1011,3.526,3.3275,5.1922,4.4644,4.0587,5.0196,4.9146,4.4133,3.6734,4.7669,5.4259,5.3906,4.2268,4.8142,4.4474,4.4938,4.6865,4.3898,4.8874,5.4611,5.5142,3.6757,5.4014,5.629,5.2447,5.3991,6.0453,6.3879,3.6357,5.2588,6.1037,4.3658,5.8402,5.7026,5.3624,4.3049,4.842,6.5906,5.1483,5.8459,6.7131,5.3452,4.1948,5.2158,6.2641,6.6804,6.3376,6.6426,6.2476,4.6436,5.6051,5.6403,6.1698,6.861,7.5135,6.3019,5.5557,4.2061,5.8576,7.234,7.2785,6.8994,7.3815,3.8741,5.8885,6.2163,7.8412,6.0381,6.9327,6.9837,5.0797,4.353,6.8251,7.2704,6.9157,6.6174,6.6526,5.5101,5.3415,6.9361,6.5081,6.8102,6.34,6.924,5.5747,5.3432,6.699,7.4665,7.3454,6.1502,5.748,4.8903,6.2112,6.9397,7.1985,6.9004,6.7836,5.5022,5.2391,5.7165,5.6933,0
C-00434,5.9901,3.5304,5.2576,4.0855,4.1329,4.5187,3.0455,5.5612,4.2659,6.2411,5.5732,5.2275,4.2099,3.2426,5.4702,5.5457,5.7846,6.0658,5.4067,4.0156,3.8038,6.637,5.4452,4.0524,5.8097,6.1482,4.6702,4.0846,4.5979,5.5433,5.074,4.8212,5.4877,4.3712,3.4907,6.0359,5.8288,7.0646,6.2387,6.2028,5.5613,4.3496,6.0309,5.4202,5.957,5.8758,5.957,6.4196,5.591,7.1145,6.4626,7.3481,6.6113,6.7496,5.1974,5.3114,5.949,7.5032,6.8477,6.5175,6.5519,6.46,4.7301,6.0832,5.0006,5.9818,7.1624,7.5152,4.6423,4.5542,6.4132,6.921,6.7308,7.4173,6.9277,5.5836,5.7857,8.061,6.3233,6.5269,6.1287,6.668,4.8604,5.8749,7.2564,6.0587,6.8776,6.741,7.1003,5.1865,5.0406,6.6748,7.0527,6.8072,7.0057,7.4673,5.8615,6.1708,7.4342,7.7205,7.0213,7.566,6.2685,5.5544,6.4039,6.5668,6.8453,7.2893,6.5547,6.8912,5.047,5.9884,6.504,5.9686,7.008,6.8337,5.9837,4.7073,6.0063,6.3346,0
C-00435,9.0302,8.0928,10.3826,8.9301,8.9408,7.516,8.3029,8.9091,9.0843,9.7859,9.7206,9.3584,7.7914,7.3322,10.0739,9.4428,10.0389,10.0054,10.4235,8.2466,10.0691,10.6179,11.3614,10.4534,9.87,9.2491,7.6337,8.1242,9.6919,11.7132,9.7912,10.3466,11.0981,8.7972,9.4174,10.3406,11.2844,10.2223,10.5739,10.9482,9.5801,9.8833,11.7206,11.0792,9.7859,12.1193,10.7916,10.4131,9.2301,11.396,10.6862,11.1829,10.852,11.157,11.0884,10.0559,12.5177,11.8274,11.7225,11.9563,11.4166,10.9253,9.5769,12.007,11.5883,12.1179,11.3307,11.1313,9.8753,10.6909,12.271,12.3513,12.9009,12.1038,12.7273,11.165,11.9365,11.891,12.4535,11.6848,10.6978,12.3138,11.1418,10.2837,11.3,11.6432,12.4625,12.8874,12.0402,10.4406,9.6922,12.0067,12.3694,11.5645,11.4524,11.7371,10.3798,10.8861,11.4388,11.6158,12.4083,12.1228,11.4336,11.1495,10.3964,11.3408,12.388,11.6962,11.254,11.3128,10.8335,11.4345,12.784,12.9434,11.3784,11.2173,11.4818,11.1963,10.7085,11.1517,0
C-00437,6.687,7.5975,7.8183,7.8067,8.6249,6.2913,5.9184,7.8133,7.7312,8.2273,8.1666,9.2323,7.683,7.8268,8.261,8.4554,8.5319,9.1575,8.2908,7.6215,6.5995,9.4434,7.9293,9.9815,9.3715,10.0148,7.334,7.636,9.4639,9.5712,9.4257,8.8085,9.9528,8.6688,7.8397,9.7228,10.7579,9.8786,9.9438,10.1704,9.2797,9.8405,10.8142,10.2162,9.2151,10.2801,9.6987,8.0923,8.4163,11.2174,10.2882,9.9625,10.0833,10.1835,10.4366,9.7081,10.2548,11.0313,11.5132,11.5869,11.5702,10.2881,10.5326,12.0312,10.826,10.7143,10.0857,11.351,10.1099,8.9255,10.6561,11.5767,9.9238,11.5454,11.6182,10.6895,10.8188,11.8188,11.0013,11.5569,12.2305,11.4609,9.9199,9.3866,12.1389,10.7409,11.501,11.4804,11.0484,9.5666,10.1945,11.8212,10.1031,11.1249,10.8421,10.7723,10.0508,10.5602,11.8558,10.5969,12.7832,10.4968,10.6426,9.4128,9.7612,11.6844,10.1559,10.9583,10.7289,9.9637,10.3046,10.0966,9.7733,11.1007,11.1987,10.2577,12.0365,8.4562,9.7033,9.5892,0
C-00438,6.1299,6.1784,6.0681,6.1296,6.8088,4.3536,5.4433,6.6815,5.8326,6.6092,7.1586,5.6415,5.2698,3.9117,6.8336,5.1591,5.5193,7.2682,6.608,4.1394,5.329,7.2554,7.3357,7.2194,6.294,6.3813,5.8343,5.0148,7.1624,7.0534,6.8519,7.2715,7.1654,6.9373,5.8122,7.5514,6.8688,7.1606,8.1005,7.963,6.5497,6.9256,6.1043,7.7021,6.9005,7.0677,6.8201,7.2538,5.8096,7.0652,7.3102,8.04,6.7767,7.3592,6.6249,6.3559,7.0938,7.8263,7.1929,8.1327,8.8917,6.4861,6.7666,7.6225,8.0305,8.0533,7.9729,7.9705,6.5036,7.2888,8.5437,7.9875,8.2276,8.3787,7.9461,7.2189,6.4521,8.0883,8.257,7.6246,7.9934,8.4564,6.7586,7.069,7.8323,8.7605,9.1889,7.5386,7.3216,6.9333,6.7863,10.1895,7.9412,7.6763,8.3579,8.6758,6.3452,7.3615,8.6269,9.4356,7.9375,7.8928,9.1905,7.4671,7.0083,7.6193,8.2376,7.8895,7.3881,7.1248,7.437,7.6051,7.4326,8.6862,7.8771,7.9608,7.8379,6.9407,6.8508,8.0516,0
C-00439,4.1962,4.0537,5.5016,5.1599,5.081,2.8375,4.648,4.0517,3.9756,5.072,5.6722,4.7256,2.7843,3.8849,5.091,4.944,6.2636,4.8668,4.7869,2.9114,4.4479,5.0588,4.9963,5.6966,6.2354,5.5113,4.1509,3.7994,5.1175,4.5218,4.2158,6.1132,5.8311,4.1819,4.0874,5.334,6.413,4.9764,5.5329,5.3753,3.7456,5.7985,5.4636,6.4543,5.7895,6.2363,5.578,5.0241,5.6304,4.8074,5.914,6.1811,6.8008,5.9776,3.8552,4.6032,6.3939,4.9131,5.3067,5.5431,5.745,4.6468,4.3046,5.5139,6.8101,5.7412,5.7521,6.1604,5.4208,5.555,5.9402,5.5112,4.9509,6.7907,5.3294,5.038,4.4462,7.0011,5.5844,6.9345,6.8565,6.3375,5.0876,4.6313,5.3879,6.8963,6.2582,5.6539,5.5934,4.0489,3.8313,6.2187,5.8354,5.5587,6.721,6.7008,4.454,5.0831,5.8382,5.7508,6.2602,7.3347,6.48,5.3668,5.1515,6.8483,5.7204,6.8305,6.8242,4.6588,3.5533,4.3291,5.3984,6.8676,6.5132,7.0998,6.0627,5.3558,4.7004,6.3508,0
C-00440,12.562,12.3899,11.8653,12.3024,12.8989,10.5996,12.2324,11.7774,13.5246,13.7555,13.1134,13.1585,12.0259,11.8228,12.3685,12.7433,13.3838,13.3771,13.446,11.5307,11.5402,13.258,13.2026,12.773,13.1365,13.5382,11.8784,12.1721,13.8557,12.357,13.604,13.7187,13.7609,11.899,11.315,13.4782,13.1865,13.7968,13.4839,13.6915,11.6326,12.3978,13.3975,13.1187,13.5539,12.7389,13.9187,12.4495,13.0435,14.0503,14.1863,13.3496,14.2413,13.8018,11.3509,12.6306,13.7604,13.2609,13.8383,13.4662,13.4168,13.0556,13.3309,13.8369,14.1007,14.398,14.1339,13.3886,11.6703,13.2341,14.4601,14.6438,13.8476,14.4264,14.0657,13.2254,12.6841,13.8905,13.9787,14.2937,13.8712,13.9734,12.7005,13.4945,13.5766,14.3758,14.3738,13.7568,14.3671,13.8401,12.6754,14.0427,14.298,14.7297,12.89,14.3091,12.2475,12.6047,13.9807,13.7127,13.7191,14.7993,14.1816,13.7811,12.0861,13.6289,13.4291,13.6841,13.4678,14.858,13.148,12.2278,13.8114,13.4532,14.3328,13.9702,14.1708,12.9278,12.6741,14.3211,0
C-00441,4.5314,5.0035,5.1564,4.312,4.7229,2.8719,2.9408,4.4539,5.0392,4.2811,3.9859,5.6969,3.735,4.4358,4.3245,5.2025,5.3034,5.2018,6.1972,4.5812,5.5309,6.1599,6.2797,4.1955,5.142,5.6638,4.5151,4.2112,6.3201,5.9336,6.3171,5.8639,5.7523,3.9316,4.261,5.7115,6.5055,6.5278,5.4851,5.8114,5.6661,4.8534,6.4369,6.0669,7.5055,6.2787,6.9687,5.0987,6.452,6.8235,6.1085,6.295,6.8846,6.5168,5.043,4.6608,7.726,6.3794,5.627,6.1371,7.3398,4.5511,5.652,7.807,6.9116,7.6665,6.6742,6.3359,6.4987,5.7975,7.1952,7.3459,8.179,7.025,6.3737,6.8445,6.5053,7.9261,7.9236,8.3255,6.8461,7.3566,6.0575,7.5406,7.5524,6.9844,7.2665,7.003,7.7887,6.8036,7.2838,7.7431,7.5518,7.1194,7.2092,7.6922,7.2513,7.2987,7.5189,7.5729,7.957,7.944,6.8435,4.7605,5.577,7.6228,7.2726,7.3683,7.2074,7.7574,6.5386,5.4571,7.1372,7.3379,6.7716,6.0285,7.3431,5.8635,6.7496,6.2483,0
C-00442,3.1139,2.9276,1.3499,3.3815,3.4703,2.4046,1.3671,2.5176,2.5485,4.6096,4.5716,3.7086,1.7304,3.3259,3.6034,5.1482,4.1886,4.0611,4.2044,4.0379,3.5543,5.1026,4.2929,4.6854,4.43,4.5935,4.4054,3.3931,4.0906,5.1943,5.7631,5.4136,5.2643,3.4975,3.7472,6.2156,5.7829,5.0238,4.7982,5.9175,4.0921,4.6027,5.1616,6.563,6.9349,5.9295,5.986,4.7402,4.6185,6.0301,4.863,5.6878,6.5792,5.8933,4.6336,5.8875,6.998,6.0989,5.339,6.0252,5.6097,5.5993,5.3579,5.9201,6.106,5.5506,5.7513,5.9566,5.3918,5.6847,6.5307,6.3911,6.9242,6.9524,7.142,6.2542,4.4531,6.4429,7.1918,6.8724,6.2755,7.3689,4.6141,5.7816,5.8901,6.2075,6.3639,7.1587,6.0966,4.4247,4.8015,5.4981,6.3616,6.313,6.9849,6.5782,5.0545,5.5235,6.936,6.3697,8.2287,5.4888,6.7363,4.6776,4.5692,6.9849,7.0316,6.5513,7.542,6.4609,6.3589,5.458,6.0107,6.2262,6.7642,6.2632,5.2858,5.5022,5.2534,5.7948,0
C-00444,12.4345,12.931,13.7127,13.4777,13.4792,11.8651,12.1551,14.1171,12.6367,13.4318,13.7003,13.6286,12.2521,12.6532,13.8442,13.3812,13.508,14.3553,13.4718,13.1259,13.2929,14.3999,13.3841,13.8535,14.1324,15.1699,11.8509,12.6542,14.2079,15.1752,13.9129,15.5786,14.3741,14.4075,12.7154,14.6082,14.8012,15.3658,14.3019,14.2359,13.9877,14.123,15.0883,15.4548,15.1765,15.6474,14.576,14.9426,14.8657,15.8667,15.9772,15.3217,15.9634,15.0795,13.7474,14.2061,14.6355,16.0391,15.0283,15.4646,15.4961,14.5221,13.9165,14.9478,14.6659,15.7718,16.6308,15.4884,12.842,14.7457,15.4605,16.179,15.6469,15.0335,15.4749,15.1834,14.4849,16.4477,15.785,15.5806,15.962,16.1799,13.8757,14.0111,16.3558,14.7458,15.2885,14.9381,17.1418,13.9931,15.828,14.8003,16.5669,14.9461,15.9264,14.8214,14.0878,15.1481,15.1937,16.3977,14.8303,16.507,16.143,14.464,14.9313,14.9754,15.6842,14.5988,16.0918,15.8185,14.2247,13.4851,15.7396,15.2911,15.4311,15.1979,15.1219,13.3669,14.9888,15.2135,0
C-00445,5.7887,8.0728,7.311,6.7795,7.8147,6.8513,6.7814,7.2266,7.2902,7.9374,6.9442,6.1887,5.9708,6.3659,9.0967,8.4311,8.5233,7.4736,9.2305,7.4191,7.822,8.863,7.868,8.6761,9.3903,9.062,7.8309,8.2526,8.9341,8.1395,8.946,7.5538,8.7577,7.7003,8.3008,9.7386,8.9391,8.9949,10.0342,8.8387,7.6838,8.7158,10.2791,8.7747,8.6598,9.2095,10.6454,7.5498,7.8544,8.9627,10.5823,9.9167,10.469,10.0912,7.976,8.4406,9.3388,9.8171,10.5149,10.2442,10.5415,9.7213,9.8812,11.0941,10.0242,9.9814,10.0178,9.7851,8.2916,8.502,9.8013,10.8399,10.9987,10.0236,10.4306,8.6642,8.2969,10.154,9.9584,10.4007,11.0766,11.6274,10.1058,8.1921,11.1296,10.4309,11.5044,10.5368,11.9693,7.9541,9.0414,10.0155,10.4431,10.4755,10.5891,11.367,10.5016,9.3463,10.3716,9.3759,10.6696,10.8332,10.0541,10.855,9.9273,11.7197,9.7229,10.1751,10.7618,10.2633,8.5746,9.8696,9.9493,10.5295,10.0137,10.7631,9.9858,8.9286,9.2995,9.8645,0
C-00449,13.5987,13.1477,12.8287,13.2466,12.8948,11.5862,12.1207,13.3288,12.1382,13.3711,13.1867,14.317,13.0302,12.3903,13.9818,13.0883,12.7824,13.4118,13.4355,13.1958,11.0825,13.0583,13.0157,13.2588,13.6565,12.1523,10.7815,11.8349,13.6431,14.3011,13.8859,13.1904,14.2423,13.4866,13.2642,13.9773,13.3471,13.5058,14.3576,13.9533,12.0849,11.7343,13.2899,13.4479,14.1262,13.7635,12.7107,11.7531,11.2417,15.073,13.7191,14.06,14.2527,12.8141,12.5469,12.6019,14.1113,14.6229,13.8636,15.3856,14.5826,12.6165,12.1368,14.1012,14.547,14.8112,13.0768,13.9364,12.8992,12.4997,15.246,14.7714,13.7512,13.9014,12.8891,12.1477,13.4016,14.7752,14.8278,14.435,15.2874,13.731,13.0632,13.8409,14.3565,14.3087,13.8519,15.2476,14.5247,13.3852,12.3294,14.0409,14.9285,15.1473,13.6216,13.6979,12.3164,14.216,14.0406,14.6369,14.747,14.8847,13.5652,12.3399,13.5415,13.777,13.9032,15.2927,14.5688,15.5359,13.3673,12.7708,14.5305,14.6567,14.1992,14.8615,14.4756,11.4331,13.1386,14.5571,0
C-00451,10.8448,10.1784,10.3281,11.2409,10.8209,9.5696,10.5615,10.7424,10.5318,10.8453,11.9469,10.924,10.7977,9.2011,11.6764,11.762,11.6768,10.2959,10.6105,9.9618,10.4742,11.9539,11.543,11.1039,12.2596,12.2833,10.407,10.7193,10.902,12.643,12.1863,11.9843,13.4086,10.9337,10.9655,11.6543,12.1226,12.2444,12.5986,11.8314,11.2732,11.4853,12.5886,12.5734,13.3525,11.4875,11.5614,11.3957,11.9763,12.7586,12.0109,12.9446,12.1862,12.8992,12.1324,11.6767,11.9821,13.7559,14.4455,13.4693,12.9906,12.7639,12.2142,13.6174,12.8059,13.6559,13.3955,13.767,12.8526,11.4905,13.1851,13.1321,12.469,12.7182,14.4432,11.1101,13.1032,13.66,13.5703,12.6477,13.5389,12.6491,11.6182,12.0558,13.1888,13.0425,13.7099,13.6149,13.0251,11.7886,12.9055,13.3073,13.2206,13.8261,12.8029,12.9689,11.4405,12.7837,13.4348,12.48,13.2862,14.5543,13.4038,12.0312,12.1106,12.3446,13.4921,13.7002,12.6849,14.0557,11.6743,11.7471,14.094,13.3543,13.8439,14.3277,13.8805,12.3193,12.6821,12.6213,0
C-00452,3.4435,4.0035,3.5593,3.2587,3.5507,2.0155,3.3778,3.9947,3.1311,3.6991,3.6295,3.9758,2.5751,3.4916,4.9143,3.7915,3.594,3.313,4.3815,3.282,2.3667,5.6674,4.8273,3.6596,3.7427,4.6257,2.7139,4.0827,3.921,4.442,4.1259,4.4575,4.3876,3.5047,3.9572,5.7828,3.8434,4.3936,3.7566,4.6698,4.4473,3.8206,5.066,4.5136,4.7986,4.9506,4.7417,2.4541,3.2142,3.806,6.6854,5.2191,4.8385,5.6067,5.7576,3.4829,4.2346,4.9341,4.4898,4.4207,4.7535,4.0362,4.7638,5.6927,4.6794,5.0995,5.2996,5.7353,4.2736,3.412,5.4956,5.9721,4.3772,5.4908,5.5936,4.2678,4.8884,5.8122,4.3786,6.6551,6.1372,5.813,4.0351,5.1307,6.1878,4.8112,5.7953,5.6826,5.1168,4.0094,4.0327,6.4403,6.1428,5.8905,6.2498,6.0072,3.9253,3.7298,5.4619,6.3489,5.019,5.9903,5.3093,4.9352,4.4542,7.2595,4.8329,5.9872,5.1139,6.5451,3.9795,3.5761,4.7696,5.2529,5.0823,6.0623,4.9944,4.3051,3.748,4.8733,0
C-00453,8.691,7.9547,8.2325,8.0036,8.7149,7.9962,5.4967,6.8274,8.6978,7.0423,9.3078,8.5772,6.8289,6.8147,8.5128,8.1292,7.9696,7.9137,8.2836,8.011,7.061,9.0265,9.1924,8.5034,9.0608,8.4753,7.7954,7.4202,9.311,8.8041,8.7549,8.3088,9.1875,8.7618,7.9102,9.3791,9.071,9.1942,9.4281,9.3366,7.8727,8.8187,9.6516,9.5855,10.2258,9.5701,9.1814,7.5018,8.4654,9.2987,9.3284,9.5548,9.7099,9.5747,7.6376,8.9101,9.2474,9.2705,10.6302,10.013,9.3803,9.364,8.801,9.7517,9.4675,10.0785,8.1525,9.9984,8.5519,7.7159,9.4285,10.4732,9.9261,10.1706,11.0875,8.7379,10.0439,8.7008,9.6657,9.7737,10.1948,9.3459,8.477,7.6938,9.5276,10.1379,9.4187,10.3917,9.0318,8.7387,9.1828,10.0194,10.6598,9.6449,10.6463,10.7853,8.4255,8.6376,9.7862,10.3848,9.4758,9.2737,10.6467,8.5978,7.4424,10.1722,9.8431,9.4469,10.007,10.4894,8.559,8.1344,10.8245,10.1142,10.7381,9.4937,10.4865,8.9489,9.0558,9.2278,0
C-00455,10.278,9.885,9.9941,10.3291,11.0733,9.3005,8.5807,10.3236,10.1923,11.0966,11.0788,10.9208,9.4102,10.3388,9.417,11.1875,11.3757,11.2447,11.2999,10.7677,9.7241,11.1617,11.0723,11.5353,11.6506,10.6688,10.7554,10.2056,10.1782,12.4786,11.0972,11.7225,11.1215,9.2244,11.2409,11.0543,11.6343,12.6551,11.2511,12.1908,10.7779,10.1094,12.7865,12.3189,11.5621,12.7359,11.6282,10.9024,11.5477,13.0804,12.4729,12.7965,12.2873,11.9587,11.0309,9.7356,12.526,13.491,13.3622,13.3909,12.2005,11.4345,12.5265,13.0363,11.8832,12.8126,13.6156,11.6133,13.4036,12.2793,13.6441,13.2056,12.8448,12.4706,13.2676,11.6382,11.215,13.6016,13.7197,11.7148,12.2052,12.3148,11.3597,12.5689,13.3668,12.6769,13.0761,12.9389,13.6955,12.5615,11.1185,13.5503,12.1554,12.9235,14.0632,13.0175,11.6651,11.3588,12.2948,13.4877,13.1385,12.3317,13.3886,11.8866,11.5214,12.1748,12.8107,12.8583,13.6643,13.0088,12.1352,11.5111,12.3668,13.03,14.1474,13.225,12.5766,12.4787,12.5093,13.8199,0
C-00456,10.2815,11.0485,12.0495,10.2931,10.8659,9.5219,8.4285,10.6848,9.6175,10.2771,11.2102,9.7859,9.4802,9.6944,11.3344,10.6939,10.1309,11.342,11.2636,8.4072,9.1887,11.6646,10.9856,10.8086,10.6205,10.5652,10.2513,10.4613,11.7964,12.0276,11.1245,11.4348,10.6455,10.498,10.0194,11.2307,12.0246,12.0672,10.387,11.215,9.3608,9.8486,11.932,10.283,11.0105,11.9466,11.7254,11.0333,10.6267,10.7546,12.2668,11.9103,11.852,11.6427,11.3334,11.1015,11.8046,11.3875,11.5681,11.46,11.8453,11.2905,10.3822,10.6717,12.4685,12.4758,12.1233,12.193,11.9476,10.63,11.8543,11.6934,12.1928,12.0221,12.077,11.339,10.7907,13.1934,12.0318,12.6843,11.1691,12.2792,11.4034,10.253,13.0267,13.0194,12.2731,11.4281,14.0065,10.9569,10.6617,12.6255,12.8584,12.291,11.7798,11.7429,11.3628,10.0739,11.812,11.3644,10.938,12.2982,12.0385,11.6266,11.5652,12.4821,13.2095,11.8678,12.4575,11.3414,11.6162,10.5016,12.3228,11.9478,12.0556,10.8389,12.1641,11.2091,9.8659,12.4622,0
C-00457,11.8488,10.8242,11.1843,10.4318,10.1364,8.9927,9.4783,11.0107,9.6747,10.6806,11.4734,10.8618,8.5579,10.0933,11.49,11.1031,10.4712,10.9855,9.8058,9.1871,9.5672,11.0018,11.4594,12.0611,11.5463,11.4261,10.178,10.2653,12.0522,10.8577,11.5207,12.4252,10.5308,10.0956,9.8335,11.6153,12.4348,11.4003,10.7546,11.9876,10.01,9.9931,11.403,11.6643,11.5239,11.5406,12.1745,10.9174,9.4879,12.1945,11.2732,12.3234,12.1526,11.6149,10.743,9.4618,12.4407,11.649,12.2868,11.8913,13.2247,10.6635,11.0435,12.0469,12.0319,11.632,12.9533,12.8668,10.9272,11.0638,11.9033,12.9777,11.048,11.87,11.9261,10.3533,10.4931,11.8134,12.4175,12.1695,13.0113,12.003,11.3708,10.839,12.5055,11.4396,11.3661,12.1326,12.2051,11.7136,8.9854,10.8186,10.9452,12.0686,12.3613,12.6738,11.2012,12.3423,10.9072,12.7506,12.6837,12.6345,12.583,11.201,10.1192,11.7831,12.0417,13.1498,12.8108,11.8067,11.5106,10.5442,12.0752,12.5607,12.8497,11.9793,13.0708,10.3995,10.8803,12.0798,0
C-00459,13.4548,14.1336,13.6939,13.2491,13.327,14.101,12.8358,13.5486,13.6778,14.1389,14.2817,14.7326,12.8372,12.7886,14.3198,15.1185,14.1229,13.0069,14.3458,13.538,13.4084,13.6971,14.4131,13.323,13.7916,13.992,12.9884,14.539,14.3289,14.0372,14.351,14.8879,14.8375,13.1381,13.5413,14.3916,15.0176,15.5996,15.1698,15.1375,13.7908,13.9503,14.3401,15.3494,16.3365,15.0637,15.1498,13.0629,14.5377,15.5917,15.2053,15.1005,15.5792,15.0738,14.3707,14.1449,15.2116,15.2818,14.6693,15.5477,15.4223,13.9695,13.7516,15.113,14.6407,15.2743,14.7045,14.86,13.6881,15.532,16.0074,15.1855,15.4772,15.5228,15.4272,15.563,13.7926,15.6941,15.3874,15.3267,15.2001,16.1938,14.0348,14.5889,15.9306,16.0609,15.3471,17.3824,16.6536,14.2527,14.8747,15.7864,15.5749,15.3424,16.6531,16.575,12.9564,14.1276,15.6411,15.8449,15.8168,15.2082,14.9689,14.9481,14.3689,16.1548,15.5861,15.0639,15.148,14.9329,13.0939,13.1325,16.3617,16.2406,16.1783,16.3292,15.7294,14.5239,13.7023,16.1804,0
C-00462,4.3156,3.5566,3.5535,2.9703,3.1871,1.2846,2.2784,3.0777,3.8634,4.5071,3.4961,4.2753,2.9887,2.2961,4.235,2.8229,4.4094,4.1866,5.7106,3.7621,3.3967,4.878,4.957,3.8343,5.4095,4.3431,3.5249,4.4527,5.3959,4.3251,5.1973,4.2074,4.726,3.622,4.5023,4.7383,5.3284,5.149,5.0294,5.6648,3.098,5.0789,6.1783,6.0181,4.6033,5.6283,5.4821,4.5681,5.1879,5.4111,6.1202,5.5744,4.7269,6.0003,4.655,5.62,6.6431,5.935,6.855,6.4682,7.0456,5.9129,3.9821,6.1191,5.9632,6.7555,6.028,6.348,5.2033,5.9164,6.3007,5.8013,5.8613,6.7881,6.4386,5.7921,5.5191,4.7792,6.9433,7.1536,6.7522,6.1341,5.6063,5.2111,7.072,6.0636,7.1772,7.0554,6.5459,5.6752,5.5764,7.2545,5.8968,7.0155,6.7025,6.4879,5.1154,6.028,6.3501,7.3242,7.686,6.5568,6.9148,4.8251,4.9549,6.7356,6.4866,6.4527,7.5783,6.3965,6.2016,4.8684,5.8354,6.7371,6.144,6.1876,6.6861,5.8258,5.273,6.8586,0
C-00464,7.0186,7.4934,6.918,7.6491,7.0961,6.8776,6.1813,6.443,7.3484,7.9312,7.5265,7.6739,7.3289,6.7843,7.8636,8.8278,7.8874,8.1758,8.5872,6.6352,7.3275,7.9355,7.8722,9.6002,8.5124,9.5307,8.0516,7.349,8.917,8.4009,9.6436,9.0559,9.3273,7.2969,8.2282,9.4363,10.2759,9.1506,9.5812,9.4132,8.1497,8.8391,9.5365,9.0298,10.0756,9.2085,11.1632,7.9403,8.5921,9.6063,9.5244,9.4428,10.2553,10.5421,7.627,9.1849,10.1779,10.87,10.5147,9.9892,9.945,9.1161,10.348,9.5416,10.4625,10.7825,10.4828,10.4409,9.4776,9.5366,9.9364,11.4994,9.7026,12.1363,10.3849,9.0319,8.7141,12.2757,10.6116,11.2369,11.044,9.7747,9.635,10.1227,10.7865,11.0087,11.5516,10.9481,11.1122,10.2013,9.3485,10.2854,10.5571,10.8856,10.355,11.381,10.2296,10.3877,10.8928,11.2923,11.031,10.7762,11.4474,9.8865,8.8547,10.4224,10.3068,10.0167,11.1261,10.567,9.9772,10.3501,9.5762,10.8707,11.0377,11.9856,9.5789,9.2291,8.2875,10.2906,0
C-00465,4.0276,3.4249,3.1383,3.7335,3.5384,3.0513,2.0241,3.1382,3.5076,4.9837,4.4823,4.3138,3.461,2.7965,4.8662,5.2029,3.7477,4.8492,5.6918,4.9861,4.1037,5.2213,4.9627,5.0227,5.4469,4.6201,5.4196,3.6367,5.6104,5.4313,5.937,6.2146,6.4114,3.5859,3.4501,6.6171,5.0094,5.5619,6.3837,4.6218,5.7322,5.3125,7.0334,6.7405,7.3185,6.951,6.4646,5.7785,5.2355,5.9615,6.7771,5.9564,6.4117,6.6382,5.881,4.5112,7.4966,7.0529,6.172,7.1994,7.4537,4.9015,5.6859,7.0441,6.5694,7.478,7.4262,6.296,5.3287,5.2537,7.8191,7.8497,8.2421,6.5342,7.2328,4.7989,6.4915,7.5821,6.7358,7.4045,8.2988,6.7664,6.8479,6.3862,6.7735,8.0772,6.9991,6.7502,7.1829,6.7758,5.6244,7.5731,8.5117,8.1322,7.6322,7.5463,6.3325,6.3459,5.7373,7.2537,6.7185,7.2724,7.6495,6.068,5.261,7.8646,8.2104,7.3036,7.34,6.4628,5.2846,6.1454,6.8255,7.0878,6.6728,7.8402,7.1661,5.4179,5.2163,7.2244,0
C-00469,8.7242,8.2186,8.9684,9.0527,8.0488,7.8804,7.0008,9.359,9.1759,8.8416,8.1193,9.0577,7.3142,7.1392,9.0669,9.685,9.4617,9.6721,8.7952,7.5959,9.6835,9.1695,9.6959,9.9005,9.6084,10.062,7.8654,8.7021,9.3458,9.2538,9.6854,10.3092,11.1219,6.9498,7.2693,10.4926,9.7393,9.9464,10.7062,9.3978,8.3203,8.6865,9.7209,10.2758,9.4946,10.4692,10.674,7.9541,8.8239,11.2547,9.8176,9.8609,10.4412,10.3538,8.7683,9.0778,10.9139,10.379,9.7118,10.7944,10.1166,9.417,8.7421,10.6631,10.9723,10.1862,9.6318,10.5795,9.267,9.0868,10.8937,10.2752,10.7452,10.6897,9.3916,9.5546,9.8652,10.3029,11.1736,10.4336,11.5436,10.0745,9.2821,9.1921,9.7426,10.8528,11.4005,10.9778,10.021,9.5401,8.7971,11.2507,11.3088,10.0787,10.7884,9.8318,10.0396,9.8534,10.6811,10.6293,10.8587,10.8705,10.8484,8.8559,9.8493,10.9875,11.8774,11.0788,10.1191,10.8694,8.862,10.3007,10.6686,10.8163,10.0986,11.3104,10.283,9.5218,10.5232,10.8449,0
C-00471,9.7944,11.2221,10.121,10.0506,9.8069,9.9098,10.0154,10.8094,10.2205,11.2168,11.3708,10.5757,9.6451,9.9137,11.4249,10.6693,11.8695,11.0953,11.6225,9.2619,9.8878,11.5998,11.1103,10.9043,11.6617,12.9865,10.8777,10.2916,10.8424,11.1495,12.5921,11.7341,12.2439,11.1694,11.8658,12.1265,12.9297,13.3812,13.4028,12.7155,11.3063,12.505,13.3978,13.3282,13.8618,12.4502,14.0392,11.5017,11.372,12.6623,13.755,13.355,12.7639,13.7334,12.5938,12.914,13.6821,13.0411,13.2085,14.3843,13.9483,13.0885,11.7887,13.7225,13.1356,13.0472,13.9944,14.4956,12.9968,12.7741,13.9988,14.2625,12.8443,13.3184,14.4407,12.6899,12.1584,15.1592,13.853,14.7272,14.0942,14.2699,12.3917,13.2911,14.0882,13.8204,14.7567,13.7095,13.5082,13.4545,13.3691,14.5583,14.0509,14.4816,13.5619,13.1991,12.4498,13.0682,14.627,13.3858,13.6795,13.874,14.1926,13.0493,11.9647,14.3582,13.983,14.6504,14.7652,13.4737,13.4347,12.3012,14.2253,13.9084,13.4365,14.9016,13.2346,13.3782,13.8222,14.4425,0
C-00472,5.8842,4.8033,3.7839,5.9521,4.606,4.3598,3.8617,5.074,5.4243,5.1591,4.8303,5.5301,4.0968,3.4561,4.3157,5.9231,5.6196,5.6107,4.696,3.3949,4.8365,5.1888,5.785,6.3972,5.1022,4.9452,4.0118,3.6201,5.7375,5.1632,5.3516,5.5494,6.0988,3.5515,4.729,5.7375,6.6817,5.7091,6.7256,5.999,5.4186,4.1101,6.3907,6.6062,5.2912,5.7869,5.9291,6.1418,4.1704,5.2467,5.2158,6.0114,5.9375,5.9153,4.7033,4.9113,6.4415,5.4831,6.5061,5.3245,5.5902,5.6495,5.9072,5.7084,7.3376,7.2283,6.4233,6.8643,5.5585,4.3784,5.7322,6.4912,6.5039,6.3848,6.6889,5.3383,4.7973,6.5889,7.2814,5.9454,6.0827,6.7109,5.1607,4.3918,6.0097,6.6013,6.569,7.7095,6.3522,5.154,4.9017,7.683,6.9263,6.8132,5.5119,6.1633,4.8847,6.3693,5.9144,7.4603,6.187,6.0646,5.7954,5.324,6.0961,6.1687,6.2005,6.5197,6.7474,6.018,4.7439,4.4196,6.3106,6.6704,5.5566,7.5651,6.1525,5.5681,5.096,5.8553,0
C-00473,10.3657,10.9167,9.7954,10.8655,10.4932,8.8872,9.8376,9.7487,10.8404,11.3671,10.9352,10.8144,9.4139,7.8636,11.4107,11.41,9.7664,10.8457,11.5203,10.6486,10.9749,11.1829,11.6804,11.6892,11.4069,11.5638,9.9977,11.2595,11.9055,11.9047,12.4643,11.5106,12.0767,9.6402,11.2409,11.739,12.61,10.9172,10.6524,12.9242,10.4108,11.0124,12.4238,11.8725,12.7477,13.0861,12.7435,11.8484,12.0747,12.7695,13.4591,11.7589,13.13,12.9655,12.7073,12.3668,12.7205,12.2197,12.6979,12.6255,12.7369,12.2038,12.4248,12.2884,14.481,13.1276,12.7892,11.9811,12.3436,12.431,13.3525,13.805,12.5894,13.665,13.6017,11.6182,12.2718,13.6459,13.589,12.17,13.5601,13.1181,13.8081,12.4823,12.9581,13.5598,13.9377,13.0954,14.112,11.7828,10.1719,13.7222,13.8203,13.0839,13.6707,12.8425,11.8919,12.6022,12.835,13.1198,14.4572,13.9978,12.2318,14.1041,12.3289,13.9691,13.7661,13.2179,13.5535,12.6234,13.0289,12.4475,13.6778,12.0503,13.4875,12.3051,13.8715,11.1158,11.9022,11.9456,0
C-00474,3.8541,5.0088,4.5138,3.8487,3.871,3.2381,3.5606,3.8978,3.2097,4.5505,4.8292,5.0413,4.5973,3.4082,3.1044,4.0186,4.8734,4.5073,3.379,3.4497,3.3968,5.0128,4.7609,5.9293,5.471,5.6048,5.3605,2.8733,5.1139,4.8154,5.3501,6.4076,5.902,4.6465,2.7539,5.8586,5.3244,5.7532,7.4528,6.0203,5.6418,4.7896,6.6758,6.3819,5.6053,7.3471,6.6345,5.7,4.3462,6.4804,6.3886,7.7604,6.0783,7.146,5.8528,4.4737,5.7144,6.6215,7.4148,6.5273,7.2744,4.75,5.7815,6.1871,7.1337,6.9333,6.8175,7.1386,6.1484,5.2101,7.5293,7.2227,6.2711,6.4282,8.2319,6.6663,6.9168,7.5701,7.2363,6.8587,6.8519,7.3133,6.4805,6.1224,7.2972,6.7825,7.8445,7.3545,6.9822,5.2177,6.9627,5.5897,7.8393,8.2653,6.5585,7.5519,5.7938,6.6404,6.7285,6.3608,7.1239,6.8967,6.4778,4.7663,6.6643,6.5311,7.1919,7.3458,7.8091,6.9408,5.8035,6.3421,7.5635,6.3746,6.2331,6.4644,7.5481,6.458,4.1879,6.1223,0
C-00477,7.7321,7.6006,7.6033,6.8335,8.3439,5.9838,5.9648,7.5344,7.5093,6.6533,8.3798,8.4247,5.8715,5.2852,7.2818,8.0355,7.7569,7.2009,8.6948,6.478,6.2242,7.3652,9.2489,9.1319,7.1541,7.2422,5.925,7.7253,6.6108,9.2623,7.3548,7.799,7.8442,7.1676,7.1157,8.2229,8.4482,8.1379,8.5794,7.6493,8.9026,6.8438,8.0021,8.6536,7.6314,8.3572,7.4467,8.9694,6.9754,8.874,8.841,8.8208,7.9432,9.1313,8.7209,7.0338,8.8091,8.3314,8.4452,8.1655,8.3354,7.9287,6.7984,7.9055,8.0559,7.8884,7.6303,8.3016,8.0355,7.1783,9.0934,9.6123,8.9212,8.6953,9.3614,7.1246,7.1094,9.0885,9.0404,8.2557,8.3931,7.2803,7.256,8.5476,8.2117,7.1399,9.6557,7.3846,7.7363,7.4501,8.1808,9.8027,8.2041,9.0683,8.8439,8.4212,7.4142,7.7066,8.8146,7.7701,9.0539,8.2763,8.9313,7.4979,8.2139,8.6689,7.9863,9.0943,9.838,8.4953,6.7898,7.8383,9.009,8.6482,8.3584,8.3098,7.6252,6.3319,6.7695,8.3243,0
C-00478,14.3753,14.6457,15.2387,14.1519,15.0329,13.7094,13.6814,14.9294,14.4882,15.354,14.6087,14.8297,14.6429,14.5402,15.3465,15.4097,14.7527,14.9434,15.7312,14.3737,14.9218,15.1475,16.0386,16.212,16.1101,15.3938,14.3241,15.0391,16.9045,15.8514,16.6077,15.7208,15.8026,15.8353,13.9995,15.2144,15.6911,15.9709,16.0783,16.8432,14.9828,14.7095,15.9109,15.9947,17.2253,17.3534,16.6203,16.1442,16.6912,17.0146,17.3244,16.9152,17.4016,15.9238,17.1582,15.2561,18.388,17.2449,17.8273,16.9163,16.6164,15.0887,16.8012,17.4815,17.8628,16.9689,17.5154,18.6831,16.0438,15.7415,17.0957,17.093,17.4257,17.7685,18.27,17.2424,15.8804,17.5276,17.7756,18.1826,17.4873,17.2791,16.569,16.0825,18.6622,17.7305,17.4189,17.9538,17.7397,16.612,16.8839,17.6216,16.9688,17.9201,16.1851,17.8833,16.742,16.9235,18.2897,17.8284,17.0754,17.5834,17.9844,16.2957,16.6119,17.7888,17.9501,17.551,16.7713,17.8742,16.6979,16.3005,17.5856,16.0502,17.1567,17.6579,17.551,15.2782,16.3294,18.0266,0
C-00480,13.3809,13.739,14.1152,13.5257,14.2772,14.2074,14.008,14.5642,14.4065,14.8988,14.3045,13.268,13.2295,12.7473,15.0704,14.6009,14.5612,13.2258,14.7577,14.435,13.3691,15.3336,15.015,14.6945,15.2699,14.7656,13.4909,14.1965,14.8371,15.7795,15.6882,14.6485,14.6222,14.0609,14.9712,14.9514,15.8724,14.8688,16.5202,16.0438,15.7765,14.1666,16.0682,15.4578,15.2978,16.0873,16.5119,14.6249,13.6467,16.2202,15.0603,16.3059,16.4216,16.5068,15.8577,14.8492,16.1228,15.3373,15.8873,16.1588,17.0021,14.6223,14.3194,16.8103,16.6081,16.5671,16.543,16.074,15.4146,15.9255,16.0291,16.2103,15.7133,15.7865,15.5395,13.857,14.9087,16.2453,17.1856,15.9741,15.969,15.67,14.8857,15.7398,17.082,17.3804,16.2986,16.1493,15.7186,14.3566,14.684,17.7211,16.745,16.9193,15.9782,16.8992,13.9874,16.7154,15.4476,17.1266,16.5936,15.5941,15.9786,16.3706,15.1203,15.949,15.9993,15.7282,16.5391,16.3587,15.2051,15.3012,16.218,16.0457,17.1626,16.9343,16.5559,13.1282,15.2557,16.7057,0
C-00481,5.2289,5.7769,5.9331,5.8698,5.5067,4.6915,4.3588,6.1469,4.4528,5.2411,5.557,5.3556,4.1503,3.8674,6.436,6.0846,6.6519,5.3997,6.3312,4.9802,4.7817,6.6117,5.9779,6.1355,6.2367,5.794,5.363,5.1387,7.4167,6.8493,6.1022,6.6814,7.5791,5.5886,4.4916,7.549,6.9365,7.1961,6.5225,6.561,5.6879,6.1746,6.4248,8.3576,6.5738,6.4999,7.4369,5.6203,7.2561,7.2754,7.6087,6.6261,7.7657,7.3627,6.5269,5.6188,7.5945,7.2618,7.5387,7.5231,7.7767,7.6926,6.0696,7.5462,7.2941,7.9762,7.7749,7.2562,5.9421,6.751,7.9397,6.5428,7.5501,7.3471,7.8257,6.4546,6.9315,8.4148,5.7281,8.5373,7.8009,8.894,6.9174,6.7418,8.142,8.059,8.8817,7.3266,7.7155,6.4936,6.4202,9.3565,8.5526,7.4492,7.1618,8.2341,6.848,6.4969,7.5332,9.4261,8.9153,6.964,7.9258,7.218,6.4606,7.5124,8.5465,7.4386,7.9314,8.0639,7.5537,6.6458,7.5092,8.3578,8.2753,7.4428,6.3221,7.3552,6.3901,7.8094,0
C-00482,14.2316,14.6779,15.2108,14.9575,14.6968,13.7086,12.2709,16.3895,13.8369,14.558,14.9866,15.0452,14.184,14.3499,15.7721,15.4668,15.9341,15.3791,14.9935,14.028,15.1911,16.2471,16.8383,16.5715,15.9886,16.2849,14.9796,16.133,16.9713,16.5037,15.9642,15.361,16.1071,14.7194,15.3463,17.6841,16.8698,16.4728,16.8548,17.4246,16.2382,16.4998,17.1674,17.1792,16.5957,17.0647,15.9314,16.6199,16.5744,18.4319,16.6268,16.7692,17.7137,17.8085,16.9558,17.0192,17.1786,17.6636,19.0107,17.9233,17.7914,15.7644,16.5352,17.8539,17.5912,17.6768,19.1544,18.072,17.1851,16.411,18.0739,17.8279,17.4914,17.9176,18.5187,17.7278,16.6697,17.8318,18.4898,18.0375,18.0003,18.242,18.1725,17.0757,17.966,18.8814,17.5486,17.7071,17.7704,17.6543,16.6097,17.4903,18.8915,18.7009,17.6957,18.3407,16.1717,16.4496,17.5311,18.2819,17.438,18.5232,19.5815,16.6698,17.2495,19.1509,18.3515,18.0038,18.5018,18.5726,15.7412,16.7081,18.7944,18.2142,18.4997,16.7507,18.4378,16.7947,16.6115,17.6716,0
C-00484,12.3337,13.6978,12.2316,12.5977,12.824,11.5522,11.4238,12.8086,13.6049,13.7346,12.5133,12.8501,12.0422,12.5896,12.2255,13.1772,13.57,12.6995,13.9165,12.9599,12.6792,14.6845,13.2888,14.6407,13.9983,14.9428,12.5419,13.1626,15.0419,13.4449,15.2006,13.9666,15.0051,12.6113,14.5427,14.9139,14.3399,14.2807,14.6714,13.7636,13.8089,14.1377,14.9924,13.77,14.4182,15.2745,14.9728,13.6607,13.2058,15.7714,15.5518,14.88,14.2778,14.4588,13.668,12.7374,15.7436,15.8668,15.7522,15.6672,15.7156,14.314,14.4515,14.6402,16.6381,15.0805,17.3268,15.2447,15.0826,15.1167,16.4611,17.1958,16.0697,16.8819,14.8128,14.9049,14.3949,15.9618,16.4952,16.6665,16.4943,16.6725,15.3268,14.7522,15.897,15.3704,15.4917,16.5448,15.9205,14.6818,14.3179,16.2284,15.6793,15.8992,16.0537,16.798,14.928,15.4735,15.4522,15.8751,15.7925,15.0255,16.4571,14.396,15.6899,16.2603,16.0329,15.5214,16.0709,16.6501,14.2199,14.9467,15.7605,15.7824,16.453,16.216,15.58,14.3588,13.3454,15.6054,0
C-00485,6.6345,7.6789,7.1019,7.0904,7.5799,6.0211,6.2871,6.0504,7.5134,7.5695,7.5505,7.515,6.2874,6.5237,8.0473,6.386,8.7481,7.0821,7.3094,7.1055,7.0654,8.6084,9.1134,7.5823,7.8091,8.7641,5.4744,7.7674,8.2177,7.3777,7.9296,8.6452,8.5899,7.7026,7.5571,8.8459,8.6535,8.3145,8.5429,9.6203,7.1755,7.7874,9.7776,10.3054,8.5099,9.0398,10.5103,8.4946,8.7475,10.347,9.1833,9.6429,10.0475,7.9724,8.6743,7.3896,10.0747,9.6824,9.9649,10.0471,10.2856,7.9879,8.8766,11.0919,11.1682,10.9058,9.315,10.405,10.6214,9.8245,10.1171,11.5252,11.3867,11.0471,10.2146,9.2772,8.8101,10.1974,11.0994,10.4365,10.2062,10.667,9.1382,9.1929,9.6787,10.853,10.7976,10.4597,10.8945,7.6093,9.1249,10.1767,11.2475,11.4707,10.9555,10.9126,9.7321,9.492,10.9044,10.691,11.4863,11.4137,10.7263,10.1321,7.8159,9.9791,9.0823,10.2667,10.8604,10.0911,8.3875,9.2437,10.0523,10.1023,10.0385,9.8338,10.2996,9.8194,9.4155,10.1952,0
C-00486,15.1247,14.2946,14.0264,14.3909,15.2917,14.2861,13.3604,14.7386,15.6059,14.4159,15.9718,14.8846,14.9061,15.1067,14.8886,14.808,15.1715,15.6318,16.5022,13.8652,13.5378,16.1622,15.3626,15.1346,16.7254,15.3376,14.2376,15.9219,15.051,15.5587,15.9767,16.8609,15.5164,14.0543,14.4955,16.2672,16.0062,15.7654,15.7518,16.1341,15.161,15.7815,16.1132,15.999,16.782,16.1951,15.6249,15.2645,15.8735,17.1637,16.0567,18.3055,17.5635,16.5207,15.6806,15.8112,17.5271,16.9559,17.7053,16.0674,17.5295,15.8168,15.2288,17.0966,16.1056,17.4859,18.1788,17.113,16.4116,15.011,17.0215,16.2663,16.8693,17.5278,17.8079,16.2466,16.8311,17.915,18.9118,17.0415,16.8941,18.0909,15.1521,15.3491,17.8458,16.8587,18.348,17.2998,17.9081,16.3593,16.7208,17.4502,17.8043,17.8942,17.4215,17.2179,16.8012,16.3067,16.771,16.8379,16.0818,17.5835,16.956,15.8141,16.201,16.8475,16.4352,17.643,17.0578,17.5533,16.4214,16.2121,17.2748,17.2662,17.7007,17.9991,15.9707,17.0764,15.717,17.203,0
C-00487,10.7628,9.6199,10.0059,9.3033,10.6823,8.7731,8.9553,10.0808,11.0082,10.0146,10.6671,11.7708,10.5926,8.9694,10.7108,9.8946,11.7568,10.5501,9.3105,9.6959,10.9132,10.7219,11.6089,11.08,10.1762,10.994,10.036,9.5166,11.8681,11.7177,11.7032,10.9058,11.4513,10.8673,10.7604,11.6521,11.5912,12.0322,10.6164,12.3279,10.1601,11.8004,11.9206,12.3986,11.178,10.8005,11.92,11.2592,9.7642,10.7954,10.815,11.6967,12.5417,12.3746,11.1976,10.2089,12.156,11.7058,12.6961,12.4313,13.0237,11.2594,10.7445,14.1114,13.3576,11.6689,12.3554,11.6387,11.377,12.3795,12.8896,12.223,12.5169,12.8387,12.7056,10.021,11.6909,12.4736,11.547,13.5435,13.1146,12.1056,12.1335,10.652,13.1829,12.6887,11.814,11.5968,13.2027,10.5964,12.2031,11.8795,12.8042,12.9666,12.5597,12.2149,12.2108,12.158,12.6456,12.22,13.1497,13.1265,13.5178,11.8022,11.5096,12.7636,12.7166,12.738,12.6245,13.0224,11.1589,11.888,13.8718,12.2161,12.192,10.8957,12.4671,9.9879,10.3804,12.219,0
C-00488,8.6302,8.9457,8.6892,9.1259,8.3528,7.7948,6.5042,9.175,9.1341,8.8268,9.9704,10.0325,7.3572,8.8182,9.3781,9.3464,9.5989,9.3967,9.964,7.0089,7.6774,8.5898,9.3478,9.1703,9.4819,9.4455,9.2355,7.8549,9.4742,9.314,9.8482,9.4676,10.6934,9.4994,9.114,9.9255,9.6935,9.2346,10.3891,9.8753,8.4786,9.0577,9.8352,9.4457,11.2495,10.6604,9.6291,9.9416,8.9289,9.4723,10.7576,10.3948,10.0051,10.3008,9.6578,9.5303,9.9371,10.5802,11.1272,11.2356,10.4125,9.9852,8.7689,11.2209,10.3906,9.95,12.3695,10.5378,10.4663,9.4669,10.55,11.1382,9.5276,8.9219,10.2992,10.4435,10.0268,11.5611,11.1019,10.6719,11.5855,9.5788,9.3864,10.3518,10.8105,11.0453,10.5445,11.6824,10.4078,10.7892,10.4851,10.4356,12.2379,11.1379,11.014,10.0202,10.0783,9.9384,10.56,11.7986,12.3113,11.1044,11.2764,10.1888,9.3571,11.164,10.7247,10.9073,11.0009,10.7279,10.5191,8.5295,10.8651,10.7804,10.9493,10.9986,10.5471,10.2513,8.8668,10.9843,0
C-00491,4.6943,4.0795,4.3423,4.2018,5.3688,3.7574,3.7153,5.1771,5.3529,5.6558,4.9557,5.0338,4.137,4.385,5.2875,5.1444,6.2056,5.3499,6.6014,3.4067,4.2099,5.7193,5.9876,5.2046,5.5544,5.9445,4.747,5.0842,7.2379,6.931,6.0215,6.0708,6.0938,4.3335,5.6839,6.0281,5.8402,6.0491,6.346,5.8555,6.2602,3.9298,6.565,6.8566,7.6628,6.0521,7.528,4.8297,4.8977,7.6012,7.519,7.269,7.191,5.4012,7.3264,5.9824,7.6827,7.2892,6.833,7.2135,6.6957,5.4618,5.7977,6.8428,7.4127,7.7825,6.7039,8.1226,5.4937,6.4464,8.4484,7.2508,6.481,6.7478,7.0438,6.2978,8.3927,7.4853,6.941,6.6301,7.7468,7.5121,6.7476,6.4125,6.5404,7.9926,6.522,6.6684,7.9526,5.4574,4.7053,7.6406,6.7941,8.8878,7.1153,7.5198,5.6907,6.7433,6.9996,7.8634,7.1913,6.7988,7.4327,5.5453,5.4276,6.7565,6.5971,8.2219,6.9869,7.6294,5.0798,6.947,7.2058,6.0536,6.9286,6.7443,6.7068,4.373,6.3929,6.963,0
C-00494,13.1186,13.1944,12.8907,12.3071,12.997,12.5879,11.8246,14.0428,13.6494,12.8519,12.5846,14.4186,12.6364,12.6236,13.9931,13.5636,13.0561,13.0178,13.9264,12.2684,12.4664,14.2139,13.1926,14.4093,13.3163,14.6349,13.3889,13.4372,13.866,14.4991,14.9563,14.9008,15.538,13.4148,12.3441,13.9478,14.0655,14.4711,13.8093,14.2892,12.969,12.2005,14.3265,13.8761,15.3655,14.4578,14.021,11.9088,12.4293,14.9927,14.5239,15.1563,15.1188,14.3875,13.4326,14.7985,15.3387,14.2789,15.3553,15.2913,14.7446,13.5817,13.8556,14.0758,14.75,15.7846,15.1633,15.1171,12.7848,13.1054,15.3393,15.5245,13.926,15.2118,14.3849,13.1847,14.2973,15.0946,15.5357,14.5419,15.4787,15.1109,14.7864,12.9409,14.8384,15.4481,15.2306,15.2781,16.9994,13.7799,13.7645,14.8514,14.7178,14.2249,15.3611,15.8195,14.5599,13.914,15.0374,14.8015,14.276,14.3305,14.7982,12.9036,13.084,14.8674,15.8646,14.6599,14.928,15.7921,13.8946,13.85,14.2119,15.5607,15.4776,14.3886,14.8027,13.7497,13.486,14.1368,0
C-00497,9.7765,10.823,10.9896,10.4052,11.0814,9.5285,9.6886,11.1149,11.3254,10.6502,11.5037,11.3926,9.8033,11.7772,10.6728,11.2374,10.4297,12.805,11.9063,11.2805,11.1062,12.0015,12.1869,11.079,13.1212,12.5481,10.5483,12.044,13.1557,12.1331,12.85,12.6569,12.9545,10.6342,12.0615,12.4203,12.4591,13.6551,12.846,14.0565,11.3192,11.6737,13.9457,13.4492,12.9239,14.146,13.3772,12.2005,12.1436,13.9157,14.2062,13.2774,12.7669,14.3789,12.1277,12.8781,13.5614,13.9404,14.6051,15.2019,13.8871,12.6703,12.5189,14.7818,13.8309,13.7715,14.9608,13.9087,13.5185,13.5367,13.7032,14.9057,14.3803,13.7937,14.6592,13.1296,12.3757,14.2147,14.6309,13.29,15.1241,14.3966,13.6374,14.5788,15.4675,14.7634,15.078,15.1901,14.4185,11.7267,12.902,15.2147,15.0765,15.0192,14.4181,15.0695,13.204,13.6785,13.9123,15.28,13.7418,14.8736,13.5609,12.9207,13.3973,14.3056,15.2924,14.5634,14.1556,15.4522,12.6725,13.3172,13.2931,13.2985,13.6244,13.0849,13.7583,12.9576,13.0483,14.5117,0
C-00498,13.9256,14.123,12.9746,13.8491,14.3642,11.8574,13.0494,13.5652,13.5162,14.574,14.4623,13.0738,12.8647,11.5614,12.8046,13.8317,13.9813,13.5717,13.6269,13.029,13.1598,14.9456,13.8299,14.8586,13.5406,12.9838,12.3714,12.298,14.0916,16.0027,13.7825,14.1157,14.3652,13.1588,14.7853,14.425,14.458,14.463,15.7789,15.3186,13.5228,14.0705,15.4013,15.1412,15.2017,15.6346,15.365,13.7682,13.2289,15.4781,15.3373,14.7186,14.8645,15.4666,15.1309,14.5839,15.0672,14.9355,16.1289,14.7313,15.2837,12.9138,13.6444,14.671,15.1336,16.0388,15.6141,15.0265,13.8886,13.8685,15.7876,15.7899,16.2216,16.1867,15.1291,13.95,13.8491,16.657,16.0843,16.0521,15.5049,16.0635,14.5765,16.2072,15.4341,15.7231,16.2812,14.9195,15.9364,13.2254,14.4048,15.8612,15.2132,15.8152,15.855,15.9326,14.3646,15.122,16.6596,15.2006,14.6807,16.6733,16.8096,14.3801,14.2863,15.8489,15.1887,16.5861,16.1549,15.985,15.1573,15.6864,15.8174,15.5686,16.3269,15.2219,15.7792,14.0459,13.6379,14.5943,0
C-00499,1.569,3.6503,2.8568,3.755,4.6229,1.3481,2.0127,2.6509,3.0686,4.6635,3.8359,4.4136,1.4098,1.7344,3.6147,3.6991,4.5592,4.0875,3.8299,2.8457,2.2479,3.5825,4.5916,3.6278,4.4123,3.3778,1.8346,4.0085,3.8527,3.4172,4.3401,3.9138,3.7635,3.3224,2.7444,4.2125,4.7252,3.7303,4.3682,5.2341,2.9953,3.0448,5.626,4.1279,4.582,3.6571,4.9762,3.3237,3.4147,5.6713,5.8201,6.0729,5.2603,5.4991,4.5224,3.7265,4.6558,4.0983,4.9709,5.2018,5.392,4.5677,3.7121,4.6871,6.5335,5.8475,5.5206,5.6871,5.4021,5.0868,5.0957,6.0776,5.7478,5.6185,7.2271,4.376,4.2567,6.0268,5.484,6.1669,6.0498,5.3805,3.8749,4.1671,5.3759,5.8743,5.3015,6.5402,5.6821,3.9405,4.2736,5.9088,5.0242,5.5201,5.6447,5.0036,4.6855,4.0246,5.5508,5.6103,5.3757,5.8914,5.4774,5.1218,4.5904,5.9725,5.2533,5.4806,6.2311,5.2096,4.9294,4.0681,6.1084,5.6237,5.6302,5.3873,4.7803,4.648,3.3575,6.6943,0
C-00504,14.2222,14.7602,14.0636,12.5371,14.2602,12.3535,13.189,15.1539,15.0649,15.6392,15.8227,14.9303,13.558,13.8206,15.7604,15.8477,16.2141,14.7333,15.6115,14.6012,14.6727,15.6136,15.9395,17.0239,15.2156,15.1083,14.7563,15.7642,14.3884,15.4041,15.0829,16.6489,14.9136,14.4515,14.5141,16.1201,16.3309,15.3004,16.8785,17.2442,15.9595,16.5127,16.269,16.7576,16.5394,16.1248,16.2761,14.8858,16.7565,17.1527,16.0536,17.0362,16.1553,16.9435,14.9975,14.6741,17.1483,17.6235,17.4797,17.9783,17.1771,16.5321,16.89,16.5299,17.7259,18.6446,17.6806,16.0182,16.0842,17.0507,18.4056,17.4907,16.8031,17.0556,18.1373,15.6395,15.9578,17.43,17.377,17.0742,19.2146,16.6505,16.4364,15.894,17.92,17.5416,17.4482,17.431,17.443,18.1992,16.3145,18.0434,17.8744,17.4735,17.9415,17.7909,15.6589,15.5117,17.3173,17.4527,17.561,15.9949,17.3762,16.1356,15.0447,17.7261,17.2989,16.818,18.2056,17.4655,17.3777,17.2009,17.4008,17.5366,16.3739,17.6589,17.1712,16.8709,16.9126,17.8489,0
C-00508,11.2377,10.5423,10.524,11.3075,11.1039,9.7267,8.675,11.2101,11.0473,10.632,10.2702,11.7937,10.1728,9.8144,10.6028,11.9294,10.2821,11.0312,11.9504,10.0514,10.9136,12.3079,12.401,11.6972,11.8911,11.5658,8.4969,10.5993,10.966,12.1901,12.6244,12.2556,12.4887,10.5956,11.0698,11.5994,11.3475,12.4361,12.2707,11.721,10.4509,11.1061,12.0885,11.2547,12.3383,13.0339,12.5821,10.529,12.6768,13.5743,13.759,11.4752,11.4287,12.4694,12.5609,11.6994,13.362,12.802,12.1159,13.5794,12.9852,13.0629,11.8799,14.6177,12.4712,13.3655,14.2879,12.8801,11.7239,11.4,14.2167,11.9606,12.6516,13.9617,13.3144,13.3621,12.5196,13.4488,13.3471,13.7376,13.4858,13.5791,12.5193,12.3776,13.0486,13.7757,12.3704,13.5724,13.8686,11.03,12.4985,13.2004,13.2726,12.3955,12.9005,13.1133,10.3463,12.0752,13.7875,13.6816,12.6337,13.9952,13.2553,12.6008,11.8031,12.3935,12.7026,13.4081,13.0578,12.7798,11.8438,12.9138,12.6126,12.9315,12.7988,13.9197,13.5097,12.0458,11.581,13.868,0
C-00512,12.0443,11.0959,12.4299,12.0821,13.53,10.8821,10.9674,13.061,12.8589,12.5966,12.5252,13.516,11.8036,12.302,13.2833,13.2589,14.0201,12.7355,13.9527,11.8135,12.1313,13.6548,13.4886,13.4205,12.3442,12.8717,12.8411,12.1068,14.5058,14.4394,13.7467,15.2067,13.6513,13.5102,13.3775,14.3088,14.2836,14.8136,14.5122,14.7163,12.5506,13.3581,15.5617,14.9203,15.341,13.6054,15.0946,13.3202,13.1927,14.0439,14.4473,14.7262,16.3601,14.6704,14.3462,13.0538,15.9357,15.2884,14.8698,15.4708,14.6287,15.3095,14.5033,16.3852,16.0371,15.5819,15.5787,15.1391,13.7215,13.8677,15.7988,16.4969,16.1916,15.9716,15.7104,13.6718,15.4637,16.7387,16.103,15.2693,15.65,15.8132,13.9689,13.6394,16.3207,16.4659,15.7704,16.1162,16.6839,14.2888,15.4365,15.1035,15.815,15.2965,15.7001,16.5918,15.4307,14.2044,15.789,15.8951,16.869,16.5363,16.2924,13.6349,15.2549,15.0707,14.7644,16.4863,16.1487,15.494,14.0665,14.8264,15.2166,15.2587,15.1843,15.9816,15.5346,12.9313,13.7982,16.1136,0
C-00513,3.9345,4.4571,5.8512,4.8115,4.6604,2.8823,3.5408,5.3948,4.8306,5.6706,4.859,4.9794,3.6103,5.0644,5.2247,5.2512,4.4887,4.436,5.0763,1.8333,3.3056,4.6051,5.2201,5.0838,5.1415,5.2557,3.4937,2.9356,4.3908,4.955,5.1177,5.0724,5.1407,4.0347,3.5439,5.506,4.61,4.7052,5.17,4.562,3.8492,4.7574,5.2344,5.5771,5.4662,5.025,5.3199,2.8597,4.0918,5.1766,5.4144,6.6208,5.8428,5.18,4.5732,4.6563,4.7278,5.4354,4.8009,4.9025,5.017,4.9627,4.1109,6.3326,5.8276,6.066,5.6547,5.5429,4.9647,4.1712,5.8623,5.8334,5.1867,5.4509,5.7585,3.7774,5.4653,5.9125,5.2494,6.4484,5.687,5.9351,3.8602,4.4507,5.2841,5.959,6.1031,6.356,5.1844,5.0429,4.0784,5.6943,5.847,6.1724,6.4146,6.1612,4.324,4.3965,5.8531,6.3929,5.7294,5.0987,5.2618,4.5156,4.7829,5.5245,5.19,5.79,5.9258,5.478,3.9378,3.941,6.4695,6.3537,5.6402,6.2748,6.0185,4.4186,5.5226,5.8568,0
C-00514,3.575,4.434,2.4347,3.6875,4.5359,0.9882,2.3539,3.7186,4.0684,3.8443,4.2174,3.2291,2.6986,3.4969,4.7945,3.8145,5.044,3.4876,4.2766,3.5056,3.1208,3.8077,3.9253,5.0222,5.3857,4.5912,3.0132,3.2491,4.622,4.2193,5.4644,5.0543,4.7529,4.5721,3.4206,4.7032,5.0235,5.6941,5.3571,5.4484,3.9515,5.7136,6.046,6.004,5.8126,6.0921,6.5176,3.9647,4.3671,5.4281,5.8117,5.5657,6.6987,5.9264,5.254,5.1654,5.8886,5.7725,5.0873,6.8986,6.2783,4.6994,5.202,7.0037,6.7579,6.2239,6.3892,6.128,4.36,4.4812,6.8846,6.0833,6.6705,6.8838,7.5313,5.7229,5.3988,6.9225,6.8318,6.2127,7.3042,5.499,5.2018,4.6126,6.7531,6.3769,6.5135,6.8218,6.2937,5.0586,5.2569,6.5464,6.6466,6.8108,7.0738,7.0334,6.5555,5.9933,7.2071,6.7626,7.158,6.62,6.2522,6.2809,4.6341,7.5483,7.0727,7.6065,7.0129,7.4784,5.7003,5.1326,6.4322,6.2071,7.0367,5.4838,6.9541,5.7506,4.635,6.4646,0
C-00516,11.0326,11.6197,11.6434,11.6199,11.8837,11.3992,11.3801,11.5476,12.6606,11.9198,12.7015,12.6557,11.8488,10.4165,12.0502,13.0895,12.7913,12.5248,13.1497,12.2736,10.6262,13.3134,12.3111,13.7611,12.5842,12.7453,12.347,11.1771,13.2919,13.3587,13.3653,13.3593,13.4099,12.4834,12.3238,14.5865,14.6619,13.5462,14.0166,13.7995,12.3819,13.0878,14.0112,13.8844,13.5331,14.4295,13.452,13.1436,13.0696,14.561,14.0353,13.7372,14.1112,14.295,13.3338,13.8677,15.0493,14.6486,13.3797,14.2722,14.0902,13.166,14.7733,14.0098,14.2539,14.9872,15.2254,15.3981,12.9754,14.0432,15.3065,14.6459,15.1663,14.1571,14.2136,14.3641,13.0598,14.8613,14.8847,13.9321,15.4006,15.1714,14.5097,13.5294,15.8744,14.3204,14.5057,13.9134,15.3352,14.0518,12.8463,15.2099,14.2796,13.8648,13.8261,15.5654,12.9024,13.9775,14.3666,14.9385,14.7911,14.8327,15.1735,13.7207,12.9631,14.9229,14.3818,15.0393,14.1689,15.078,14.2115,13.8908,14.9548,15.3557,14.1094,15.411,14.3015,13.2096,13.6984,14.0682,0
C-00518,6.9612,6.5865,8.2063,7.5507,7.5609,6.0647,5.4547,7.1169,7.3471,7.9852,7.2998,7.1945,6.5727,6.3278,7.4335,8.0313,7.5619,8.3257,7.315,6.147,6.9276,8.0015,7.3708,7.6304,7.6604,7.8271,6.034,8.2629,8.3542,8.6344,8.5237,7.1088,7.697,6.6727,6.0601,8.7397,8.9839,7.7849,8.5765,7.5834,6.7164,8.097,9.1302,7.8241,9.6762,8.7472,8.7711,7.2448,7.0821,9.5361,8.5308,8.2387,8.1254,7.7094,6.9273,8.3529,8.1029,8.1704,9.0103,8.3048,8.6572,8.1898,8.5425,9.0682,7.8068,8.2497,9.018,8.8313,7.3394,7.2941,8.0409,8.1877,9.2356,9.1961,9.5542,8.3727,8.5172,9.4215,8.4706,9.2434,9.7293,8.6901,8.2005,7.8083,9.3978,8.876,10.2751,9.2054,9.881,7.6466,7.3775,9.2247,10.0485,9.6859,8.0606,9.8395,8.901,7.808,9.3537,8.4903,10.0396,8.5439,8.5991,6.665,7.6753,9.3621,9.7406,8.7229,10.2555,8.9576,8.4403,6.8907,8.0814,8.7465,8.4558,9.0566,9.5158,7.859,8.3531,8.8573,0
C-00523,8.1836,8.6418,8.6596,9.1361,9.3778,7.0127,8.3371,8.6961,8.7591,10.0202,8.8921,8.7508,8.3352,7.5161,8.6162,9.3292,8.6219,9.0838,10.2129,7.7662,8.9022,9.459,9.3912,8.9259,8.9995,8.3169,9.2959,9.1056,9.7083,9.0588,9.9772,10.0451,10.5404,9.6063,8.9638,9.2066,10.3218,9.8854,10.239,9.1698,9.367,9.6918,8.9752,10.5591,10.0241,9.766,11.0914,9.2976,8.5987,9.1921,8.7633,9.4871,10.0057,10.0554,9.7081,10.046,11.1193,10.462,10.6911,10.2661,9.2753,8.9643,9.8269,9.8823,9.5937,10.4216,11.1381,9.9847,9.2166,10.1116,11.3537,10.2522,10.5429,10.6039,11.0979,10.3988,9.9223,11.9885,10.5971,10.2297,11.4742,10.2722,8.8145,9.7096,11.4237,10.4529,10.2423,11.3413,10.5811,8.2586,8.9403,10.4657,11.31,10.7742,11.024,11.0032,10.5619,8.5888,11.2326,11.6445,10.7986,10.8205,11.9549,10.3441,9.5607,11.0396,11.9877,9.9686,10.2069,10.7917,9.5899,9.5252,11.0237,11.2491,11.1505,11.3973,9.3217,9.9218,8.4245,10.8337,0
C-00524,10.8091,10.7323,10.2155,9.6529,10.1393,9.5443,9.452,11.9534,10.6986,11.4274,11.2634,11.0435,10.4748,10.5463,12.299,10.4113,11.8908,11.5108,12.3246,10.9316,10.2541,12.3305,12.2377,12.7998,12.917,11.7076,10.696,11.2974,12.5884,12.4572,11.9988,13.3101,13.3707,11.9966,11.9662,12.7013,13.4741,12.4963,14.4826,12.9879,12.996,10.7455,13.9513,12.5086,13.4096,14.0975,13.9848,11.3745,12.2828,13.7111,13.8334,13.394,13.9999,14.1997,12.4848,13.1502,14.5073,14.4291,13.8189,14.4659,13.8153,12.1295,13.2421,14.0509,14.2204,14.5751,14.1501,13.4409,12.8673,13.1635,14.2509,13.5908,14.5557,15.077,15.4727,13.3623,13.6657,13.9939,14.9284,15.0184,14.698,14.7244,13.3783,12.9637,13.9681,14.4287,14.0779,14.9194,13.7445,13.9519,12.7489,13.969,15.3219,15.1895,14.9059,14.3972,12.3354,14.0471,14.0405,14.1157,14.9709,14.7685,14.4129,13.1351,12.989,13.9264,15.0621,14.0049,14.4756,13.7939,13.6194,12.9331,13.7231,13.3684,14.1839,14.2266,14.275,12.7393,12.4391,14.5081,0
C-00527,7.8633,7.983,7.8733,7.5391,7.7606,7.4356,7.0021,7.7687,8.5422,8.3007,8.3812,7.321,6.7166,6.9929,7.721,8.2204,7.4063,8.9598,7.2227,6.618,7.1585,8.9211,8.0021,8.5982,8.7299,9.0225,7.173,7.2102,7.2148,8.8431,9.0782,9.0906,8.6626,7.3403,6.4133,8.3057,8.0952,8.0459,8.8559,8.6869,6.2672,7.0383,8.0747,8.5132,8.5793,8.3611,8.833,8.2941,6.3207,8.7623,8.8857,8.3887,7.6265,9.061,7.2489,7.7453,9.1509,8.287,8.5684,9.6088,8.9885,7.1867,7.1116,9.411,9.4428,9.0142,8.4073,9.5025,7.9425,8.6668,7.367,8.9881,10.1874,10.066,10.199,9.1502,8.7269,8.6053,8.8666,9.3888,9.009,8.4794,6.9108,6.3506,9.8339,8.6509,9.0934,10.2242,9.6373,7.6617,8.1963,10.0452,8.9267,9.7919,10.4287,9.1674,8.8092,7.3245,9.5491,9.3217,9.483,9.4934,9.1322,8.0134,7.7118,9.6858,9.634,8.6363,9.6536,10.1706,8.2496,7.5277,9.4478,9.36,9.96,8.91,9.7562,6.3057,8.1589,8.8329,0
C-00529,10.255,9.9813,10.2348,10.8769,9.9967,10.335,10.0544,8.8267,10.765,10.0778,9.5189,9.5079,8.9231,8.8937,10.8304,10.348,11.0041,10.7086,11.871,10.5997,11.2237,12.1383,10.8405,11.6793,11.6018,10.8403,11.2809,10.4988,11.5397,12.7339,12.3561,11.9131,11.6042,11.2946,10.8413,12.8588,11.9367,11.5977,12.5673,11.344,10.8021,11.6588,11.6739,11.4363,13.609,12.5538,12.819,12.1379,11.0527,13.5704,13.2912,12.5049,12.5367,12.6319,10.6528,11.3086,12.0674,13.0055,12.5349,12.9349,12.5978,11.6061,10.6839,12.7542,13.2563,13.9563,12.4302,13.0353,11.0827,12.4019,12.8674,14.0008,13.667,12.8154,14.5386,12.1783,13.1213,12.9613,12.7988,12.8878,14.415,14.334,12.6587,11.8899,12.9838,12.7665,13.5243,13.6814,12.513,12.5078,12.7886,14.0303,14.1411,14.0131,13.0727,13.1972,12.3996,12.0084,13.8928,13.9768,12.3513,12.7553,12.6411,11.6432,12.8361,13.292,13.28,13.1049,13.354,14.2481,12.4305,11.7778,12.7192,13.1125,13.2409,12.5757,12.8389,12.7454,11.0817,12.8403,0
C-00530,8.0813,7.0074,9.245,7.8419,8.222,7.9524,6.5164,8.3395,7.8986,8.3676,9.0804,7.8966,7.4535,7.2967,8.8241,8.8538,8.3835,8.4274,9.1853,8.2282,6.6925,9.8321,8.5457,9.0511,9.3718,9.2157,8.435,7.9998,9.175,9.3993,9.123,9.3161,9.2076,6.822,7.9581,8.8042,8.96,8.8716,9.528,9.6676,7.3124,8.328,9.4849,10.6332,9.884,9.8793,9.2247,8.5249,8.6949,9.6059,9.8308,8.7865,9.9958,9.9218,9.3566,9.6781,9.8222,8.909,10.0045,9.7497,10.9369,9.1466,9.3387,9.6761,9.7126,10.5024,10.4503,10.0868,9.1692,9.261,10.7281,9.3492,9.7763,9.9985,10.3022,8.835,9.5556,10.5447,10.7708,10.3957,9.9073,10.9783,8.7361,8.4448,10.3738,11.2623,10.5118,10.6235,9.665,9.4984,9.5346,9.9424,10.2316,9.9436,10.3108,9.6125,9.3142,9.2254,10.6018,10.0516,9.7373,10.8527,11.0039,9.5652,8.0864,8.7632,10.5789,10.5605,10.6561,11.7244,8.9115,9.7317,10.5486,10.5178,10.677,9.7892,10.533,7.706,9.196,10.6702,0
C-00531,5.337,5.6419,5.6072,5.2791,5.3293,5.4853,3.5059,5.6819,6.2862,6.0051,6.0638,5.8611,5.0565,3.9752,6.5738,5.8179,6.2754,6.3103,5.9766,5.0951,5.0176,6.6338,6.4373,5.7768,6.3277,7.088,5.7506,5.7999,5.674,7.4945,6.6165,6.8676,7.394,4.3217,5.4009,6.6663,6.8932,6.1734,6.5989,6.7719,5.5319,5.9377,6.2042,6.8547,6.6677,7.6854,6.8081,6.5311,5.3795,7.4495,7.0421,6.8091,7.1575,6.484,5.0377,6.792,8.0208,6.4853,7.0256,8.2829,7.1098,6.3654,6.9999,7.8379,7.3801,6.7491,7.4264,6.9025,6.0107,6.7342,6.7336,7.9393,8.3637,6.5681,7.8342,6.1579,6.0913,6.9651,8.1724,7.4657,7.7538,7.4832,6.7319,5.928,7.4461,8.1726,7.9073,7.3437,7.1056,5.7496,6.1434,6.0244,7.3639,7.0717,7.3456,7.2653,5.8791,5.6314,7.6111,6.5966,7.0969,7.3184,6.9423,5.1998,4.9791,7.9808,7.8211,7.1411,8.5861,6.5598,5.6554,6.2365,6.902,7.3373,6.1566,7.1074,7.6395,6.0589,6.2589,8.0542,0
C-00532,3.8033,5.6045,3.279,3.5328,3.3576,2.0068,4.1709,3.8308,3.8982,3.9048,3.9949,3.7618,3.8234,2.7787,4.0009,3.4667,4.7926,4.5094,3.9091,3.436,4.0643,4.6178,4.0496,4.1665,5.2366,5.0614,2.8915,4.5158,5.0432,5.3551,5.7287,4.4528,4.9681,4.1729,4.1119,3.5241,5.1289,4.7884,5.3849,5.094,3.1892,3.9094,3.6873,5.201,5.3373,4.3512,5.4303,3.9775,3.5368,5.1932,5.3047,5.3643,5.1889,5.5865,4.6989,3.7431,5.7088,5.6017,5.9868,4.9099,5.9058,4.1448,4.1037,6.4794,5.3828,4.9826,5.286,5.5552,4.4575,4.7373,5.8256,5.5429,5.8113,5.4114,6.9689,3.8501,4.9036,5.0212,6.5711,5.3235,6.111,5.773,3.7116,5.127,5.6766,5.5468,5.7315,5.7486,5.8022,3.9681,4.5505,4.7792,5.8959,6.0621,4.6556,4.979,4.4164,3.6476,6.2168,5.6606,5.0836,6.3925,6.0643,4.7436,4.9867,4.7278,5.4905,5.8026,5.5892,5.623,3.3606,5.0861,6.189,5.7799,6.9341,4.8539,5.4023,5.032,3.0769,4.938,0
C-00533,11.5362,11.376,11.9188,11.6532,11.3289,10.2299,10.9005,11.2352,12.1296,12.1481,11.4806,11.8346,10.4414,9.3202,12.5111,12.0411,11.5988,11.1994,12.1753,11.1765,11.7939,13.3231,12.2646,12.8427,12.2891,12.6341,11.9499,10.5077,12.3432,13.4284,12.2231,12.0204,12.463,12.4609,11.5569,12.7192,12.433,12.8856,12.6284,12.6395,10.6458,11.9423,11.942,12.0989,12.6601,13.0186,12.898,12.0206,12.0109,13.84,12.4436,12.3249,13.5365,12.6209,12.5613,11.6475,12.8873,13.4969,12.2699,12.9355,12.3208,11.7439,11.1797,12.6534,13.1451,13.5493,13.4879,13.6027,10.9585,11.9396,12.4813,12.4241,13.2871,12.5497,14.2977,11.7786,12.2577,12.7441,12.4003,12.7137,14.0972,13.8617,12.3876,13.007,14.2598,13.6626,14.2032,12.2648,14.1326,12.0705,13.4486,13.3697,13.8028,13.971,13.3088,13.3487,11.9639,10.9137,12.0154,13.3498,11.8097,13.6105,13.5138,11.9207,11.9552,13.8355,14.0652,13.7585,13.5816,13.8916,11.6135,11.8874,12.5671,13.6045,13.5167,12.9035,12.9822,12.4405,12.4393,12.7621,0
C-00537,13.2525,11.4827,13.308,12.14,12.775,11.4505,11.6431,12.5376,13.6537,12.3655,12.7197,13.8279,9.6813,11.3373,13.4657,13.0768,12.6884,13.2817,14.0339,12.0243,13.1603,13.3863,14.434,13.8905,13.0094,13.0344,12.2549,11.9559,14.1898,14.6764,13.8007,13.5111,14.1649,12.6059,13.6999,14.2618,13.5914,14.2861,14.328,13.922,12.5562,12.1927,14.6437,14.3854,13.3353,14.5749,14.2971,13.1114,14.1863,14.228,14.5933,14.8037,14.8626,13.9332,14.4167,13.7463,13.2022,14.8101,14.8697,14.6645,15.0438,14.7324,14.4648,15.3098,15.6008,15.0794,14.167,14.6029,13.7207,12.8432,15.1828,15.4617,14.6722,15.638,14.8941,14.8208,13.9833,14.5475,15.4932,15.2311,15.9038,15.5096,13.2629,13.8642,15.4559,16.5004,16.4337,16.1663,16.2155,13.7555,13.191,16.1087,14.5337,15.2954,14.6537,16.1078,13.6164,13.6377,15.9534,15.2713,14.7509,15.6864,15.0102,13.3868,13.129,16.3106,15.912,15.1375,14.302,15.6061,14.6809,13.7022,15.8917,16.7056,15.4929,14.6497,14.2614,14.1121,13.547,16.0488,0
C-00541,9.2423,9.7886,9.5072,9.5915,8.8561,8.8897,9.3449,9.2155,8.7917,9.8665,9.211,10.2707,8.3594,9.5509,9.626,8.8868,9.9578,8.0978,9.6303,9.1362,8.6136,9.2134,10.9886,9.3425,10.3692,9.5428,8.8737,9.3878,10.2024,11.1072,10.3705,10.2204,11.1474,9.3237,9.9958,10.8625,10.7824,10.5842,10.7679,11.5767,10.1517,9.3743,10.5152,10.522,10.7025,10.39,12.1741,9.6298,9.5329,11.3152,10.5737,10.2855,11.2796,10.7045,10.1236,9.8352,11.8653,11.518,10.0638,10.8561,10.1599,10.3299,10.0945,9.6523,11.6055,11.5862,12.0783,11.6078,9.2698,9.1769,10.3219,10.9041,10.7933,11.5818,11.0328,9.3898,9.723,10.138,11.0622,10.9812,10.9332,11.2424,10.5095,10.3263,10.8021,10.8678,12.1512,11.1536,11.4332,9.7183,9.3306,11.3594,11.3434,11.9443,11.1246,10.5353,9.3645,8.6625,10.7277,11.2045,10.9921,10.828,11.4146,9.8489,10.5879,12.1206,10.6812,12.3248,11.2094,11.5534,10.6682,9.3726,11.3365,12.085,11.1203,11.1995,11.3938,8.8272,9.7268,11.6453,0
C-00542,4.5554,3.576,5.1908,5.0016,4.4551,2.8039,3.8024,5.5034,5.3023,4.1763,4.1762,5.0325,3.0525,2.8542,4.6719,4.4344,4.6445,3.9406,3.7695,3.9317,3.6342,5.9548,4.7276,5.3088,4.8025,5.2604,4.611,5.3867,5.917,4.8566,6.562,5.9401,5.3465,5.2368,4.9311,7.1161,4.4365,5.8122,5.7439,6.5008,4.6163,4.4991,5.8943,7.1204,6.1283,6.5373,6.2194,4.9491,4.6957,5.803,6.3227,7.162,6.2416,5.902,5.1506,6.1931,6.414,6.808,6.0975,6.2698,6.1796,4.2623,4.3049,6.6059,6.4632,7.1141,6.3987,7.9464,5.7517,5.3525,8.1575,7.345,7.0543,6.7749,6.4478,6.755,6.4825,6.7836,7.0877,6.5338,5.5313,8.0242,5.3299,5.0101,6.3461,7.499,6.9731,7.5915,6.9795,5.3088,4.5945,7.2367,7.3522,7.3393,7.7772,6.8997,5.5046,5.6552,6.2228,6.4493,7.2412,6.6301,6.0829,5.4822,5.8474,7.2275,7.0894,6.6673,7.5089,6.3967,4.7031,5.5714,6.2492,6.44,6.3257,6.821,6.1129,4.9232,5.9353,6.8298,0
C-00543,11.1546,12.153,11.407,11.417,11.2678,10.1103,10.2457,10.7971,10.2394,10.2402,11.3078,10.2336,9.8908,9.8924,11.3667,11.7989,11.6312,11.0174,11.4977,10.0598,10.1191,11.6119,10.8456,11.6763,11.951,12.0477,10.1184,10.0275,11.7196,11.8198,12.1772,12.4244,11.5043,11.0283,10.3718,11.9806,11.7182,11.2488,10.9862,11.8557,10.2771,10.3331,11.6964,12.1347,12.1997,12.0501,11.7918,10.7053,10.8201,11.6532,11.8554,12.2977,11.9005,11.5406,10.6709,10.9833,11.6381,11.9685,12.7638,11.0862,11.7532,10.8351,10.3385,11.8713,12.0066,12.4758,13.4286,11.8539,10.9472,11.4071,12.3371,11.8248,11.5265,11.3851,11.9572,11.0398,11.3005,12.8241,12.5161,12.5644,11.2592,11.7007,10.2716,10.486,11.1959,12.1444,12.3384,12.5026,12.5659,11.1886,9.5358,13.1679,11.6045,12.7704,12.2675,12.0683,9.9313,11.4895,12.5681,11.4461,13.7115,12.2693,12.3401,11.1465,10.2464,12.0157,12.1316,12.6076,12.1963,13.1638,10.1163,10.8695,12.6921,11.5795,12.6306,11.9887,11.8588,11.3808,10.5046,12.1635,0
C-00545,15.1623,14.9963,14.6432,14.2982,15.0097,12.9527,13.2374,15.3671,14.7493,14.9767,14.3992,15.0496,13.2511,14.5941,14.8766,14.7173,15.5531,14.7049,15.0648,14.6334,14.8578,15.6106,16.714,15.2432,15.6471,16.4741,13.9485,14.7055,15.167,16.619,16.128,15.819,14.8891,13.9004,14.3507,15.9024,15.6701,15.9865,16.2323,15.5901,14.3517,14.7411,15.3507,15.4321,15.8123,14.6673,15.9242,14.4499,13.3426,15.6554,16.4944,15.2053,15.4387,16.9565,13.3004,14.7218,15.7719,15.7684,16.2095,16.7286,16.5717,14.5642,14.6862,17.3357,16.4947,16.9849,15.4874,17.1234,15.7648,14.9044,15.8212,16.859,16.8572,16.565,16.8426,13.8906,13.8464,16.2087,16.2244,16.4452,16.9625,15.8815,15.2882,14.8499,16.3315,16.7653,15.1988,15.9917,16.706,15.3428,15.4397,16.9586,16.6577,17.3553,16.3456,17.3624,14.4042,14.3274,16.3004,16.0213,16.0488,16.4128,17.1488,14.7724,13.7548,15.9991,16.3596,16.4437,16.9183,16.4683,14.7752,16.1188,16.1488,16.2575,16.2806,16.142,17.1019,15.2696,15.4044,17.2712,0
C-00546,7.4932,6.5011,6.9771,6.8777,8.0447,6.9742,7.1466,6.9851,7.1158,8.275,7.5499,7.6871,7.1996,6.62,8.2622,7.3465,8.106,7.8621,7.3629,6.6219,7.5171,8.7631,8.8463,8.2799,8.5791,8.3925,6.4374,6.818,8.3597,8.9427,8.6759,7.5102,8.6924,7.4875,8.5859,9.6011,9.3507,9.5068,10.4377,9.3761,7.4813,7.9399,9.659,8.9909,9.869,9.0483,9.4214,7.8158,8.0744,9.4008,8.8662,9.5116,9.1469,9.1945,8.4614,8.0531,8.8858,9.9612,9.928,9.0498,10.7769,8.8005,8.4491,8.9501,9.8311,9.5105,9.8298,9.3609,9.5776,7.7868,10.883,10.2328,10.1351,10.3887,11.0097,8.9493,7.9613,10.1443,9.2167,11.6758,9.7295,9.197,8.3,9.4052,10.0184,9.8157,9.3525,9.3815,10.1527,8.672,8.9654,11.6219,10.3554,9.989,10.0738,11.0696,8.4406,8.3647,9.9881,9.583,9.1285,10.1326,9.4296,9.0712,9.1312,9.0209,10.4476,10.158,10.6511,9.4472,9.2291,8.5689,9.0367,9.6658,9.9847,9.9539,10.1635,9.4454,7.3806,8.965,0
C-00547,14.6705,14.2734,13.1995,13.7788,13.8483,11.643,11.9442,13.6548,13.5251,13.5534,13.4003,13.6549,12.7064,13.2817,13.8807,14.5967,13.7946,14.312,14.6479,13.3859,12.353,15.2431,14.3583,14.4261,14.3949,14.9324,12.7993,12.5706,15.0903,14.2585,15.1393,14.3641,15.0097,13.1211,13.202,15.2983,14.9382,14.8461,15.2273,15.9681,13.4785,13.3896,15.5822,14.5007,14.64,14.7747,15.9824,14.3825,13.1491,14.8839,15.9815,14.9442,14.6717,15.4894,14.9246,13.7008,14.3928,16.689,15.5033,14.9044,15.5978,13.6056,13.1181,15.2055,15.1902,16.059,15.1743,14.5279,15.0848,13.7616,15.9718,15.3889,15.7768,15.8988,14.5979,15.318,14.3479,15.7753,15.972,15.4098,16.0613,16.2516,14.3108,15.6093,16.7974,15.9551,16.7921,14.8186,16.4397,14.6078,13.9332,16.79,15.8207,14.8909,16.5523,15.2613,14.6386,14.0773,15.7235,15.6707,15.9656,16.2924,14.9612,15.1518,13.9623,16.462,15.9097,15.8978,14.5625,16.7108,14.6514,14.6026,15.4038,14.4273,15.6488,15.6741,15.9267,13.6399,13.9199,16.3286,0
C-00551,2.4116,2.3558,3.5431,2.5399,4.5395,2.4495,1.7757,3.6808,4.1014,4.3658,2.5082,3.7052,3.1996,1.6915,2.9067,3.8432,4.8709,3.4155,3.876,3.5424,2.6272,4.8147,4.0566,3.8511,3.5177,3.7817,2.5952,3.7375,4.0062,4.3987,4.4005,4.6813,3.8751,3.4508,3.3765,4.2336,4.5544,5.1832,4.5299,3.5036,3.9314,3.4907,4.6175,4.4286,5.97,4.6245,4.8602,3.464,4.1304,4.6355,4.6979,4.8703,4.3513,4.9309,3.5587,3.3557,4.9805,5.5893,5.9083,5.7141,4.8757,4.2663,3.5666,4.4432,5.2415,5.8895,4.7768,5.4761,4.2668,3.9677,5.7827,5.6705,5.3753,5.2848,6.5821,4.0213,4.2027,5.5059,5.8679,4.8506,4.7372,5.2228,2.9037,3.8522,6.0475,5.2271,6.0437,5.3232,6.5844,5.3032,4.2109,5.5221,6.518,5.6205,5.8695,5.4557,3.9007,3.7312,4.7376,5.4042,5.9029,6.0768,5.8764,4.7365,3.6497,4.6004,5.3408,5.5787,5.3825,5.3704,4.8887,4.0533,6.4075,5.8646,5.1841,4.2517,6.3232,4.0269,3.6828,4.8671,0
C-00552,7.5929,6.4736,6.116,6.4866,5.746,5.6672,6.7874,7.4553,7.747,6.365,7.5434,7.7967,4.8559,7.2311,7.2944,7.7013,7.9622,7.91,8.3733,6.4564,6.0398,7.1051,6.8196,6.9997,8.4149,8.22,5.9344,6.5608,8.3412,9.1145,7.891,8.3987,7.6577,6.4429,6.7048,7.9519,9.232,9.3125,9.0699,7.1375,6.8012,6.5094,8.0823,8.331,8.2019,7.9255,8.0515,7.0039,6.5829,7.7522,8.5367,8.1914,8.8902,9.1684,7.9046,7.4309,7.9502,7.9058,8.2406,7.2553,8.4455,6.3268,8.334,8.6091,9.6064,7.9179,7.8307,9.5878,7.5861,7.1023,9.4108,8.6383,9.244,9.6642,8.8365,7.6136,8.9943,8.3033,9.0136,8.5299,8.4585,9.4292,7.0642,7.4133,8.8122,9.6243,8.4566,8.9675,8.2569,7.2317,8.778,9.8552,8.0991,9.2153,9.2606,9.5286,6.5472,7.9093,9.2418,8.7302,9.0698,9.5446,8.4269,7.957,7.5826,8.7213,8.6433,8.2888,9.5267,9.7287,7.298,6.8294,8.8055,9.6368,9.2511,7.5193,8.3558,8.2266,7.6271,8.4458,0
C-00554,3.3463,3.9677,2.7329,3.671,4.827,2.7459,2.5976,4.0189,2.88,3.7107,4.1913,2.8919,3.3102,2.9191,4.5255,4.7961,4.8187,4.0723,3.2145,2.4712,2.4556,4.9152,3.6481,4.4588,3.6289,4.6744,2.7757,2.5245,4.625,4.9031,5.2983,5.1548,4.7914,2.0929,3.6016,4.8948,4.4419,4.7733,4.6215,4.7771,3.3269,4.1286,4.4471,4.7557,4.2962,4.3501,4.505,3.6704,4.0497,4.661,4.5931,4.1081,3.8658,4.9925,3.7889,5.6069,5.9435,5.7968,5.4116,4.7197,5.0852,4.0367,4.2269,5.0805,5.2035,4.2731,5.1697,5.2614,4.7155,4.6882,4.913,4.9615,5.1284,4.5732,3.9495,3.6801,4.3775,6.6534,6.238,4.8026,5.5756,4.4329,3.6596,4.5523,5.5842,5.3021,5.1344,5.1323,5.7245,3.8968,3.499,5.1053,4.6502,4.774,5.7698,5.6497,2.7401,3.9051,5.1379,5.0888,5.5756,4.3591,5.5801,3.1841,2.9196,4.6626,3.3237,4.843,5.0723,4.9022,4.2489,3.9263,4.7952,4.7182,4.9939,5.7614,5.1908,4.1941,3.6021,3.8354,0
C-00557,10.723,10.2135,10.1942,10.1077,9.9819,9.1145,8.1601,10.3531,10.2963,9.2349,11.0113,10.5368,8.4645,9.5555,10.9092,11.1579,11.8157,10.2544,11.6361,10.4463,9.9515,12.4025,10.5735,10.6363,12.0797,11.2925,9.5621,11.3182,10.9836,11.6867,11.1715,12.5195,11.4343,10.4225,10.2872,12.6883,11.5161,11.8452,11.4673,11.6653,9.2334,11.7259,12.027,11.6194,13.235,12.4476,12.7745,10.4992,12.0219,12.2636,12.9496,13.641,11.7026,12.345,12.0203,10.9345,12.903,13.0173,12.9827,12.8946,14.0725,11.2054,11.5015,13.4478,13.127,13.3332,12.9894,13.7421,11.7189,12.1421,12.9143,12.781,13.062,13.8025,13.6069,11.9519,12.2521,13.3985,12.9846,13.8109,13.7971,13.6528,12.2926,11.8153,13.9252,13.2093,12.7413,13.4133,12.688,12.307,13.8706,13.4372,13.4758,13.6924,13.35,13.6389,11.2294,12.5291,13.5076,13.4815,12.7835,13.5302,13.4735,11.9278,12.3889,13.7578,14.0151,12.4428,13.0399,13.6555,11.6481,11.6011,13.8516,12.6771,13.9264,12.7708,12.8026,10.9633,12.5308,12.8201,0
C-00559,6.9231,7.4315,7.3449,7.6612,6.6628,5.6516,6.5463,7.3767,6.503,7.5872,7.4006,8.0663,6.665,5.5793,7.1694,7.8926,8.3955,7.9936,7.892,6.9635,6.6473,8.1142,6.7124,7.5642,9.2971,8.1115,7.2152,7.7832,9.3926,8.1432,8.6012,6.9949,7.8992,7.1355,7.8052,8.1431,8.0549,7.3891,9.868,8.6216,7.3059,7.1579,8.5286,9.2553,8.6928,8.7564,8.9112,8.3934,8.5021,7.7878,8.9408,9.6283,8.9091,9.0372,7.651,6.4418,9.3586,9.0143,8.3961,9.0345,8.5314,7.5978,7.7779,8.3002,8.6041,8.8329,9.7897,10.0443,7.6898,8.1185,10.0916,9.2798,8.8316,8.9561,8.5452,8.8245,7.5625,8.8091,8.809,9.5458,10.7504,9.2624,7.8071,7.8824,9.1115,9.9417,10.109,10.1785,8.8063,8.7296,6.9115,9.6597,9.1483,9.5449,8.7386,9.5842,6.9747,7.9505,9.075,8.4875,9.631,10.17,9.7112,8.4594,8.4304,8.4533,8.0206,9.2911,8.901,8.7729,8.396,7.7463,9.7386,9.1567,9.5978,9.394,8.2976,7.7698,7.5884,9.9851,0
C-00560,10.8222,11.0781,9.9934,10.5457,10.9725,9.2539,11.1517,11.0763,11.1183,9.9572,11.4022,10.8899,10.696,9.502,10.406,12.3456,11.9404,11.249,11.6253,9.8235,11.1404,12.1816,11.9237,12.142,11.424,12.3061,11.6834,11.1149,12.1615,12.2196,12.601,12.342,12.141,10.4727,11.3226,13.6806,12.1422,12.8545,12.2444,13.1819,12.3028,12.2366,13.3225,12.9901,12.2922,12.4924,13.4531,11.5076,11.9013,11.966,14.5419,11.848,13.1399,13.0945,11.7336,12.0146,13.1564,13.3754,12.891,13.6138,13.833,11.1809,11.168,14.1058,13.2387,12.9336,14.722,13.7565,12.7631,12.8162,14.1106,15.1652,13.5288,13.5735,14.498,13.1754,12.1931,14.3679,14.3761,14.0826,14.0865,15.2762,12.5338,12.5026,14.2094,14.5874,14.6596,14.6336,13.8164,12.7914,14.0575,14.2576,13.9948,14.3631,14.9878,14.5928,12.791,12.6587,14.1922,14.2714,14.6816,14.6579,14.1301,12.1728,12.109,14.8662,14.0176,14.7094,15.0112,14.517,14.0206,13.5633,14.0518,13.783,12.933,13.4886,13.7618,12.7205,12.5277,13.7775,0
C-00561,8.9196,8.4292,9.7622,8.3452,9.4872,6.9051,6.0957,9.3116,9.7017,9.5218,8.5913,9.0192,6.8812,7.1628,8.192,8.3536,9.154,9.7783,9.8163,7.2601,7.6871,9.1139,8.9111,9.4596,9.7383,8.4762,8.4764,8.158,9.0491,8.885,9.5338,9.8752,8.8659,9.0241,8.0789,9.0133,8.7912,8.6786,9.7435,10.4307,8.8648,7.6007,9.3422,9.7967,9.613,9.975,9.1572,8.378,6.7246,9.0523,9.8923,9.8045,10.5059,10.1207,9.263,8.9821,9.7762,10.1042,10.4976,9.3021,8.8223,9.1289,8.4465,9.8908,10.2484,9.9244,9.1164,9.7574,8.0483,7.6567,10.4758,9.7041,10.1006,9.8335,10.2971,9.0892,8.9057,9.3945,9.9752,9.2482,10.802,10.0061,8.9752,9.1096,9.7044,9.1163,9.9989,10.9435,9.9703,9.0124,8.6493,10.0784,10.4176,10.3031,9.8151,9.9543,8.2078,7.823,9.719,10.5694,10.6333,10.432,10.1709,9.4279,8.3888,9.1902,8.4038,8.259,9.4824,10.3327,10.3318,8.0602,9.6165,10.0438,10.2839,10.471,10.7345,8.1236,9.0803,10.0941,0
C-00564,11.1306,11.7048,10.64,10.756,10.2237,9.9661,10.1449,11.4181,11.6388,12.4413,11.8339,12.0981,10.6393,10.2823,12.5602,11.4407,11.2073,12.8118,11.6744,10.6286,10.0775,11.9247,12.8153,12.6638,12.2295,12.9063,12.0103,11.1825,12.783,12.531,12.6778,12.156,12.2259,11.3236,11.644,13.2056,13.3278,12.979,12.4178,14.0452,11.5327,11.9165,12.9177,14.3095,12.8048,14.2894,13.2851,11.7176,12.4228,14.3429,13.3231,12.9452,13.8176,14.6521,13.1037,11.8484,13.6978,13.1454,14.6311,14.4445,14.4705,12.8566,12.6165,15.1789,13.7145,13.8346,14.5342,15.1186,12.5464,13.1864,13.3765,14.4323,13.7423,13.9997,15.0783,12.1576,11.7833,14.6986,13.8427,13.1727,14.3109,13.3272,13.6085,13.8357,14.4734,13.3115,13.8402,13.6294,14.5575,12.3562,13.0626,14.2521,13.7937,15.0084,14.3669,13.9632,14.1537,13.6807,14.5636,14.7648,13.6477,14.1564,14.3557,12.5072,12.2575,13.9603,13.4398,14.7014,14.1692,14.0797,12.5149,13.3509,14.6854,13.2906,14.1855,14.2763,13.3049,12.5575,11.0351,13.4754,0
C-00565,4.6958,5.3637,5.1245,5.2219,4.9857,2.6517,3.4133,4.4832,5.4658,4.626,5.3886,5.8679,4.0918,5.7483,4.6825,5.1246,4.8935,6.0964,5.5933,3.5203,3.5773,5.8907,5.6844,5.7319,5.8128,6.0244,4.2614,5.1139,5.6967,6.0111,5.7203,5.6661,4.3778,3.6103,4.2649,6.5969,6.2926,6.2214,5.7162,6.6389,6.0879,5.6113,6.1981,6.0138,6.542,6.6348,6.5282,5.9135,4.9252,6.7031,7.3219,5.8198,6.0255,6.6309,5.7806,4.6977,6.9761,7.0632,5.9637,6.1303,6.9341,6.3052,5.1704,7.1122,6.8373,6.6516,7.3985,5.9828,5.6561,5.815,6.4588,5.2432,6.9357,6.3842,6.7262,6.2981,5.173,7.2564,6.4119,7.8926,5.8721,7.4875,5.8856,5.7801,6.2793,7.4561,7.6025,6.9422,6.2134,6.8797,4.6484,6.9351,6.5857,7.2245,6.8793,6.8282,4.3193,5.8352,6.512,6.9677,6.8783,7.5618,6.3105,6.3539,4.8804,6.9569,7.299,7.4329,6.6039,6.4643,5.8702,4.761,6.2929,7.013,7.1617,7.7399,5.9665,5.6619,5.223,7.212,0
C-00568,8.1996,7.2099,6.2518,6.8841,6.5071,7.7883,6.1134,7.7133,7.9676,8.8417,8.1958,8.1386,6.5099,7.5555,8.3859,7.8056,8.4029,8.4793,8.0878,6.4656,6.9585,9.4898,8.7518,8.6796,9.8456,10.1263,7.651,8.1764,8.5742,9.7259,9.1944,8.8003,10.9587,8.1263,7.553,9.7794,9.1712,9.6144,8.8723,10.6595,7.7393,9.0038,9.1943,10.0127,9.5843,10.069,9.7931,10.0472,9.4472,10.622,10.2984,10.8226,10.6338,10.377,8.5997,9.7502,10.1661,9.6625,10.6002,9.7685,10.2248,9.957,9.6719,10.3816,10.7684,11.4126,11.2458,10.7167,9.8867,9.1817,11.3053,11.545,9.8518,11.515,10.6432,10.3029,9.4427,10.4397,11.0253,11.173,9.9851,11.7778,8.3705,10.5401,11.7156,10.8989,11.5339,11.2044,11.0962,10.6896,11.1463,11.7534,11.711,11.4771,11.2269,10.6597,10.6013,9.3127,12.16,11.0436,11.4634,10.8444,10.5076,9.4514,11.3439,11.5733,11.6376,10.958,11.6455,11.5424,11.4917,9.9606,11.281,10.0158,10.482,10.8717,10.2442,9.501,10.9058,9.9719,0
C-00569,8.8867,10.2383,9.9574,9.7352,9.3952,9.063,8.7261,9.9779,9.356,10.1418,10.7516,10.3893,8.4911,8.3078,10.8995,9.8477,10.9204,10.6231,9.4858,9.0709,8.1945,11.6979,10.2295,10.8566,10.0838,10.284,9.1438,10.2449,11.2281,10.435,11.1789,9.9573,10.7928,10.0356,9.4788,10.251,12.0673,11.0275,10.8198,12.0459,8.9649,9.1634,10.3754,11.6837,11.9084,10.8104,10.8495,10.5883,10.1175,11.158,12.1926,11.6588,10.873,11.4301,10.6036,9.6514,12.3076,10.8217,12.2388,10.8786,11.5284,10.7131,8.9227,11.2069,12.606,11.6331,12.2264,11.3316,10.294,10.4554,12.3164,11.0049,12.5706,11.7641,11.9382,9.0632,10.4914,11.4826,11.7811,12.6398,11.6231,11.2695,10.2452,9.6971,11.5654,11.7291,11.6126,11.2423,12.6248,10.1216,11.0894,11.5265,11.443,12.7849,13.0249,11.6613,10.7588,9.6108,11.0613,11.227,11.6092,11.8404,11.2437,11.1942,11.0641,11.2105,11.6346,12.0854,12.4861,11.4191,10.8699,10.4433,11.4694,12.7338,11.2961,12.4576,12.6897,9.2636,10.2183,11.6029,0
C-00572,6.6066,5.9568,5.6878,6.5795,6.1783,4.9661,4.117,5.7245,6.663,6.478,5.9537,6.0374,5.0776,2.954,6.2101,5.3754,6.3769,6.1373,5.8611,6.0539,4.7209,5.6719,5.6086,7.2035,6.4525,7.0082,4.4441,4.5836,7.4879,6.5402,7.154,6.4092,5.4124,5.6706,4.9192,7.4014,7.3497,6.6303,7.0828,6.1901,4.6858,6.3878,6.6649,6.5187,7.4119,7.2672,8.2673,5.3458,5.0351,7.5437,7.8005,7.2979,7.7564,7.9731,5.4912,6.3371,7.7006,7.5362,6.129,7.9019,7.4947,7.5187,6.1544,6.9122,7.9463,7.0404,7.5594,7.6717,6.0321,5.7861,7.5868,7.0914,6.8864,7.198,7.7449,6.2245,6.0896,8.751,8.3523,7.9202,8.2309,8.7073,6.5056,6.2939,9.1042,8.1718,7.0623,8.6346,8.2678,6.9942,6.6292,7.873,7.7314,8.2308,8.0587,7.7088,6.0069,7.0124,7.9316,8.0797,9.2048,7.9262,7.8495,6.1003,6.0999,8.3747,7.503,7.3319,8.2705,8.4494,7.1655,6.579,7.7065,6.236,7.5421,7.5876,7.6196,6.525,5.7088,7.4829,0
C-00573,14.5941,12.7051,13.5309,14.4951,13.3601,12.9956,13.0999,13.8659,12.9319,13.7148,14.4112,12.7214,12.96,12.8609,14.077,14.1504,14.705,13.6346,14.4181,13.4897,13.6155,14.462,14.43,13.7982,15.2962,13.818,13.1139,13.8289,14.2378,16.2855,15.4202,14.4229,14.4751,13.5534,14.3369,14.3629,14.1849,14.1768,14.7891,14.6181,13.1499,13.0539,14.3947,14.2735,14.6349,15.2352,14.9498,13.724,14.5156,13.8678,14.8505,14.8368,14.8319,14.4208,14.0085,14.3923,15.3173,15.0372,15.1976,14.6061,13.8611,14.6846,13.9762,14.1076,15.697,15.9491,15.6905,15.7322,13.2686,15.5125,14.5133,15.3235,14.0148,14.3074,15.8823,13.6543,13.4812,16.1174,14.8603,14.8891,15.1335,14.6869,13.8737,14.5158,16.7643,15.9257,15.4394,14.4377,14.1535,12.8728,14.5215,15.731,15.3692,15.0861,15.5202,15.7084,15.0173,14.9037,15.4365,15.2344,14.7305,14.9382,15.1688,14.1552,15.1849,15.4962,15.6916,15.4108,15.7017,15.8136,14.0595,14.2434,14.86,14.1459,15.1065,14.9309,15.8035,13.5957,13.5266,15.0171,0
C-00574,9.3416,7.5017,8.6414,8.5405,8.5983,8.1451,7.6898,7.8679,9.1028,7.5328,9.2761,7.797,8.188,6.3652,8.1645,8.6743,8.2,8.5576,8.5098,8.6251,8.26,8.6806,9.0034,10.5381,9.0137,10.0154,8.6877,7.2479,9.6881,9.0733,8.8471,10.3614,10.4029,7.7246,6.7716,9.171,10.3394,9.444,9.6178,10.2509,6.9085,8.7007,9.2245,10.0359,10.5566,10.2183,10.7104,9.9692,7.5496,9.7482,10.1932,10.7209,8.474,10.3222,8.6152,8.0231,10.6253,10.5317,9.4232,10.0797,10.6929,8.8226,8.7062,11.0415,11.8651,11.0995,11.351,10.1878,8.6084,9.3741,10.4745,10.2453,11.0248,10.2726,10.1486,9.3866,9.3964,10.0639,10.3735,11.2515,10.7889,9.7139,8.5768,9.3086,10.0515,11.0912,11.2322,11.4133,11.2937,9.6056,8.621,10.6713,11.3941,10.7924,9.9853,10.5829,9.424,9.5628,10.7795,10.7908,10.7363,11.4938,9.8265,9.6452,9.1309,10.0104,9.9835,10.5244,10.7297,10.9341,8.7946,9.1928,11.1216,10.536,9.6692,10.4279,10.1818,9.1422,7.9564,10.8297,0
C-00576,16.0331,15.4679,15.3599,13.8784,14.558,15.4022,15.0028,15.2926,15.4265,16.6889,14.9172,15.7699,14.9037,14.0637,16.101,15.8323,17.0088,16.9601,15.4987,14.553,14.854,16.1459,15.9501,16.6774,16.3035,16.0958,14.314,14.9588,16.7074,16.3546,16.7192,15.6172,16.5375,14.7941,15.4329,15.6959,15.9811,16.5307,16.4966,16.9749,15.7447,15.5638,16.5833,16.7248,16.5319,17.5724,17.6305,16.662,16.8305,17.1353,16.5534,16.708,18.5283,17.3282,15.6259,16.3205,16.9693,17.3372,17.8938,18.6107,18.8211,16.2266,16.166,17.7598,17.5605,17.8714,18.4667,18.2892,17.4008,16.6274,18.3356,18.6908,18.3385,17.7615,18.9168,17.5434,17.5373,17.2076,17.4402,18.1257,17.6551,18.3868,16.211,16.8072,18.7864,17.6124,18.8428,18.9788,18.6916,16.5514,16.7312,18.1568,17.2405,18.4386,18.546,18.7536,18.0969,17.5587,18.3794,18.6254,18.6706,18.4962,17.652,16.3206,16.9789,18.2897,17.8758,17.5016,18.5857,18.0078,16.9714,15.5963,17.9449,17.0791,17.7336,18.3674,17.5846,16.6089,15.9095,16.2975,0
C-00577,10.0323,10.5885,10.7545,11.3246,11.2661,9.755,9.2883,10.3188,11.4657,9.8936,9.6932,11.2986,8.8207,11.073,10.6742,11.7269,10.723,10.4714,11.4372,11.6543,10.1673,12.9918,11.7036,11.5372,10.6454,12.081,10.9528,11.0819,11.1076,11.8624,12.8657,11.1427,12.7678,11.6505,11.0033,12.8723,13.4333,13.3463,13.415,12.713,10.9372,10.6326,12.1859,12.9781,13.9503,13.5976,13.7051,10.612,11.2846,14.6075,14.4397,14.1278,12.3031,13.4013,12.3416,12.8016,13.9336,14.3817,13.6273,12.9095,13.6798,13.7541,12.4695,14.4284,13.6277,13.3806,14.5193,13.7,14.3013,12.4238,14.2207,14.7466,14.2939,15.6029,15.1719,13.5053,12.616,14.0772,14.2464,14.7294,14.4389,14.0458,12.598,12.7036,14.0046,15.708,15.1992,13.8693,13.6891,12.7924,13.088,14.605,14.2344,13.634,13.9029,14.2093,12.4344,13.4227,13.5635,14.344,14.5731,14.3492,15.116,13.2944,12.2194,14.2393,13.8884,13.7562,14.1377,15.1489,11.5887,12.9907,13.7136,14.6287,13.8984,14.1898,14.9266,12.5046,13.3952,14.1419,0
C-00579,14.0216,15.1206,14.961,13.6957,15.2269,13.5658,13.8169,14.11,14.7497,15.6422,15.1464,15.3623,13.2322,13.1503,15.4171,15.5442,16.2852,15.0191,14.9473,13.6209,14.1621,16.0872,15.9732,15.4143,15.7893,15.6562,15.0909,14.5937,17.1162,16.5512,15.5972,17.1271,15.846,16.1454,15.052,17.0409,16.7738,16.9971,17.318,16.8659,15.2516,15.3231,16.2691,16.3411,17.0587,16.6987,16.9131,15.8211,16.8729,16.7051,17.8564,17.4148,16.7731,16.5035,14.8048,15.6117,17.0428,17.7364,16.2942,18.4845,17.8937,17.252,16.9401,16.6239,16.4791,18.0809,17.309,17.9194,17.0347,15.6224,16.9687,17.5528,17.7503,17.5226,17.7574,16.225,15.5281,18.1196,18.6681,17.8741,17.0091,17.8181,15.7648,16.4697,17.5252,18.6114,17.5655,17.9802,18.2173,16.6208,15.8039,17.7953,17.7471,17.4922,17.6075,18.8101,16.4964,15.9343,18.3158,17.459,17.9454,18.5006,17.5944,15.6056,16.3728,18.0546,18.0285,17.7929,17.5689,17.015,16.4602,16.8787,17.7884,17.2942,16.7578,17.4118,17.2052,16.7547,15.1652,16.602,0
C-00581,12.0163,12.0122,12.517,13.408,13.1412,11.0318,10.9469,11.2107,13.3619,12.9647,12.0905,14.2055,10.6762,11.5328,13.5288,14.455,14.4376,14.3285,13.4223,12.4306,11.7453,13.3856,13.7412,13.7336,14.381,14.2601,12.3441,12.1178,14.5314,14.4229,13.7312,15.0952,14.4539,13.509,13.5985,15.3678,14.5661,13.8738,15.4564,15.2885,13.4491,15.2246,14.5421,15.7225,14.5049,14.5651,15.7818,13.7678,13.8167,15.6649,14.8014,14.9025,15.7939,15.3037,14.0914,14.0279,15.3396,16.321,15.5817,15.3152,15.0985,15.0118,14.0091,14.2538,15.8053,15.4513,15.7833,15.54,14.6213,14.6687,15.0367,16.9577,16.4707,15.9448,16.0697,13.5428,14.0504,16.0516,16.2024,15.946,15.6159,16.6823,16.3713,14.8009,15.8617,15.8648,15.8964,16.3863,16.2431,15.1386,15.2013,15.5037,16.4365,15.8427,15.2115,16.3746,15.5134,15.3824,17.4227,15.8816,16.1252,15.3665,16.915,13.7418,14.7897,16.1711,15.5068,16.4806,16.0514,16.4709,15.7105,14.8623,16.2438,15.6279,16.2496,17.2462,16.1395,14.517,14.9586,16.4775,0
C-00584,11.1813,11.5238,12.1538,11.7957,11.7851,9.945,10.0545,12.6497,11.7514,11.7081,12.0904,12.5638,11.6652,12.0614,13.4772,13.0852,13.3716,13.1774,12.7878,12.6084,11.6685,12.4614,13.3989,13.8959,13.8586,12.8437,12.2062,13.3191,12.6454,12.683,13.3189,12.8764,13.5757,13.5195,12.9435,14.4925,14.0062,13.6505,14.1712,14.9038,12.2761,14.5223,13.9838,15.8224,14.5387,15.8586,14.6501,13.6576,12.906,14.4317,13.7036,15.5677,14.8434,15.6459,13.8402,12.738,15.1279,14.5891,14.4699,15.6674,15.2886,12.6518,14.171,15.2145,15.6665,14.8357,16.0265,14.8619,13.4005,14.8972,15.4529,15.7504,16.4575,14.5768,15.0389,13.7821,13.8617,15.0918,15.0402,15.6206,15.0039,15.7615,13.4804,14.3964,15.8872,15.5319,16.0919,16.0296,15.5737,13.9388,13.1648,14.6233,15.0479,16.0398,16.0185,15.5597,13.8519,13.0647,16.3924,14.9925,15.3899,15.902,15.836,13.7781,14.6936,15.0554,14.5827,15.004,15.9054,14.8611,14.315,13.5757,15.7071,15.3745,15.539,14.1996,15.2487,13.1232,12.9192,14.9584,0
C-00585,2.3196,2.8679,3.4068,4.3389,4.5344,2.1039,1.9523,3.4683,3.1146,4.1922,3.3043,4.4998,1.816,2.1629,3.7623,2.6707,3.0639,3.8871,3.7003,3.7584,2.8174,4.0949,3.9867,3.3066,3.7223,3.8441,1.4616,2.8051,4.9546,3.5288,5.203,3.3465,5.3487,3.4043,2.6664,4.3248,3.6621,4.4404,5.0146,5.9719,2.4994,3.7592,4.6443,4.8125,4.1741,4.9957,5.3918,3.2026,3.2153,4.7947,5.1636,3.8213,4.8445,3.707,3.7873,3.2353,5.2643,4.6849,4.5953,5.6071,4.7329,4.2406,3.6618,4.9632,6.1042,4.8537,4.2238,4.2547,5.1779,3.5145,5.7001,5.6057,4.3714,5.0844,5.4693,3.1297,4.2598,4.5963,5.5156,5.0177,5.1703,5.8523,3.5271,5.4249,4.5898,5.835,4.3671,5.1584,5.6623,3.9363,4.5696,6.505,5.0487,3.9847,5.4325,6.1575,4.1389,3.2054,4.8982,5.4567,5.4329,6.2979,6.1281,4.0481,4.2104,5.6164,5.1315,4.6693,5.3356,5.5603,4.7496,3.8599,5.4795,4.2481,4.7006,5.8482,6.0198,4.2213,3.9292,5.0525,0
C-00586,3.9151,4.0996,4.0965,4.2741,4.8259,3.8646,1.63,4.2494,5.0816,5.0439,5.4321,4.5497,4.4245,3.6423,4.874,4.1932,4.8012,4.342,5.8328,3.7988,4.4917,4.914,5.9905,6.3427,5.8646,5.3278,3.6093,5.2021,5.3065,6.0953,5.1672,6.8146,6.4796,4.8158,5.0222,6.7423,5.6487,5.3109,6.0607,6.2906,5.9186,5.1618,6.2715,6.9221,6.8306,6.2944,5.8342,4.4091,5.5284,7.107,6.7962,7.7887,5.626,6.3645,5.7171,5.955,5.8999,7.3152,7.4913,6.6733,7.0455,5.1263,5.9995,6.9047,6.7053,6.8577,6.6261,6.7322,6.7889,6.0727,7.0026,7.5982,7.5236,6.5176,6.9857,6.807,5.3554,6.1503,6.5896,6.9245,7.7425,6.5543,6.4439,5.4628,7.5609,6.4569,6.8383,7.5115,7.1322,7.259,6.3339,6.9072,7.0725,7.1318,6.4412,8.4462,6.7411,5.2512,7.1858,7.3518,7.6868,8.0207,6.3127,5.7743,5.8259,7.6342,7.8648,7.9197,6.0212,6.8259,5.259,5.7674,7.3524,7.6605,7.8835,7.7941,6.7078,6.2307,6.3009,6.5278,0
C-00591,5.4665,5.8025,4.03,6.4715,5.1908,5.3181,4.1134,4.6807,5.1036,6.102,5.607,5.3785,4.9286,4.0112,5.1287,6.1682,6.0139,5.7813,6.7491,5.179,4.9756,6.6768,6.185,6.7863,6.8624,6.1664,3.7476,4.9531,5.9248,6.4351,5.7674,7.001,6.3535,4.7617,6.1357,7.2926,5.9001,6.2943,6.3652,5.8733,4.5602,6.2089,6.8328,7.0383,6.3508,6.3191,7.1217,7.2538,5.3295,8.1402,6.8872,6.355,8.2212,7.9613,5.8905,4.9495,7.426,6.9968,7.3832,7.5353,7.3416,5.1888,7.012,7.8696,6.8127,7.5994,8.1835,7.2736,5.252,5.8638,7.4862,7.3477,8.1839,7.3234,7.2975,6.9784,5.4542,6.5181,8.1069,9.5008,6.6778,6.4233,6.5751,6.8713,8.2263,7.6145,7.0301,7.3947,8.5512,6.0263,5.8328,7.8106,7.1602,7.4938,7.7975,8.0861,6.175,6.5256,6.9797,8.2032,8.2435,7.6988,7.3662,6.5098,6.0871,7.5837,7.9244,7.5295,8.8796,8.0559,6.3961,5.2546,7.3488,6.6428,7.5453,7.8559,6.8804,6.3569,6.3988,7.8054,0
C-00592,8.3718,8.0936,8.859,8.3564,7.3127,6.2402,7.7221,8.3367,8.5064,8.5416,8.6924,8.4592,6.8025,6.9765,8.916,8.2911,8.9858,8.852,7.6907,6.4804,7.2413,9.394,9.0929,8.2504,9.3261,9.1202,7.1505,7.0788,8.1838,8.9924,8.9595,9.1934,9.1102,7.6885,7.4923,9.0935,9.2836,10.0686,9.5874,10.2694,8.5915,9.2213,9.1854,9.8905,9.9788,9.3533,10.6393,8.191,8.5305,10.0748,10.3253,9.7251,9.2995,9.4634,9.3528,8.3489,8.8632,9.4436,9.4354,9.9316,10.2492,9.179,8.2945,9.1544,9.5458,10.4726,10.3147,10.7732,9.1016,9.2838,10.6123,10.9234,10.419,10.5558,10.8389,9.3728,8.8708,10.2563,10.0947,10.2479,10.3278,9.97,9.1548,8.8094,10.8347,11.1689,10.3171,11.1775,10.2917,9.1132,8.4987,10.4256,11.208,9.9936,10.7573,11.1658,8.4259,9.0543,10.4429,9.7545,10.4167,10.5179,10.2298,9.5768,8.0914,10.7252,10.2477,10.5519,9.8577,9.56,8.862,10.0237,10.786,9.5386,10.072,9.6512,9.6912,8.4202,10.1671,9.4663,0
C-00594,9.2981,9.2894,9.9808,8.3278,9.9637,8.682,7.8988,8.9261,9.8298,9.5814,10.0293,10.0895,8.9052,7.8444,8.9066,9.142,9.9009,9.9765,10.275,8.227,8.685,9.7238,10.081,10.1069,11.0803,10.02,9.1925,9.1183,9.8301,9.7723,10.4487,9.7629,10.7774,8.6854,7.954,8.8205,10.3507,10.3305,10.3586,10.2053,9.0087,10.1124,9.5944,8.6887,10.1192,10.2297,9.9883,9.6632,10.0935,10.3826,9.6999,10.7246,10.431,10.2023,8.7576,8.7268,11.4703,8.8538,9.9555,11.9447,10.0091,8.6945,8.9674,10.7448,10.3412,9.6231,11.0352,10.6994,8.9664,9.8527,10.8796,10.834,10.0612,10.1856,9.9861,8.4211,10.4068,10.7141,11.5841,10.2294,10.667,10.0729,9.6079,10.2996,11.8259,10.4064,11.8029,11.1486,10.7238,8.5736,9.8553,10.6691,10.0747,10.9007,10.5701,10.7864,9.2208,8.9439,10.3585,9.7305,11.1281,9.9899,11.3572,9.1303,8.9871,10.3996,11.3355,10.6407,11.483,11.1126,8.7341,9.1957,11.0133,10.2627,11.7372,10.8518,10.3708,10.1685,8.0684,11.1402,0
C-00596,12.8319,11.1862,11.8541,10.5768,12.7193,10.2979,10.4182,11.5645,11.7489,12.1816,11.1928,12.7142,10.3384,10.9055,11.5481,11.8283,13.2071,12.5188,13.2901,10.7111,11.2585,12.5894,12.7617,12.9832,12.5235,14.3552,11.612,12.567,12.5635,12.6252,12.903,13.9038,13.1001,12.6905,12.0636,14.012,13.9304,13.3539,12.8796,13.9455,12.0116,12.8146,13.5411,13.7548,14.7854,14.1596,13.4004,12.1708,13.1832,13.5749,14.463,13.5951,14.4052,14.6247,12.9024,12.4098,13.4416,13.8572,14.5588,14.156,14.3205,13.3704,13.0054,14.7323,14.2891,15.2566,15.6932,15.5087,13.8214,13.6702,15.0594,15.227,14.8462,15.2292,15.2706,14.4148,14.9783,14.9375,14.6981,14.4244,15.6922,16.2481,14.3643,14.3262,15.3315,16.5881,15.7973,15.2838,15.489,14.2914,13.6715,16.1678,15.3553,16.2125,16.2504,15.9334,13.7335,13.2037,15.9665,15.5736,14.4144,14.735,14.929,12.7938,13.9305,15.4913,15.6714,16.7754,15.1151,14.7494,14.1172,12.7564,14.0929,15.3472,14.6812,14.5057,14.119,13.7477,12.9119,14.3786,0
C-00598,2.077,3.8659,3.4605,3.0186,3.492,1.373,3.2187,4.0024,3.5026,2.579,3.763,3.739,2.876,2.3453,2.5956,4.2864,3.8147,3.5864,3.0828,1.6059,1.6452,4.4829,3.3011,4.6777,4.3178,3.8219,3.5523,4.491,3.4798,2.9863,4.1948,4.7412,4.099,2.0434,4.1716,4.1232,3.7451,3.9843,4.2847,4.138,2.4499,3.5359,3.3103,3.8131,3.9327,3.1988,3.5786,2.7749,2.3635,3.9414,4.9859,3.7747,3.6774,3.9865,2.4102,4.67,4.6861,3.9244,4.8785,4.6424,4.3993,3.3798,3.359,4.1905,4.5166,4.5813,4.0695,4.6066,3.0002,3.2598,4.714,4.9506,5.8669,4.4374,4.7387,4.0001,3.7268,3.8918,3.7522,4.0249,5.9117,4.0596,2.7824,3.8723,4.112,4.3369,5.0395,5.5896,5.8209,3.9445,3.666,5.382,4.2088,4.4616,4.5121,4.5045,2.6346,4.8886,3.9296,5.2803,5.3452,4.3815,4.6106,3.3599,3.4319,4.6491,3.9273,4.0082,3.9802,4.8072,3.1568,2.6748,3.332,4.7722,3.5346,5.4085,6.2046,3.459,3.0977,4.57,0
C-00600,13.3202,13.0588,12.9526,12.7356,12.2894,11.8371,11.7861,12.3984,13.7055,12.6855,14.1878,14.1619,12.0787,12.6647,12.7644,13.0916,13.1861,14.8404,14.3668,11.9511,12.9478,14.6949,14.9771,13.8879,14.043,14.6737,13.2215,12.3115,14.2837,13.9479,13.5101,14.2429,13.7625,12.6104,12.9873,14.1975,14.2071,13.8647,14.3723,14.513,13.0814,12.6304,14.2983,14.7103,14.0829,14.2291,15.4114,13.0908,13.7063,14.1986,15.5174,14.6844,14.9972,15.0622,13.7941,13.1154,16.2207,16.1064,14.4108,14.0161,14.8176,15.3897,14.0633,14.6164,14.0963,15.4744,15.44,14.3083,13.2097,13.9862,15.0276,15.6901,15.0083,15.0111,15.3634,14.161,14.4142,15.3906,15.3443,14.7474,14.6649,14.9125,15.0485,12.5295,15.8958,15.1859,15.5667,15.7633,15.7522,14.1782,13.8763,14.8627,15.8974,13.787,14.3784,15.8057,13.7584,13.9785,15.1286,15.3051,14.1494,14.2443,14.4665,13.7314,13.6361,14.9624,15.3263,15.9169,15.7845,15.3081,13.9853,13.8586,15.3945,14.9685,14.818,14.1342,14.9525,12.9102,13.7797,15.3475,0
C-00601,13.0252,13.6033,14.6536,13.8863,15.1765,14.1946,14.4003,14.6861,15.0712,15.2029,15.3757,15.3609,14.2171,13.2155,15.1754,15.0335,16.2791,14.9007,15.3954,12.6062,13.7722,16.1695,15.4201,15.3655,14.9637,15.2286,14.1844,14.1148,15.7104,15.3163,16.4237,16.6681,15.6741,16.1914,14.4081,15.8016,16.1873,15.8443,17.3447,16.1864,14.7078,13.6103,16.2323,16.3924,16.6985,16.3089,16.7742,16.6912,16.4658,17.7624,17.4462,17.4512,16.4293,17.6533,16.2706,15.7276,17.4516,17.8351,17.1328,17.884,18.4582,15.0479,16.5913,18.2952,16.7847,17.1202,17.6986,17.2028,15.9562,15.3749,18.5077,18.5495,17.1386,17.5749,17.8801,16.6736,16.4578,17.5822,18.1055,18.217,17.7861,18.1158,16.4008,17.0944,17.5234,18.5743,17.5519,18.1225,18.399,16.7187,16.761,18.0641,17.2954,17.976,18.2913,17.9452,15.6806,16.5899,18.6487,17.4392,19.1489,17.4604,18.4927,16.2759,17.1448,17.8108,17.2421,17.3933,17.6069,18.2286,16.7226,16.3929,17.695,17.4334,18.5638,18.0111,17.3812,15.7404,16.2916,17.495,0
C-00602,7.7342,7.1597,8.594,7.9263,7.7189,6.5635,7.0139,7.724,7.875,8.3984,7.4929,8.9298,7.1804,7.0541,8.127,8.6254,8.2162,9.3143,9.1959,6.9681,7.1174,8.6722,9.5771,8.265,8.7079,8.7805,7.9737,6.9406,10.1761,9.0913,8.7915,9.9447,9.7475,7.8115,7.6471,9.5618,9.235,9.477,8.9538,8.955,8.6764,8.1993,9.6673,10.3242,9.3249,9.6102,9.5746,9.5453,8.9244,10.1085,9.4676,10.1393,8.947,10.8176,6.6979,9.2577,10.9189,9.2359,10.2356,11.288,11.0623,9.0342,8.584,10.6817,10.8088,10.5021,11.0088,11.3663,9.7281,9.9963,10.8682,9.7408,10.4417,10.2434,11.1299,10.0048,10.1226,10.6614,10.9516,10.1839,10.0472,12.273,10.4931,9.4875,11.2035,11.4015,10.8944,10.951,11.0793,10.3353,8.6579,10.42,11.1036,11.4891,10.292,10.6603,9.4994,10.3025,9.9232,11.0997,10.6913,11.8051,10.6884,9.8483,7.5746,11.907,11.1281,10.1766,10.6553,10.3726,7.9139,9.8234,10.4401,10.5334,10.3164,9.132,10.0888,9.3082,7.7996,10.3791,0
C-00606,6.6865,7.8644,7.6869,7.8452,8.17,6.1293,6.0149,8.5135,8.0286,8.4023,8.3856,8.7842,6.1747,7.2862,9.2918,8.5259,8.7549,9.0067,8.2862,6.8663,8.1362,8.3358,8.2278,8.4402,10.1657,7.9788,7.4574,7.4209,8.9214,8.6899,9.5972,8.0123,8.0147,8.2697,9.035,9.7465,8.6699,9.8582,10.1177,11.6605,8.6382,7.5396,10.0047,9.99,10.904,10.3889,10.3906,10.0892,9.5838,10.7785,9.5579,9.9716,10.7425,11.5701,7.7022,10.0629,9.9263,10.0827,11.0554,10.727,10.0825,8.9867,8.0919,11.3625,9.6026,11.0145,11.2273,11.0658,9.2084,9.8081,9.868,10.4616,11.9161,11.5084,10.7078,9.0051,9.7245,9.7778,10.5708,10.9903,12.2043,10.5809,9.7462,10.436,10.8365,11.3413,11.914,10.3894,11.7855,10.1779,11.2435,10.3136,10.2172,11.9639,10.7658,10.962,9.981,8.4771,10.619,11.0968,11.3913,12.0243,10.6172,10.3852,8.9839,10.1334,11.0285,11.1289,11.4905,11.3958,10.3961,9.0921,10.1746,10.5947,11.0991,11.0772,10.5858,9.9934,10.0319,10.6762,0
C-00607,8.4991,8.147,8.7982,9.3432,8.0946,7.7858,8.584,10.3969,9.3446,9.6201,9.1178,9.2343,7.6693,7.7494,9.5817,9.7014,9.6207,9.931,9.5428,8.1076,8.0051,9.8295,10.0534,9.0568,8.864,8.9782,7.4904,8.6463,8.9573,8.7976,8.865,9.1696,9.3346,7.5883,7.4606,10.1268,11.4189,9.9161,9.6516,10.3706,8.2024,8.5582,9.117,10.2226,9.4885,10.2022,9.2993,7.4111,8.2173,10.1947,9.9682,10.4706,10.0528,10.5973,8.3113,9.7423,9.8095,9.4267,10.1687,10.6207,9.6953,9.1815,10.55,10.7814,9.8514,9.8015,10.4044,10.502,9.2583,8.8467,9.5361,9.4822,9.2754,10.3016,11.1274,9.825,9.0692,11.0195,9.5189,9.8405,9.4287,10.3872,8.1904,10.2551,9.2985,10.6855,10.0912,10.9791,11.7242,10.0395,8.4046,10.7384,11.1312,10.7873,10.6027,11.0381,9.0319,10.0372,9.938,10.8753,9.7251,11.1754,9.6355,8.9755,10.566,10.1465,10.0962,10.0155,10.4715,11.0514,8.5035,8.9213,10.1099,10.685,10.2929,10.2312,11.4268,8.3705,8.9331,10.3536,0
C-00609,10.5206,10.6431,11.864,11.3408,11.6761,9.9029,10.1966,11.091,10.8516,11.5316,12.4786,11.5754,10.1287,11.2145,10.5775,11.4031,10.7599,11.6633,11.3957,9.795,11.6661,12.7007,12.194,12.5603,10.8506,12.605,10.8963,10.8241,11.9346,11.9609,12.0893,12.534,12.7595,10.989,11.1705,13.395,12.3613,11.985,12.3133,12.7024,10.3234,10.6873,12.0003,12.8642,12.9575,11.988,12.9874,12.3887,13.7825,13.2709,12.9688,12.1614,13.6369,13.3113,11.5656,12.5801,13.1501,12.685,13.6087,13.5631,13.6494,11.3691,11.9359,14.1916,12.626,13.2518,13.6604,13.4269,12.3591,12.3995,13.7285,13.1729,13.3085,12.8035,13.3726,11.1744,12.576,13.0118,14.1363,13.8398,13.5678,13.6566,13.0219,12.3536,13.8392,13.8124,13.2452,14.0782,13.8073,11.8191,11.7708,13.9482,12.5688,13.5019,13.7137,13.6233,12.4334,12.4603,13.0632,13.4948,14.6622,14.7722,14.1448,13.0713,12.0419,14.3219,12.7968,13.1939,12.9991,14.1564,11.1098,12.8731,12.9101,13.4109,13.6898,12.4978,14.0479,11.7768,13.3534,13.4136,0
C-00610,10.1432,8.362,10.6311,9.5756,9.5134,8.7781,7.6535,10.4241,9.4996,9.3361,9.9581,9.9816,8.7434,8.9638,10.3881,9.4755,9.4975,8.685,9.988,7.7484,8.9322,10.1887,9.7549,10.3745,9.7301,10.2624,9.2733,8.7918,10.3454,9.5049,10.8004,9.6493,10.4404,9.7724,10.1879,10.9855,10.2197,11.7678,9.8338,11.5675,9.2575,8.0867,11.8368,10.853,11.8838,11.7219,10.8265,8.8171,10.176,10.511,10.6478,11.5966,10.5582,11.221,9.5282,10.3872,11.589,10.9945,11.1877,11.4458,9.9529,10.3915,9.35,11.9291,11.6534,12.2124,10.7841,11.4927,10.3495,9.9434,11.4161,10.9555,11.4674,11.3776,11.3761,10.366,9.289,12.4631,10.5859,11.6829,11.3861,11.1563,10.8638,9.751,11.8844,12.2848,11.5293,10.3097,12.1064,10.7368,11.0223,11.3972,12.0819,11.2597,11.3758,11.4998,9.9437,10.0204,11.6465,13.0177,12.2334,12.1529,11.0115,10.1713,11.071,11.8294,10.7072,11.424,11.0794,10.7112,10.6756,9.4609,10.5459,11.9664,10.6089,11.8993,11.2122,10.7038,9.2865,11.4065,0
C-00613,6.2685,6.5232,3.9433,5.4931,5.3512,5.2975,4.8624,6.8565,6.0907,6.7793,5.7518,7.1876,5.5661,5.0134,7.2451,5.9835,6.4535,6.3407,6.9615,5.2407,5.8321,6.3661,6.1673,5.993,6.1464,7.2168,4.7897,4.8922,4.6551,7.021,5.9619,6.3706,6.6826,6.2192,5.6523,7.5471,7.2127,7.8588,7.7513,7.288,5.603,6.0848,7.1942,6.4979,6.3016,6.3187,7.122,6.015,5.9311,7.8482,7.75,7.8573,7.1164,6.8389,4.9854,5.1038,6.2453,7.2969,7.2399,7.1194,7.117,6.4928,7.5191,8.2908,7.2977,7.3502,7.2168,7.735,5.9196,6.7117,8.5046,7.4093,7.941,7.8126,8.7856,5.2588,6.039,6.4591,7.5018,7.3942,8.5154,6.9908,6.8777,6.9691,7.7944,8.3394,7.5255,8.6589,6.9162,7.1145,6.4362,7.6349,7.0169,7.8365,8.1091,7.6591,6.8734,7.0284,7.4423,8.2883,7.6987,7.8802,7.6246,5.4338,7.6407,8.5801,7.3083,8.6289,6.9745,8.0871,6.3736,6.3851,7.4627,7.8789,7.7732,6.6761,8.2147,6.2155,6.7808,8.2325,0
C-00614,11.3411,11.8526,11.5882,12.3091,11.5572,10.0494,11.2898,12.0477,12.6361,13.3027,12.0495,11.7381,11.7793,11.6024,11.5669,13.9383,13.3591,11.2302,13.4436,11.8607,12.0485,13.2148,13.9486,14.232,13.3781,13.705,10.9285,12.3098,12.447,13.1278,13.2811,12.8799,14.555,11.8336,11.9486,13.1512,13.4271,13.6989,14.0741,13.7637,12.6127,13.2917,12.8376,14.7394,14.3265,14.3116,15.0004,13.2045,13.6619,14.6358,14.7032,15.7124,13.6192,14.3205,12.3596,13.8161,14.5092,14.3595,14.8381,15.2096,14.1131,13.2975,12.6955,14.7846,15.2398,15.3139,15.689,14.7134,14.4199,15.0743,15.85,15.2259,14.6611,14.9858,14.8345,13.863,13.8043,15.2153,14.1554,15.6,15.8955,14.688,14.3729,14.2063,14.7892,15.9113,15.3171,14.524,14.6792,14.8216,13.2684,15.1283,14.7038,14.6681,16.525,14.8901,14.1051,14.6405,16.1824,14.7818,15.725,15.7409,15.5402,14.2235,13.9222,15.6974,16.0646,14.9696,15.3024,15.3119,13.4796,12.9914,15.5176,15.11,14.499,14.4244,14.473,13.7723,13.2218,15.2979,0
C-00615,14.0435,13.6372,13.965,13.9563,15.1333,13.3517,12.4635,14.0208,14.8162,14.6994,14.1354,15.1785,14.8171,13.1049,15.2789,14.3419,14.8764,14.5998,15.5884,13.4771,14.3654,14.9105,16.2081,16.2675,14.8883,14.737,13.7264,12.7308,15.5812,16.399,16.1298,15.5191,16.2671,14.3626,15.1476,15.9428,16.5129,15.1332,16.3076,16.1636,14.0084,15.8657,16.3204,15.8425,17.1016,16.3099,15.5629,15.5737,14.4579,16.0716,16.4776,16.8505,16.1159,17.0447,15.212,16.4291,17.3263,17.6692,16.3845,18.7377,16.1134,16.6131,14.4921,16.7712,16.7045,16.907,17.5567,16.7814,15.64,14.4741,18.1906,16.6916,17.1383,17.4248,16.8196,15.1294,16.7668,18.2955,17.9321,17.1072,17.5221,18.2299,15.2733,16.1539,17.1271,16.7655,17.7729,17.4835,17.1584,15.2437,15.6315,16.3921,16.9628,16.8861,17.9263,17.198,15.9193,16.6088,18.0814,17.2338,17.4661,17.7175,17.154,16.1139,15.5221,17.1762,16.693,17.9339,16.3922,17.0994,16.06,16.682,17.4387,16.3954,17.4871,16.9904,17.3151,16.2215,14.9174,16.9828,0
C-00616,10.7452,9.61,9.568,9.5375,9.8958,7.7222,8.8702,9.5827,9.3125,9.2454,9.3435,10.0356,9.7069,10.0114,10.6892,8.4385,8.8913,9.4651,9.5896,8.3739,8.6479,10.0436,9.3307,11.0237,9.3959,10.5287,9.2349,9.8164,9.6335,9.9021,11.4325,10.0713,10.8495,9.3744,7.9562,10.2201,9.3658,10.7114,9.6714,11.385,9.3878,9.1857,10.5172,9.7996,11.3509,10.022,10.6079,9.9725,8.726,11.3121,10.5951,10.0504,10.5587,11.496,9.2542,8.0854,10.7741,11.7227,11.9203,10.6703,10.2958,9.6671,8.8707,10.7963,11.1306,9.8672,10.8107,10.5209,10.9107,9.7844,9.7244,11.2423,11.107,12.6497,11.0227,9.0802,9.6942,11.3662,11.0585,10.1395,12.2933,12.1024,9.1732,10.5593,11.7443,10.6204,10.6317,12.2182,10.7058,10.3726,8.9746,10.9898,10.1979,10.3818,10.3716,10.846,9.0414,9.9058,10.7999,12.1617,11.1746,12.053,10.8229,10.5309,9.8701,11.1094,11.1283,11.2316,11.4492,11.0013,8.7105,9.9237,10.0703,12.3472,10.4354,12.2697,10.2814,9.4651,9.2048,11.2985,0
C-00617,8.3922,6.9248,7.3831,8.3412,6.8869,6.3026,5.976,7.6546,8.1894,7.2133,7.5277,8.0373,7.1063,6.8803,8.1537,7.8477,7.9852,8.4619,8.1233,6.9109,7.4311,8.1325,8.0216,9.1169,8.276,7.8395,7.5722,7.6028,8.3389,8.5834,8.9961,8.617,9.0144,6.8128,8.2786,9.7495,8.9682,7.6497,8.5747,8.7024,7.7496,8.329,8.4666,8.0188,8.8159,8.5257,8.3671,7.5101,6.9547,9.2406,8.4539,8.0786,9.6159,9.2292,8.1731,7.6551,8.4845,9.3429,9.9853,8.4541,8.0254,8.7359,7.9529,8.624,9.1062,8.6682,8.9541,8.4117,7.9905,8.0198,9.4586,8.6624,9.0262,10.5964,9.0967,8.1773,7.2515,9.0199,9.5833,10.2045,8.0851,9.0066,7.9901,8.0963,8.9131,9.9732,8.7554,9.8104,8.4489,6.8787,8.9893,9.7402,8.7301,8.9174,9.2867,9.6527,9.4546,7.6312,9.2482,8.54,9.2964,8.4266,8.9409,6.8369,7.8463,9.0647,9.2168,8.0774,8.7856,9.5842,8.159,7.4247,8.6966,9.4312,9.0808,8.234,8.5297,8.8622,6.8349,7.7583,0
C-00618,9.0763,8.6812,9.4702,8.4389,9.5715,8.4309,6.9624,8.9735,10.4591,9.8942,9.7352,10.0855,7.4511,8.7856,9.3132,9.676,10.9206,11.3953,9.0487,9.2042,10.3696,9.0716,8.8325,9.991,9.4116,10.7283,10.0494,8.7298,10.3391,11.4754,10.277,9.9926,11.0067,8.7503,10.1614,10.4168,10.206,10.8276,9.8899,11.8532,9.1329,10.1633,12.0934,11.428,11.136,11.4669,11.3725,9.4752,10.4401,11.3462,10.9127,10.5394,11.1522,10.9245,11.2284,10.9089,11.5972,12.5826,12.2092,11.8871,11.9347,10.484,10.8814,12.5132,11.8053,11.682,12.1572,10.8644,9.694,11.1723,11.6789,12.785,11.3923,12.4122,10.687,11.4315,11.7431,11.5923,11.816,12.1956,12.3746,13.8597,11.1076,11.1517,12.7118,12.2875,11.4088,12.1289,11.3289,11.0885,10.1464,12.7651,11.6543,12.3621,12.3062,12.5092,9.8549,10.9877,11.3664,11.5607,12.2668,12.1687,11.7967,9.6746,11.0557,11.6449,11.7112,11.4702,12.2993,11.1208,11.0553,11.0231,11.464,13.4769,11.3019,11.7038,11.5303,10.0112,9.9318,12.2421,0
C-00619,3.7024,4.2509,4.0832,3.3335,2.3648,1.6391,1.7457,3.6817,3.2467,4.2178,2.855,5.111,1.8708,2.5466,2.8774,3.8932,3.3608,4.6065,4.0506,2.1886,4.4171,5.0106,5.5833,4.4106,3.6369,3.7978,3.4654,2.9244,4.2233,4.9898,4.881,4.1356,4.4055,3.9738,3.5428,5.7152,5.2892,4.8607,4.8035,5.7972,4.9877,5.4668,4.8195,6.3798,5.646,6.0318,6.0234,4.7467,5.1413,5.6189,5.7054,5.5018,5.786,6.0496,4.3122,5.3482,6.0824,5.2086,5.7989,6.0702,5.3347,4.7474,4.5004,5.5943,7.435,6.1557,7.2562,6.7346,5.2392,3.8733,5.7696,6.4274,6.4584,6.9597,7.3472,4.2592,5.3196,5.698,5.8345,6.5793,7.0984,6.4654,5.6783,4.6946,6.2999,6.4222,6.5369,6.996,5.6292,5.1314,6.548,6.3726,6.3403,6.4389,7.0265,6.7669,6.5023,6.3408,5.4099,7.2842,6.6812,6.8388,6.8805,4.4561,4.9983,7.3336,5.5427,5.9846,5.7863,7.2641,5.5459,5.9587,6.4749,6.0079,6.8825,6.4534,6.6151,4.9614,4.9806,6.4044,0
C-00620,8.0953,7.5306,9.5521,8.4225,9.1105,8.4619,7.6659,9.2265,9.2873,9.7267,9.9148,9.0618,6.9609,8.2969,8.1879,8.9415,9.1544,9.2458,9.4165,7.9014,8.2375,10.2303,9.8177,10.3619,9.59,9.0395,7.8561,9.1167,9.4525,10.2034,10.5231,10.6662,10.8996,9.0092,9.4877,10.4734,9.0903,10.2152,10.2082,10.6732,9.6493,9.9054,10.5292,10.2546,10.2548,9.8356,11.2584,9.0746,9.5625,11.3161,10.1203,11.8399,11.0272,10.8812,10.2998,9.9336,11.3223,11.443,13.1485,10.8686,12.1473,10.4329,10.6045,11.5835,11.8706,11.9974,11.3664,10.7432,10.9687,10.4632,13.6905,12.0207,12.2825,11.4582,12.5593,10.4778,9.6808,11.3257,12.3395,12.4487,11.797,11.3164,10.4409,10.2391,11.5024,11.5318,11.3801,11.7733,11.644,9.8355,10.7125,11.5874,12.0602,11.5483,12.4585,12.1083,10.5237,9.9889,12.4629,11.4513,11.4847,11.4894,11.5051,9.8267,9.3661,13.0996,11.7432,12.0029,12.0079,12.4946,11.0579,10.62,12.2086,11.701,11.6175,12.3693,11.3123,8.979,10.8587,11.131,0
C-00621,2.993,3.4087,4.2165,2.73,3.7967,2.5693,2.8958,4.4286,3.6686,3.7457,3.8993,3.9329,3.5121,3.3407,3.2494,4.1179,3.5421,4.3837,4.0088,2.6447,2.3263,4.5159,4.3482,2.992,4.333,4.4474,2.7385,3.0477,5.2711,3.5514,4.8431,4.7548,3.5045,3.9076,3.9077,3.5888,5.2457,4.6153,3.5702,4.9178,3.9081,3.161,4.5628,4.7616,4.3616,5.0959,4.4604,3.6812,3.3174,5.4322,5.1516,4.8576,4.3116,4.1904,3.596,3.4899,4.9042,4.7606,4.8367,4.7463,5.2304,4.4602,3.6956,5.0819,4.5059,4.572,4.9339,4.7021,4.7815,3.9237,4.7171,5.5617,4.8652,4.8992,4.6286,3.8851,3.2223,6.2028,5.2673,4.3342,5.6088,4.9434,2.4914,4.6767,5.4321,6.1664,5.3111,5.438,6.1542,3.1665,4.7598,5.2723,5.7914,5.786,5.3366,5.1345,3.4511,4.2536,5.8939,5.6547,5.8497,5.1037,4.6365,3.1539,3.0649,5.3245,4.9361,5.777,4.2936,4.8491,3.9279,3.3981,4.2024,4.6781,6.1366,4.8183,5.8499,4.4079,4.7071,5.934,0
C-00623,13.3749,13.3133,14.1263,13.1928,13.6172,12.6902,12.4575,13.691,14.8988,14.1061,14.2761,14.4708,13.2519,12.6334,14.3748,14.3698,14.2421,13.1599,14.6555,12.5394,12.4267,14.9898,15.6909,14.1766,15.1543,13.5369,13.2528,14.2961,13.6574,14.9005,14.1529,13.2786,14.1331,13.575,13.2141,15.7866,15.8685,14.7461,14.8279,15.2405,14.1794,14.5443,14.5489,15.327,14.9436,14.2767,14.5014,12.9286,12.3058,15.1192,15.5028,14.379,14.4986,14.961,14.3787,14.4344,16.1191,14.0527,14.7329,14.9604,15.9716,14.0733,13.3098,14.8633,15.3523,14.8271,14.9357,15.4053,12.9969,13.8085,16.0138,15.0514,16.0677,15.4027,14.9675,13.5391,14.003,15.1174,16.5533,14.758,14.7802,16.032,14.537,14.9502,14.3673,14.7214,16.6431,14.6131,15.6561,14.3608,13.9476,15.3136,14.7368,14.7962,14.4234,16.301,14.1315,13.8212,15.0141,14.3345,14.8721,14.7312,14.8012,14.037,14.4195,15.7828,15.3246,14.8885,15.4682,14.8554,13.8618,13.0291,14.6944,15.4871,14.8605,14.972,16.6808,13.6958,12.8748,14.5525,0
C-00624,15.5743,13.8559,15.0351,14.4507,15.2234,13.4216,14.1981,14.5531,15.4021,14.4461,14.5281,16.2635,13.3665,12.6909,14.6887,14.9287,14.8555,13.7851,14.653,13.5798,14.2748,15.973,15.3468,14.7895,15.6635,14.8069,13.8827,14.9536,14.9372,15.5601,15.3431,15.8065,14.814,14.4259,13.8618,14.6983,15.2698,15.2892,14.9706,15.2772,14.6041,14.8066,15.8895,15.7554,16.4787,15.1947,16.5146,14.4273,15.1867,15.8173,16.4248,15.457,15.8266,14.8861,14.5536,14.3768,16.4191,17.0787,15.7622,15.8407,14.852,16.2352,13.8694,15.2636,15.7741,16.0016,16.0807,16.2116,15.7344,13.814,15.4376,16.5813,16.9586,15.7559,16.7429,13.5014,14.9751,15.8601,15.5342,14.4993,16.6583,16.2902,13.9126,15.6501,16.2237,16.1861,16.2621,16.8095,16.661,15.6947,16.1977,15.5179,16.4423,16.8734,15.8107,15.7547,15.2142,14.1553,16.3159,14.6975,16.4325,15.5962,15.7701,14.0183,14.5887,16.7615,16.4796,16.0359,17.014,15.8054,15.5794,14.6557,15.7575,15.8964,14.9612,15.9616,15.9139,13.7711,13.8945,15.9687,0
C-00625,11.684,10.4187,11.5723,10.6283,10.1905,8.9524,9.3628,10.4672,11.7838,11.3575,10.5031,10.7551,9.5945,8.5545,11.4382,10.232,11.3993,10.7862,11.214,9.1165,10.9292,11.4654,11.196,11.8502,11.4128,9.9819,10.1418,11.6139,12.3707,12.1965,12.5105,11.8621,12.4279,11.0628,11.6756,11.7315,12.3107,13.3344,13.0935,12.4648,10.7376,11.1231,12.8884,12.1451,12.5276,12.7572,12.8269,11.1691,11.4087,11.8281,12.3192,13.695,12.5964,12.4238,11.9865,9.9342,12.9493,12.2566,14.0373,13.488,13.0308,11.3811,12.5323,13.3763,13.0657,12.5392,13.4367,13.6526,13.3077,13.3948,14.0519,13.8781,13.3485,14.0086,13.088,11.9528,11.547,13.5267,13.2356,13.6379,13.503,13.4217,13.1531,12.2305,12.9815,13.5724,12.7158,13.7277,13.493,13.2052,12.3694,13.6937,13.9158,13.1657,13.0325,14.7331,12.3032,11.9552,13.7186,13.6323,13.8778,13.7585,13.3538,12.0949,11.8382,13.908,13.8858,12.8242,13.2514,13.0458,11.7106,13.2692,13.0495,13.0395,13.3755,13.5016,14.0431,12.7497,12.5117,12.9067,0
C-00626,5.8695,6.7136,6.6743,7.5659,6.3691,6.4873,5.3815,6.9301,7.6465,7.418,7.9757,7.5054,6.4475,5.3717,9.1416,7.8083,7.4912,7.6532,7.7764,7.2048,6.7752,9.0789,8.1767,6.7842,8.5711,8.2277,6.7153,7.6862,9.1028,8.7867,9.5248,8.7789,8.9456,8.1155,8.1313,8.7942,9.1225,8.7171,8.618,9.4884,8.1086,7.3298,8.285,10.6635,8.791,9.978,9.0772,6.919,8.9812,10.3001,9.4796,10.0363,10.0857,10.1145,7.8906,8.1848,9.4812,9.1568,10.8116,10.9176,10.2897,10.0247,8.6503,9.7041,10.7536,9.7799,10.6243,10.7937,7.6141,9.6509,10.4189,10.1742,11.1366,10.6993,9.3965,9.5189,9.3301,9.4373,10.8985,10.8311,9.6948,10.5569,9.3438,9.0965,10.6051,10.6568,10.282,10.5989,9.6379,8.5816,9.0379,11.2099,10.7972,10.7273,10.4625,10.529,8.7984,10.0815,11.1686,10.6717,10.0683,10.6936,10.6267,8.8934,9.6373,10.7028,10.6824,10.1905,10.669,10.8899,9.8916,9.7001,10.1688,10.6417,10.6667,9.5156,9.5449,8.8218,9.1612,9.3126,0
C-00627,4.6637,5.3742,4.183,4.8603,4.0902,4.4296,3.1586,5.025,5.9202,4.2615,4.5847,3.9018,3.8566,3.7205,4.9759,4.4238,5.4262,4.6414,4.0226,4.0719,2.9262,4.4361,4.8566,5.1003,4.6099,5.8089,3.285,3.6973,5.3582,5.0283,5.6281,5.7199,5.0229,3.2963,5.1774,6.0428,5.332,6.3215,4.8624,5.9421,3.898,4.1705,5.7044,5.2026,4.6239,5.5005,5.104,4.9482,5.6786,6.6523,6.5228,4.9958,5.8228,6.1135,5.4063,4.5141,5.9554,6.4092,5.9925,6.4803,6.4509,4.3068,4.956,5.366,6.0751,5.5991,6.3063,5.2688,4.9176,4.016,6.2659,4.8062,5.854,5.3113,7.2429,4.2525,4.4013,6.524,5.8594,6.0417,6.6304,5.6731,4.1987,4.7052,6.5169,6.3496,6.6227,6.297,5.503,4.6672,4.6099,5.6278,6.8252,7.1572,6.8834,5.7604,5.1735,4.0619,7.1628,6.1485,6.0164,5.6546,7.2756,4.971,4.7623,7.1713,5.6677,6.3864,6.9994,6.0612,4.0552,5.0714,5.8133,5.8756,6.2802,5.6291,6.1964,4.8835,5.5051,6.1948,0
C-00628,14.8059,15.514,14.7551,15.3306,14.8326,13.1857,13.7397,14.3894,15.5697,14.4944,15.2736,14.2955,13.3582,14.7546,15.3853,15.0308,14.5329,16.3701,15.56,14.0419,13.9877,15.2636,15.2653,16.0821,15.6595,15.3065,12.858,13.0137,14.4773,14.6173,14.6262,14.7876,15.192,14.384,14.7611,15.9922,15.5818,16.1798,15.2948,15.522,15.1151,14.8796,14.8578,15.1418,15.8352,15.3041,16.5681,14.908,13.4226,15.4509,14.907,15.3563,15.9773,16.1517,14.1646,14.214,15.146,15.8478,15.6924,16.3449,16.3376,14.4082,15.535,15.6094,15.8375,15.8882,15.9159,15.9155,14.9293,15.1857,15.0449,16.3264,14.6598,17.1928,16.3294,14.5914,14.7993,16.069,15.6505,16.037,16.0943,15.0324,14.3221,14.894,15.3303,15.9114,17.4522,15.8218,16.1277,15.0364,13.6974,16.7132,16.6219,15.9879,15.0817,16.3996,15.0267,14.9572,15.6721,15.4639,15.7536,16.3839,15.7505,15.3338,14.3617,15.3807,15.8477,14.6111,15.569,15.8873,13.59,14.8113,15.4689,15.295,16.048,15.2013,16.2479,16.0608,15.277,15.8178,0
C-00634,10.4895,10.3003,10.7622,10.9122,10.0115,9.8528,9.2643,9.9728,10.2888,10.7682,10.7971,11.1724,9.3669,8.9628,10.0062,10.5299,11.3296,11.0796,10.169,8.9298,9.7412,10.7519,10.9419,10.3952,11.723,11.7627,10.0994,9.4335,11.4208,10.6273,11.1346,9.9091,11.6936,9.7735,9.7193,12.6735,12.4485,11.1162,12.2698,11.3071,10.6182,10.1056,10.5762,11.4046,10.4558,11.2134,11.35,9.9019,10.9155,11.6667,11.2543,11.4535,11.0203,11.7683,9.7731,10.2767,12.1922,12.0956,12.5416,11.4022,12.666,9.8872,10.1081,11.404,12.6215,11.1976,10.6954,12.9535,10.3738,10.5024,11.9499,11.2588,11.6535,11.7216,11.9864,9.8072,10.7203,12.0667,11.1982,11.4372,10.7298,11.7853,11.3752,10.475,12.4708,10.5823,11.4069,12.5798,11.5118,10.987,10.6333,11.5405,11.4465,11.9357,11.3393,11.1793,10.1569,11.134,11.6533,11.8546,10.7717,11.876,11.6291,11.5778,10.1597,12.3382,11.7002,10.4075,12.0624,11.4239,10.5966,10.077,12.766,11.7184,12.7291,11.4352,12.2965,9.2804,9.6167,12.039,0
C-00637,3.8999,4.1706,5.0689,5.2339,4.3343,3.2134,2.7884,5.0542,4.832,4.9992,5.9166,5.5803,4.7671,3.8044,5.1332,5.0825,5.2557,4.9274,6.1794,3.1832,4.3868,5.1487,5.2722,5.6817,6.8676,6.1377,4.3444,3.8828,6.6028,5.2564,5.6949,6.0139,5.7718,4.1943,5.0185,5.668,6.4623,6.2072,6.3061,6.1074,5.533,5.053,6.1558,6.7244,6.2908,6.4261,7.372,5.713,4.6074,6.6553,6.7038,5.7145,6.2872,7.4499,5.6193,5.7892,7.0508,5.7606,6.1476,7.3509,7.552,4.5713,4.1392,6.5633,6.7588,6.732,6.959,6.0972,5.1688,4.5662,7.4401,7.4859,7.8271,7.2742,6.718,6.0472,5.0718,7.2053,6.2319,6.661,7.7415,7.4176,5.5224,6.0861,7.4332,6.8368,6.4248,6.0943,6.5158,5.4089,4.678,7.8668,6.368,6.2018,7.3959,6.1299,5.7789,6.7812,6.5668,7.2329,6.7804,7.9431,6.6913,5.1416,5.428,6.4333,6.9228,7.5232,6.6702,6.5539,4.8704,6.3714,5.858,6.7943,7.6404,6.4941,6.4212,4.9075,4.4989,6.2549,0
C-00638,12.803,11.8455,11.9087,11.7848,12.3117,10.7584,10.4345,12.2898,13.7105,12.0555,13.3096,11.5818,9.8812,12.0004,11.6622,12.0688,12.5468,12.815,13.8544,11.8712,11.6106,13.2302,12.2406,12.9908,13.0528,12.7805,11.2967,13.0051,14.3418,13.3142,13.9837,14.3636,14.2383,12.6916,12.338,14.348,14.1274,13.027,14.5541,14.3235,12.1193,13.4608,14.6977,13.892,14.0536,13.8432,15.5313,13.9332,12.1486,14.8023,13.9851,14.5186,15.3542,14.4204,12.5234,14.8164,15.6653,15.3494,13.9619,14.9655,13.502,13.5189,13.6342,14.6906,15.3468,14.9087,14.7397,14.9943,14.3223,12.7069,15.6324,15.8962,15.6355,15.4719,15.3487,14.2139,13.9013,15.4355,15.6422,16.3336,14.6776,16.0956,14.9564,12.6917,15.4886,14.783,15.8298,14.9156,15.6736,13.0886,13.4559,15.1207,14.7804,16.0361,15.9337,16.193,13.881,13.9861,15.3294,15.113,14.5886,14.8072,15.3951,14.7821,14.328,15.1094,14.793,15.9023,15.1251,15.279,14.6828,14.3473,15.0551,15.4938,15.2596,14.9029,14.7086,14.4343,14.6407,15.1464,0
C-00639,11.4114,11.0925,10.963,11.0067,11.1331,10.2318,9.3143,11.2802,11.2234,11.2008,10.7484,11.691,9.9999,9.9816,11.9618,11.035,11.3682,12.0992,11.0112,10.6029,11.3277,11.6326,12.666,11.7572,12.3593,11.7784,10.9396,9.9818,12.0325,12.1327,12.5496,12.1479,10.9958,11.0846,11.5817,11.8639,11.5077,11.9249,12.1666,12.4898,10.9874,10.9722,12.7412,12.2565,12.1569,13.1816,11.5915,10.7891,12.6414,12.6943,13.3378,12.9083,11.669,12.6217,11.0754,12.0293,13.1032,11.8995,12.7019,13.7777,12.6019,12.8148,12.6856,13.2017,12.9333,13.4301,13.2255,12.3483,12.6083,10.8127,13.4754,13.998,14.306,13.2919,13.88,11.3278,11.6419,12.449,14.644,13.1181,13.6982,13.8491,12.3514,12.6894,13.5251,13.9441,13.3395,13.9491,13.4162,10.9629,12.2217,13.5977,13.5928,13.7647,13.1639,13.2241,12.4767,12.1641,13.2899,13.6464,13.3141,14.3079,14.412,12.6006,12.6288,13.4597,13.0754,14.3276,13.9315,13.4905,12.8991,11.9656,14.4334,12.8663,13.2749,12.6602,12.818,11.744,10.8926,12.7978,0
C-00641,7.1697,7.9131,8.3998,8.2664,7.767,8.1367,6.2344,8.0371,7.7035,7.7932,9.2425,8.2704,7.6654,7.8224,9.1693,8.0352,8.6883,8.7973,8.4347,7.0824,7.5069,8.6651,8.9459,9.7306,9.48,8.1928,7.3255,8.6278,9.0972,9.4823,9.1548,9.1342,9.0864,7.9231,8.0335,9.7061,9.7244,10.7082,9.799,10.2208,9.2447,8.0885,10.0695,9.7864,10.2713,10.1849,10.4268,8.9646,9.6233,10.3537,9.4576,10.7026,10.2327,10.2145,8.0971,9.0328,11.4644,10.6567,10.3317,9.506,11.4236,10.6809,9.0408,11.5201,10.7308,11.5859,10.5844,10.0958,8.291,8.9819,11.5184,11.2681,11.3627,11.0353,10.7833,9.5653,9.3126,11.3804,11.0936,11.7035,10.6392,11.3668,10.0387,8.267,11.6269,11.0163,11.3763,11.0733,11.1215,9.5885,8.9429,11.3723,10.2205,10.7073,10.5065,12.0758,10.0442,9.7517,11.3086,11.7162,10.14,10.7577,11.3008,9.521,9.2596,10.6349,10.9719,11.4791,11.3831,11.0338,10.1384,10.6678,11.8554,11.7337,10.7106,10.4381,10.5188,9.661,10.1826,10.9927,0
C-00642,10.7808,10.0216,12.2758,11.2143,10.6561,10.2254,9.4446,11.6826,11.524,10.8686,12.4518,11.0758,9.1549,10.1867,11.7766,10.746,11.9881,11.2507,11.7982,10.4549,9.7249,11.1686,11.6688,11.7731,13.018,11.5127,9.4972,10.4277,11.4749,12.0197,12.5951,11.0107,11.8568,10.8594,10.778,12.3981,11.2947,12.2502,13.5103,11.8921,10.5892,11.2402,11.6685,12.6516,11.6163,12.5559,12.2612,10.9761,10.05,11.5934,12.2724,13.0646,10.7927,13.2083,10.917,10.0299,12.575,12.2379,12.9308,12.5189,11.9091,11.7999,12.6316,13.2713,12.585,12.2618,12.4097,13.3333,11.6219,11.0155,12.7973,12.3648,12.9695,12.3861,12.5602,11.6457,11.2549,12.0321,13.1223,12.9404,12.9607,13.3062,11.3208,11.2158,12.2713,12.1223,12.8066,12.8963,12.2928,10.6893,11.2403,13.2587,12.7169,12.7072,13.7428,12.6898,11.7627,11.0412,12.5617,13.2215,13.0689,12.9729,12.7319,10.9781,12.0904,12.6486,13.2686,13.1088,12.2038,12.7258,11.7692,12.1135,13.3648,13.1284,12.5568,12.1073,12.0107,11.4298,12.1471,12.3882,0
C-00645,11.2662,12.2592,12.0941,11.5279,11.1506,11.1598,10.0994,11.4915,12.6645,10.3184,12.4609,12.1837,10.4174,9.6445,11.7151,12.7648,12.7157,11.9841,12.1008,10.8982,10.8628,12.1731,11.8479,13.1161,11.5103,12.6141,10.6091,10.153,12.9334,12.2541,11.6359,11.7536,12.2477,11.1705,11.8999,11.4736,12.7388,13.4417,11.99,13.1313,10.2953,10.5413,12.2889,12.1028,12.7085,11.8945,12.212,10.1274,11.6741,11.6848,12.7267,12.9849,13.2994,12.8313,11.8721,12.0974,12.1182,12.9512,13.0474,12.9865,13.3984,11.9771,12.1161,13.0731,12.3804,12.5131,14.0873,13.4706,11.7204,11.9305,13.0874,12.7598,12.9677,13.0646,13.1665,12.778,11.7651,13.1527,12.2369,13.4298,13.1437,13.1466,11.2565,12.3743,13.4912,13.2069,13.6433,13.0716,13.5691,11.9,11.4559,12.1967,13.4617,13.2342,12.8437,13.8015,12.2088,12.0486,13.7942,13.3027,13.2478,12.8195,12.2709,12.8699,12.2288,13.0867,13.9088,13.5797,12.7836,12.4046,11.5601,12.4997,13.0551,13.2584,13.2663,12.4725,13.0747,11.1036,11.2219,13.3976,0
C-00646,5.6624,5.9889,4.8837,4.8752,6.2567,4.0269,4.6568,5.979,5.8844,5.8666,4.5923,6.6625,5.2894,5.4113,5.4699,5.069,5.1699,5.8087,6.3878,5.044,4.8569,6.7406,6.2984,6.413,6.1031,6.2869,4.878,4.7932,6.4142,6.6567,6.2965,6.3189,6.87,4.912,5.0141,7.2624,5.8773,6.099,6.4788,6.622,6.0584,7.0059,7.3275,7.094,7.8079,8.0599,7.3188,6.8814,6.1195,7.8795,6.5323,7.8888,8.2356,8.5537,4.7661,6.962,7.3314,6.5917,8.868,7.003,8.377,6.0791,6.6142,6.8346,8.4238,8.5069,8.5897,8.1267,5.1441,5.7288,8.5607,7.4619,7.3855,8.0207,6.9268,6.5351,6.5875,7.1969,8.5433,8.829,7.8322,7.3465,8.1996,7.3528,7.2905,8.2211,7.8617,8.7276,7.6527,7.2283,6.2435,9.1639,8.3163,7.2724,8.5842,7.972,6.8754,6.8919,7.9764,8.2812,7.2848,7.7744,8.0285,5.8954,6.6929,8.3845,8.1078,8.0091,8.3414,9.1545,6.92,6.9516,7.3021,7.6672,7.6653,7.2904,8.8401,6.2071,5.9374,7.9376,0
C-00648,10.0775,9.2898,9.1419,9.6785,9.5327,9.4544,9.3032,10.2286,8.9537,9.4395,10.5691,10.0513,7.8943,9.0456,9.1749,9.5593,8.8524,8.3825,8.81,9.2286,9.0372,10.5219,8.2805,10.9065,10.3904,10.4125,9.522,9.0169,10.0021,9.854,9.8787,9.6656,11.0712,9.4308,8.8416,11.2767,10.3129,10.5787,10.5727,9.4984,9.0697,8.91,10.6878,10.9229,11.1006,9.8151,10.5994,9.2861,10.3759,10.4635,10.8667,10.4422,9.7162,11.0511,8.9727,10.5654,11.21,11.5899,9.8867,11.0221,10.656,8.1181,9.4758,9.8557,11.1942,10.4331,10.6112,9.5187,9.5481,9.8244,10.6982,10.1279,9.871,10.8604,10.1685,9.2188,10.2136,10.7342,9.8369,10.1407,11.4658,11.4951,9.3712,8.4345,10.7458,10.9894,10.5411,10.7433,11.2257,10.1778,9.1922,9.5877,11.5968,10.3453,11.2764,10.797,9.4774,8.8933,11.9318,11.5097,10.6815,11.0252,11.1456,7.939,9.5762,11.3117,10.5547,11.5028,10.732,10.7861,9.0588,10.1331,10.5936,11.8392,10.6469,10.8559,11.6855,9.1626,10.5052,10.8697,0
C-00649,4.085,4.7529,3.1408,4.2501,4.9046,2.2961,3.3962,4.4315,4.2478,3.505,4.453,4.6116,3.0544,3.6431,4.073,5.2649,3.7669,4.2482,4.7679,2.7115,2.8433,4.2022,3.9354,4.963,5.4977,4.8441,3.6606,3.0808,4.2935,4.5298,4.242,4.1805,4.247,2.3496,4.9721,4.7413,4.7279,4.8657,3.7324,4.5591,3.8485,3.9369,5.3134,3.8927,4.6559,4.5733,6.198,5.2037,3.0643,5.7813,4.2125,4.0486,4.1731,3.6723,3.9456,4.3499,5.3844,3.8209,5.3884,4.7644,5.0343,4.4977,3.171,5.3473,5.2624,4.4109,5.2146,4.8062,3.7293,3.4416,5.3784,4.7588,5.57,5.4607,5.4425,3.608,3.8068,5.696,5.5576,5.5848,4.2461,5.3113,3.3489,3.4425,5.3327,6.5817,5.8535,4.5784,4.6757,4.2654,4.2867,4.8994,6.3177,5.1441,5.6664,6.4625,4.2296,3.5236,6.4512,5.0651,5.1697,4.748,5.9952,4.1478,5.5805,5.1401,6.8515,5.5487,4.4021,6.1161,3.0955,3.6944,6.0588,5.0913,3.752,5.1726,4.3205,2.9647,3.8209,4.9851,0
C-00650,12.3018,12.0641,11.742,12.9605,11.9948,10.1859,10.9384,12.2493,11.87,11.7093,12.6645,12.0258,10.8882,11.2407,12.3723,12.6314,11.638,12.6099,12.2096,11.62,11.5356,12.2717,12.3706,13.5673,12.8232,12.0398,11.0731,11.5223,11.8314,12.0632,13.2456,13.3756,13.0404,11.1236,10.8131,12.3509,12.3951,13.0234,11.8571,12.9848,10.9682,11.0944,12.0545,13.6363,13.6268,13.8442,12.6973,11.7431,12.2332,13.8718,13.6521,12.5904,12.8641,13.2805,11.6768,12.6155,14.3636,13.8126,13.4548,12.9638,14.3387,13.026,12.3904,13.8687,13.5304,12.9586,12.9487,14.2887,11.1625,11.8402,14.1297,13.4623,13.9346,13.3824,13.9422,10.8328,12.7401,12.8493,12.9076,12.5304,13.6314,12.1641,12.5491,14.0047,12.6078,13.5431,14.1453,14.507,13.0677,10.8273,11.4149,14.6669,13.6046,13.746,12.824,14.1478,12.0458,13.2453,14.2634,14.853,13.36,13.7236,13.1572,12.2237,11.9385,13.7411,12.3248,14.0923,13.1261,13.7523,13.5201,10.9922,13.0321,13.6136,14.0462,13.9649,12.7923,11.1427,10.7149,14.1916,0
C-00653,4.7161,4.4727,3.3604,4.8152,3.1554,1.7188,2.8353,4.4373,3.7857,5.4071,3.7059,3.9566,3.5977,3.3264,4.7827,4.0506,3.7192,5.0338,4.9788,3.5091,2.292,5.322,5.1976,5.1346,4.7256,3.8005,2.4835,3.6929,4.6252,5.1534,5.0978,4.0471,4.3834,3.2384,3.6847,5.1677,6.2424,4.9245,5.2082,4.8664,5.1263,3.9947,5.8138,4.4659,5.4736,4.9237,4.2914,3.7062,3.8036,5.923,5.6721,5.4952,4.9374,4.3095,4.0481,4.4601,4.681,4.5383,6.0413,3.6365,5.1177,4.2774,4.2612,4.9294,5.4788,5.2226,5.3222,5.3334,4.2433,4.218,6.2609,6.0623,5.7143,5.2951,6.2578,2.9765,3.6517,5.7251,5.2385,5.1106,6.1368,6.4549,4.7326,3.7219,5.56,5.776,5.4041,6.2083,5.086,4.2032,4.4153,5.5591,5.6737,6.2406,5.2362,4.4559,4.2897,4.617,5.9664,6.5407,5.297,5.1939,5.6818,3.482,3.6512,4.9296,5.7213,5.1671,5.637,5.6711,3.704,4.0245,7.3326,5.0115,4.9876,5.9555,4.4937,4.4732,4.4092,5.5837,0
C-00655,3.1955,3.7654,3.6873,3.6585,2.9619,3.1775,2.0902,3.9089,3.8685,4.3735,3.7009,4.4415,2.6582,1.8818,2.9244,3.7861,2.812,3.2596,3.9637,2.1576,3.5446,3.0542,4.3335,3.437,3.6919,3.1789,2.4527,1.7789,4.8621,3.6979,3.3229,3.807,4.2115,3.7476,1.6925,4.4317,4.0142,3.8705,3.0262,3.5323,3.6752,3.98,4.0434,4.4122,3.077,3.774,4.1498,3.93,2.4878,4.839,4.4484,3.979,4.7908,4.0688,2.2799,2.2021,4.9783,4.5127,4.1691,5.0274,3.7738,4.0899,2.8423,4.3438,4.0735,5.216,5.0679,3.8694,3.2206,4.619,4.4342,5.3567,5.6349,4.6895,4.7417,4.4682,3.8204,5.5845,5.3816,4.9273,5.1115,4.7668,4.6294,3.3933,2.5732,4.8446,5.2773,5.7866,4.3166,3.3264,4.1999,4.7525,5.7844,5.3393,5.0796,5.1894,3.4304,3.2539,4.4742,3.8132,5.6962,4.9482,5.8198,4.4053,3.5043,5.2539,5.0313,4.5911,4.2813,5.0561,2.9685,3.6186,5.0292,5.0095,4.3893,4.7506,5.0348,3.5739,2.8855,4.3159,0
